Product ID,Product Name,Description,Category,Brand,Option1 Name,Option1 Value,Option2 Name,Option2 Value,Option3 Name,Option3 Value,Option4 Name,Option4 Value,SKU/Product Code,Weight,Inventory Tracking,Stock Status,Stock,Price,List Price,Cost,Shipping Price,Warranty,Product URL,Image,Meta Title,Meta Description,Web Link,New Arrival,Featured,Active,
"2651799","ASUS ROG Gladius III Core Wired Ergonomic Gaming Mouse (P523 ROG GLADIUS III CORE)","An ROG classic refined for everyday gaming, the Gladius III Core retains the signature asymmetrical Gladius shape while adding Push-Fit Switch Sockets for hot-swappable mechanical switches. A precise 12,000 dpi sensor, ROG Micro Switch II buttons rated for 100 million clicks, and a comfortable 72-gram build make it a smart, accessible choice for home setups and gaming stations alike.","Gaming Peripherals > Gaming Mouse","ASUS",,,,,,,,,,"0.07","No","In Stock","0","11800.00",,"0.00","0.00",,"/asus-rog-gladius-iii-core-wired-ergonomic-gaming-mouse-p523-rog-gladius-iii-core","https://static3.webx.pk/files/91598/Images/5f137d28-7b77-4434-a888-96bd5f03cb90-91598-2651799-010826061842707.webp","ASUS ROG Gladius III Core Wired Gaming Mouse P523","Buy ASUS ROG Gladius III Core mouse at GB Tec — 12,000 dpi, hot-swappable switches, 72g ergonomic design. Nationwide delivery across Pakistan.",,"N","N","Y",
"2651799",,,,,,,,,,,,,,,,,,,,,,,,"https://static3.webx.pk/files/91598/Images/h732-2-91598-0-010826061709111.webp",,,,,,,
"2651799",,,,,,,,,,,,,,,,,,,,,,,,"https://static3.webx.pk/files/91598/Images/h732-4-91598-0-010826061711093.webp",,,,,,,
"2651799",,,,,,,,,,,,,,,,,,,,,,,,"https://static3.webx.pk/files/91598/Images/h732-91598-0-010826061713892.webp",,,,,,,
"2651799",,,,,,,,,,,,,,,,,,,,,,,,"https://static3.webx.pk/files/91598/Images/h732-3-91598-0-010826061721804.webp",,,,,,,
"2651799",,,,,,,,,,,,,,,,,,,,,,,,"https://static3.webx.pk/files/91598/Images/h732-1-91598-0-010826061723604.webp",,,,,,,
"2651803","ASUS ROG Gladius III Wireless AimPoint Gaming Mouse — Black (P711 ROG GIII WL AIMPOINT/BLACK)","A flagship wireless mouse in the renowned asymmetrical Gladius silhouette, the Gladius III Wireless AimPoint pairs a class-leading 36,000 dpi ROG AimPoint sensor with a 0ms-latency pivoted button mechanism, officially verified for NVIDIA Reflex Latency Analyzer. Tri-mode connectivity — 2.4GHz RF, Bluetooth (up to 3 devices), or wired USB — gives up to 143 hours of battery life in Bluetooth mode, while a lightweight 79-gram build keeps arm fatigue at bay through the longest gaming sessions.","Gaming Peripherals > Gaming Mouse","ASUS",,,,,,,,,,"0.08","No","In Stock","0","27000.00",,"0.00","0.00",,"/asus-rog-gladius-iii-wireless-aimpoint-gaming-mouse-black-p711-rog-giii-wl-aimpointblack","https://static3.webx.pk/files/91598/Images/asus-rog-gladius-iii-wireless-aimpoint-gaming-mouse-91598-2651803-010826063741506.webp","ASUS ROG Gladius III Wireless AimPoint Mouse P711","Buy ASUS ROG Gladius III Wireless AimPoint mouse at GB Tec — 36,000 dpi, tri-mode connectivity, up to 143hr battery. Nationwide delivery across Pakistan.",,"N","N","Y",
"2651803",,,,,,,,,,,,,,,,,,,,,,,,"https://static3.webx.pk/files/91598/Images/h732-2-91598-0-010826063525488.webp",,,,,,,
"2651803",,,,,,,,,,,,,,,,,,,,,,,,"https://static3.webx.pk/files/91598/Images/h732-3-91598-0-010826063525556.webp",,,,,,,
"2651803",,,,,,,,,,,,,,,,,,,,,,,,"https://static3.webx.pk/files/91598/Images/h732-91598-0-010826063526911.webp",,,,,,,
"2651805","ASUS ROG Harpe Ace Aim Lab Edition Wireless Gaming Mouse — Black (P713 ROG HARPE ACE AIM LAB EDITION/BLACK)","Born from a collaboration between ROG and Aim Lab, the Harpe Ace Aim Lab Edition is an ultralight 54-gram esports mouse engineered with input from world-record aimers and top esports professionals. Its bio-based nylon construction, 36,000 dpi ROG AimPoint sensor, and exclusive Aim Lab Settings Optimizer — which analyzes your play style to tailor mouse settings — combine to give competitive and aspiring gamers a genuine performance edge.","Gaming Peripherals > Gaming Mouse","ASUS",,,,,,,,,,"0.05","No","In Stock","0","29500.00",,"0.00","0.00",,"/asus-rog-harpe-ace-aim-lab-edition-wireless-gaming-mouse-black-p713-rog-harpe-ace-aim-lab-edition","https://static3.webx.pk/files/91598/Images/asus-rog-harpe-ace-aim-lab-edition-wireless-gaming-mouse-91598-2651805-010826064556905.webp","ASUS ROG Harpe Ace Aim Lab Edition Mouse P713","Buy ASUS ROG Harpe Ace Aim Lab Edition mouse at GB Tec — 54g ultralight, 36,000 dpi, Aim Lab optimizer, tri-mode. Nationwide delivery across Pakistan.",,"N","N","Y",
"2651805",,,,,,,,,,,,,,,,,,,,,,,,"https://static3.webx.pk/files/91598/Images/h732-5-91598-0-010826063922284.webp",,,,,,,
"2651805",,,,,,,,,,,,,,,,,,,,,,,,"https://static3.webx.pk/files/91598/Images/h732-4-91598-0-010826063922092.webp",,,,,,,
"2651805",,,,,,,,,,,,,,,,,,,,,,,,"https://static3.webx.pk/files/91598/Images/h732-1-91598-0-010826063923942.webp",,,,,,,
"2651805",,,,,,,,,,,,,,,,,,,,,,,,"https://static3.webx.pk/files/91598/Images/h732-91598-2651805-010826064618247.webp",,,,,,,
"2651867","ASUS ROG Harpe Ace Mini Wireless Gaming Mouse — Black (P716 ROG HARPE ACE MINI/BLACK)","A refined, smaller take on the pro-approved Harpe Ace, the Harpe Ace Mini shortens the length and shallows the hump to fit a wider range of hand sizes and grip styles. At just 49 grams, its innovative bio-based nylon shell pairs with a 42,000 dpi ROG AimPoint Pro sensor and support for up to 8,000 Hz polling (with the included ROG Polling Rate Booster), giving competitive gamers pro-tier precision in a genuinely compact frame.","Gaming Peripherals > Gaming Mouse","ASUS",,,,,,,,,,"0.05","No","In Stock","0","35000.00",,"0.00","0.00",,"/asus-rog-harpe-ace-mini-wireless-gaming-mouse-black-p716-rog-harpe-ace-miniblack","https://static3.webx.pk/files/91598/Images/asus-rog-harpe-ace-mini-wireless-gaming-mouse-p716-91598-2651867-010826100516907.webp","ASUS ROG Harpe Ace Mini Wireless Gaming Mouse P716","Buy ASUS ROG Harpe Ace Mini mouse at GB Tec — 42,000 dpi, 49g ultralight, tri-mode wireless, 8000Hz polling. Nationwide delivery across Pakistan.",,"N","N","Y",
"2651867",,,,,,,,,,,,,,,,,,,,,,,,"https://static3.webx.pk/files/91598/Images/h732-3-91598-0-010826100335504.webp",,,,,,,
"2651867",,,,,,,,,,,,,,,,,,,,,,,,"https://static3.webx.pk/files/91598/Images/h732-2-91598-0-010826100335362.webp",,,,,,,
"2651867",,,,,,,,,,,,,,,,,,,,,,,,"https://static3.webx.pk/files/91598/Images/h732-4-91598-0-010826100335388.webp",,,,,,,
"2651867",,,,,,,,,,,,,,,,,,,,,,,,"https://static3.webx.pk/files/91598/Images/h732-91598-0-010826100337209.webp",,,,,,,
"2651867",,,,,,,,,,,,,,,,,,,,,,,,"https://static3.webx.pk/files/91598/Images/h732-5-91598-0-010826100337114.webp",,,,,,,
"2651867",,,,,,,,,,,,,,,,,,,,,,,,"https://static3.webx.pk/files/91598/Images/h732-1-91598-0-010826100337037.webp",,,,,,,
"2651871","ASUS ROG Harpe II Ace Wireless Gaming Mouse (P723 ROG HARPE II ACE)","Shaped in collaboration with world-class esports professionals (including pro VALORANT player Demon1), the Harpe II Ace is an ultralight 48-gram wireless mouse built for absolute precision. It's the first ROG mouse with native ROG SpeedNova 8K wireless technology — delivering true 8,000 Hz polling with no booster required — paired with a 42,000 dpi ROG AimPoint Pro sensor for tournament-grade responsiveness straight out of the box.","Gaming Peripherals > Gaming Mouse","ASUS",,,,,,,,,,"0.05","No","In Stock","0","35000.00",,"0.00","0.00",,"/asus-rog-harpe-ii-ace-wireless-gaming-mouse-p723-rog-harpe-ii-ace","https://static3.webx.pk/files/91598/Images/rog-harpe-ace-mini-blue-1200x1200-2-91598-2651871-010826103536783.webp","ASUS ROG Harpe II Ace Wireless Gaming Mouse P723","Buy ASUS ROG Harpe II Ace mouse at GB Tec — native 8000Hz wireless, 48g ultralight, 42,000 dpi AimPoint Pro. Nationwide delivery across Pakistan.",,"N","N","Y",
"2651871",,,,,,,,,,,,,,,,,,,,,,,,"https://static3.webx.pk/files/91598/Images/h732-2-91598-0-010826103022085.webp",,,,,,,
"2651871",,,,,,,,,,,,,,,,,,,,,,,,"https://static3.webx.pk/files/91598/Images/h732-3-91598-0-010826103021959.webp",,,,,,,
"2651871",,,,,,,,,,,,,,,,,,,,,,,,"https://static3.webx.pk/files/91598/Images/h732-4-91598-0-010826103022362.webp",,,,,,,
"2651871",,,,,,,,,,,,,,,,,,,,,,,,"https://static3.webx.pk/files/91598/Images/h732-91598-0-010826103023837.webp",,,,,,,
"2651871",,,,,,,,,,,,,,,,,,,,,,,,"https://static3.webx.pk/files/91598/Images/h732-1-91598-0-010826103023590.webp",,,,,,,
"2651800","ASUS ROG Harpe Mini Core Wired Ambidextrous Gaming Mouse (P524 ROG HARPE MINI CORE)","Designed with input from pro gamers, the Harpe Mini Core carries the same pro-approved symmetrical shape as the flagship Harpe Ace Mini into a more accessible, value-focused package. At just 52 grams, its lightweight shell delivers pinpoint control for claw and fingertip grips, backed by a precise 12,000 dpi sensor, swappable ROG Micro Switch II buttons, and browser-based Gear Link configuration — no software download required.","Gaming Peripherals > Gaming Mouse","ASUS",,,,,,,,,,"0.05","No","In Stock","0","14500.00",,"0.00","0.00",,"/asus-rog-harpe-mini-core-wired-ambidextrous-gaming-mouse-p524-rog-harpe-mini-core","https://static3.webx.pk/files/91598/Images/asus-rog-harpe-mini-core-wired-gaming-mouse-p524-91598-2651800-010826062528985.webp","ASUS ROG Harpe Mini Core Wired Gaming Mouse P524","Buy ASUS ROG Harpe Mini Core mouse at GB Tec — 12,000 dpi, 52g lightweight, hot-swappable switches, RGB. Nationwide delivery across Pakistan.",,"N","N","Y",
"2651800",,,,,,,,,,,,,,,,,,,,,,,,"https://static3.webx.pk/files/91598/Images/h732-2-91598-0-010826062234473.webp",,,,,,,
"2651800",,,,,,,,,,,,,,,,,,,,,,,,"https://static3.webx.pk/files/91598/Images/h732-3-91598-0-010826062234740.webp",,,,,,,
"2651800",,,,,,,,,,,,,,,,,,,,,,,,"https://static3.webx.pk/files/91598/Images/h732-91598-0-010826062236218.webp",,,,,,,
"2651800",,,,,,,,,,,,,,,,,,,,,,,,"https://static3.webx.pk/files/91598/Images/h732-1-91598-0-010826062242564.webp",,,,,,,
"2651806","ASUS ROG Keris II Ace Wireless Gaming Mouse — Black (P714 ROG KERIS II WL ACE/BLACK)","Successor to the acclaimed Keris line, the Keris II Ace pairs a groundbreaking 42,000 dpi ROG AimPoint Pro optical sensor with track-on-glass capability for elite tracking precision. A pro-tested right-handed shape, ROG Optical Micro Switches rated for 100 million clicks, and support for the included ROG Polling Rate Booster (up to 8,000 Hz wired, 4,000 Hz wireless) combine to deliver a genuinely competition-ready mouse at just 54 grams.","Gaming Peripherals > Gaming Mouse","ASUS",,,,,,,,,,"0.05","No","In Stock","0","33000.00",,"0.00","0.00",,"/asus-rog-keris-ii-ace-wireless-gaming-mouse-black-p714-rog-keris-ii-wl-aceblack","https://static3.webx.pk/files/91598/Images/asus-rog-keris-ii-ace-wireless-gaming-mouse-91598-2651806-010826065253972.webp","ASUS ROG Keris II Ace Wireless Gaming Mouse P714","Buy ASUS ROG Keris II Ace mouse at GB Tec — 42,000 dpi, 8000Hz polling, 54g ultralight, tri-mode. Nationwide delivery across Pakistan.",,"N","N","Y",
"2651806",,,,,,,,,,,,,,,,,,,,,,,,"https://static3.webx.pk/files/91598/Images/h732-3-91598-0-010826064946193.webp",,,,,,,
"2651806",,,,,,,,,,,,,,,,,,,,,,,,"https://static3.webx.pk/files/91598/Images/h732-4-91598-0-010826064946473.webp",,,,,,,
"2651806",,,,,,,,,,,,,,,,,,,,,,,,"https://static3.webx.pk/files/91598/Images/h732-2-91598-0-010826064946757.webp",,,,,,,
"2651806",,,,,,,,,,,,,,,,,,,,,,,,"https://static3.webx.pk/files/91598/Images/h732-91598-0-010826064948046.webp",,,,,,,
"2651868","ASUS ROG Keris II Origin Wireless Gaming Mouse (P722 ROG KERIS II ORIGIN)","An esports-pro-tested ergonomic mouse, the Keris II Origin combines a lethal blend of performance and gaming immersion at just 65 grams. Its 42,000 dpi ROG AimPoint Pro sensor delivers precise tracking with track-on-glass technology, while individually customizable 3-zone RGB lighting, hot-swappable Push-Fit Switch Socket II switches, and up to 127 hours of battery life round out a well-equipped, everyday-competitive mouse.","Gaming Peripherals > Gaming Mouse","ASUS",,,,,,,,,,"0.07","No","In Stock","0","29800.00",,"0.00","0.00",,"/asus-rog-keris-ii-origin-wireless-gaming-mouse-p722-rog-keris-ii-origin","https://static3.webx.pk/files/91598/Images/asus-rog-keris-ii-origin-wireless-gaming-mouse-p722-91598-2651868-010826102732593.webp","ASUS ROG Keris II Origin Wireless Gaming Mouse P722","Buy ASUS ROG Keris II Origin mouse at GB Tec — 42,000 dpi, 65g ergonomic, tri-mode wireless, 127hr battery. Nationwide delivery across Pakistan.",,"N","N","Y",
"2651868",,,,,,,,,,,,,,,,,,,,,,,,"https://static3.webx.pk/files/91598/Images/h732-5-91598-0-010826100753871.webp",,,,,,,
"2651868",,,,,,,,,,,,,,,,,,,,,,,,"https://static3.webx.pk/files/91598/Images/h732-4-91598-0-010826100754288.webp",,,,,,,
"2651868",,,,,,,,,,,,,,,,,,,,,,,,"https://static3.webx.pk/files/91598/Images/h732-3-91598-0-010826100754064.webp",,,,,,,
"2651868",,,,,,,,,,,,,,,,,,,,,,,,"https://static3.webx.pk/files/91598/Images/h732-2-91598-0-010826100755475.webp",,,,,,,
"2651868",,,,,,,,,,,,,,,,,,,,,,,,"https://static3.webx.pk/files/91598/Images/h732-91598-0-010826100755950.webp",,,,,,,
"2651868",,,,,,,,,,,,,,,,,,,,,,,,"https://static3.webx.pk/files/91598/Images/h732-1-91598-0-010826100755846.webp",,,,,,,
"2651802","ASUS ROG Keris Wireless AimPoint Gaming Mouse — Black (P709 ROG KERIS WL AIMPOINT/BLACK)","An ergonomically designed right-handed mouse built for competitive gaming, the ROG Keris Wireless AimPoint pairs a precise 36,000 dpi ROG AimPoint optical sensor with tri-mode connectivity for maximum flexibility. ROG SpeedNova wireless technology delivers low-latency 2.4GHz performance for up to 119 hours, while swappable Push-Fit Switch Socket II buttons and a lightweight 75-gram build reduce fatigue during marathon gaming sessions.","Gaming Peripherals > Gaming Mouse","ASUS",,,,,,,,,,"0.08","No","In Stock","0","20000.00",,"0.00","0.00",,"/asus-rog-keris-wireless-aimpoint-gaming-mouse-black-p709-rog-keris-wl-aimpointblack","https://static3.webx.pk/files/91598/Images/asus-rog-keris-wireless-aimpoint-gaming-mouse-black-p709-rog-91598-2651802-010826063402157.webp","ASUS ROG Keris Wireless AimPoint Gaming Mouse P709","Buy ASUS ROG Keris Wireless AimPoint mouse at GB Tec — 36,000 dpi, tri-mode connectivity, 119hr battery, 75g. Nationwide delivery across Pakistan.",,"N","N","Y",
"2651802",,,,,,,,,,,,,,,,,,,,,,,,"https://static3.webx.pk/files/91598/Images/h732-2-91598-0-010826063057745.webp",,,,,,,
"2651802",,,,,,,,,,,,,,,,,,,,,,,,"https://static3.webx.pk/files/91598/Images/h732-91598-0-010826063058132.webp",,,,,,,
"2651802",,,,,,,,,,,,,,,,,,,,,,,,"https://static3.webx.pk/files/91598/Images/h732-1-91598-0-010826063102540.webp",,,,,,,
"2651798","ASUS TUF Gaming M3 Gen II Wired Optical Gaming Mouse (P309 TUF GAMING M3 GEN II)","Designed specifically for right-handed gamers, the TUF Gaming M3 Gen II is an ultralight 59-gram wired mouse with a shell contoured for comfortable, all-day handling. An 8000 dpi optical sensor delivers pixel-precise tracking, while IP56 dust and water resistance, ASUS Antibacterial Guard, and 60-million-click switches provide durability that holds up through intense gaming marathons — all finished off with customizable Aura Sync RGB lighting.","Gaming Peripherals > Gaming Mouse","ASUS",,,,,,,,,,"0.06","No","In Stock","0","6500.00",,"0.00","0.00",,"/asus-tuf-gaming-m3-gen-ii-wired-optical-gaming-mouse-p309-tuf-gaming-m3-gen-ii","https://static3.webx.pk/files/91598/Images/asus-tuf-gaming-m3-gen-ii-wired-mouse-p309-91598-2651798-010826061411457.webp","ASUS TUF Gaming M3 Gen II Wired Mouse P309","Buy ASUS TUF Gaming M3 Gen II mouse at GB Tec — 8000 dpi, 59g lightweight, IP56 resistant, Aura Sync RGB. Nationwide delivery across Pakistan.",,"N","N","Y",
"2651798",,,,,,,,,,,,,,,,,,,,,,,,"https://static3.webx.pk/files/91598/Images/fwebp-3-91598-0-010826061132004.webp",,,,,,,
"2651798",,,,,,,,,,,,,,,,,,,,,,,,"https://static3.webx.pk/files/91598/Images/fwebp-2-91598-0-010826061132435.webp",,,,,,,
"2651798",,,,,,,,,,,,,,,,,,,,,,,,"https://static3.webx.pk/files/91598/Images/fwebp-4-91598-0-010826061133591.webp",,,,,,,
"2651798",,,,,,,,,,,,,,,,,,,,,,,,"https://static3.webx.pk/files/91598/Images/fwebp-1-91598-0-010826061133455.webp",,,,,,,
"2651798",,,,,,,,,,,,,,,,,,,,,,,,"https://static3.webx.pk/files/91598/Images/fwebp-91598-0-010826061133929.webp",,,,,,,
"2651797","ASUS TUF Gaming M4 Wireless Optical Gaming Mouse (P306 TUF GAMING M4 WL)","A compact, ultra-lightweight wireless mouse built for prolonged gaming sessions, the TUF Gaming M4 Wireless combines a precise 12,000 dpi optical sensor with dual 2.4GHz/Bluetooth connectivity for stable, reliable performance. Its ambidextrous design weighs just 62 grams, while an antibacterial PBT top cover, 100% PTFE mouse feet, and flexible AA/AAA battery support round out a durable, comfortable everyday gaming companion.","Gaming Peripherals > Gaming Mouse","ASUS",,,,,,,,,,"0.06","No","In Stock","0","12500.00",,"0.00","0.00",,"/asus-tuf-gaming-m4-wireless-optical-gaming-mouse-p306-tuf-gaming-m4-wl","https://static3.webx.pk/files/91598/Images/asus-tuf-gaming-m4-wireless-mouse-p306-91598-2651797-010826060731403.webp","ASUS TUF Gaming M4 Wireless Mouse P306","Buy ASUS TUF Gaming M4 Wireless mouse at GB Tec — 12,000 dpi, dual wireless, 62g lightweight, antibacterial design. Nationwide delivery across Pakistan.",,"N","N","Y",
"2651797",,,,,,,,,,,,,,,,,,,,,,,,"https://static3.webx.pk/files/91598/Images/fwebp-2-91598-0-010826060555346.webp",,,,,,,
"2651797",,,,,,,,,,,,,,,,,,,,,,,,"https://static3.webx.pk/files/91598/Images/fwebp-1-91598-0-010826060556540.webp",,,,,,,
"2651797",,,,,,,,,,,,,,,,,,,,,,,,"https://static3.webx.pk/files/91598/Images/fwebp-3-91598-0-010826060556409.webp",,,,,,,
"2651797",,,,,,,,,,,,,,,,,,,,,,,,"https://static3.webx.pk/files/91598/Images/fwebp-91598-0-010826060600872.webp",,,,,,,
"2657625","Rapoo EV250 Silent Vertical Ergonomic Wireless Mouse","Designed to reduce wrist strain during long work sessions, the Rapoo EV250 uses a scientific 60° vertical shape to keep your wrist in a natural, neutral ""handshake"" position. Silent micro-switches eliminate up to 90% of click noise for distraction-free use, while an adjustable 1600 DPI sensor and up to 9 months of battery life round out a comfortable, reliable wireless mouse for office and home use.","Gaming Peripherals > Gaming Mouse","Rapoo",,,,,,,,,,"0.09","No","In Stock","0","4375.00",,"0.00","0.00",,"/rapoo-ev250-silent-vertical-ergonomic-wireless-mouse","https://static3.webx.pk/files/91598/Images/c4cde5b5-440b-473d-be7b-9f2cba6723ea-91598-2657625-110826070747267.webp","Rapoo EV250 Silent Ergonomic Wireless Mouse","Buy Rapoo EV250 ergonomic wireless mouse at GB Tec — vertical design, silent clicks, 1600 DPI, 9-month battery. Nationwide delivery across Pakistan.",,"N","N","Y",
"2657625",,,,,,,,,,,,,,,,,,,,,,,,"https://static3.webx.pk/files/91598/Images/ev250-2-600x375-91598-0-110826070629881.webp",,,,,,,
"2657625",,,,,,,,,,,,,,,,,,,,,,,,"https://static3.webx.pk/files/91598/Images/ev250-1-600x375-91598-0-110826070630095.webp",,,,,,,
"2657623","Rapoo M300 Silent Multi-Mode Wireless Optical Mouse — Dark Grey / Light Grey","Built for multi-tasking professionals, the Rapoo M300 Silent connects to up to 3 devices via Bluetooth 3.0/4.0/5.0 or the 2.4GHz Nano USB receiver, switching between them at the click of a button. Silent-click switches keep noise to a minimum for shared or late-night workspaces, while an adjustable 600–1600 DPI sensor and up to 9 months of battery life round out a comfortable, reliable everyday wireless mouse.","Gaming Peripherals > Gaming Mouse","Rapoo",,,,,,,,,,"0.08","No","In Stock","0","3250.00",,"0.00","0.00",,"/rapoo-m300-silent-multimode-wireless-optical-mouse-dark-grey-light-grey","https://static3.webx.pk/files/91598/Images/rapoo-m300-silent-multi-mode-wireless-mouse-91598-2657623-110826065134227.webp","Rapoo M300 Silent Multi-Mode Wireless Mouse","Buy Rapoo M300 Silent wireless mouse at GB Tec — Bluetooth + 2.4GHz, silent clicks, 9-month battery life. Nationwide delivery across Pakistan.",,"N","N","Y",
"2657624","Rapoo MT760L Rechargeable Tri-Mode Wireless Mouse","Built for multitaskers and hybrid professionals, the Rapoo MT760L offers tri-mode connectivity — Bluetooth 4.0/5.0, 2.4GHz wireless, and USB-C wired — switching seamlessly between up to 4 paired devices. A premium-feel aluminum scroll wheel, near-silent clicks, and Rapoo's M+ cross-computer file transfer technology (Windows-exclusive) combine with up to 90 days of battery life for a genuinely productivity-first wireless mouse.","Gaming Peripherals > Gaming Mouse","Rapoo",,,,,,,,,,"0.10","No","In Stock","0","11445.00",,"0.00","0.00",,"/rapoo-mt760l-rechargeable-trimode-wireless-mouse","https://static3.webx.pk/files/91598/Images/c8c9913e-016c-4cd4-b438-63b839c184ec-91598-2657624-110826070250551.webp","Rapoo MT760L Tri-Mode Rechargeable Wireless Mouse","Buy Rapoo MT760L Tri-Mode wireless mouse at GB Tec — Bluetooth, 2.4GHz, USB-C, 4000 DPI, 90-day battery. Nationwide delivery across Pakistan.",,"N","N","Y",
"2657622","Rapoo N200 Wired Optical Mouse — Black","A practical, no-nonsense mouse for everyday tasks, the Rapoo N200 offers reliable USB wired connectivity and smooth optical tracking for office work, browsing, and casual use. Its symmetrical, ergonomic design suits both left- and right-handed users, while plug-and-play functionality means no drivers or software installation are needed — just plug it in and go.
","Gaming Peripherals > Gaming Mouse","Rapoo",,,,,,,,,,"0.07","No","In Stock","0","745.00",,"0.00","0.00",,"/rapoo-n200-wired-optical-mouse-black","https://static3.webx.pk/files/91598/Images/rapoo-n200-wired-optical-mouse-black-91598-2657622-110826064653321.webp","Rapoo N200 Wired Optical Mouse Black","Buy Rapoo N200 wired mouse in Black at GB Tec — 1600 DPI, plug-and-play, ergonomic design for everyday use. Nationwide delivery across Pakistan.",,"N","N","Y",
"2650211","ASUS ROG Azoth 75% Wireless Custom Gaming Keyboard — NX Snow Switch, PBT Keycaps (M701 ROG AZOTH/NXSW/US/PBT)","Bringing premium custom-keyboard features to a ready-to-use package, the ROG Azoth pairs a metal top cover with a silicone gasket mount and three-layer dampening foam for a refined, DIY-quality typing feel. Its hot-swappable, pre-lubed ROG NX Snow linear switches, 2-inch OLED display, and tri-mode connectivity (Bluetooth, 2.4GHz SpeedNova, and wired USB-C) combine enthusiast-grade customization with genuine everyday versatility — it was named Best Gaming Keyboard at CES 2023.","Gaming Peripherals > Keyboard","ASUS",,,,,,,,,,"1.19","No","In Stock","0","65000.00",,"0.00","0.00",,"/asus-rog-azoth-75-wireless-custom-gaming-keyboard-nx-snow-switch-pbt-keycaps-m701-rog-azothnxs","https://static3.webx.pk/files/91598/Images/asus-rog-azoth-75-wireless-custom-keyboard-m701-91598-2650211-290726082557243.webp","ASUS ROG Azoth 75% Wireless Custom Keyboard M701","Buy ASUS ROG Azoth wireless keyboard at GB Tec — hot-swappable NX Snow switches, OLED display, tri-mode connectivity. Nationwide delivery across Pakistan",,"N","N","Y",
"2650211",,,,,,,,,,,,,,,,,,,,,,,,"https://static3.webx.pk/files/91598/Images/h732-4-91598-0-290726082249448.webp",,,,,,,
"2650211",,,,,,,,,,,,,,,,,,,,,,,,"https://static3.webx.pk/files/91598/Images/h732-5-91598-0-290726082249214.webp",,,,,,,
"2650211",,,,,,,,,,,,,,,,,,,,,,,,"https://static3.webx.pk/files/91598/Images/h732-3-91598-0-290726082250028.webp",,,,,,,
"2650211",,,,,,,,,,,,,,,,,,,,,,,,"https://static3.webx.pk/files/91598/Images/h732-1-91598-0-290726082251381.webp",,,,,,,
"2650211",,,,,,,,,,,,,,,,,,,,,,,,"https://static3.webx.pk/files/91598/Images/h732-2-91598-0-290726082251822.webp",,,,,,,
"2650211",,,,,,,,,,,,,,,,,,,,,,,,"https://static3.webx.pk/files/91598/Images/h732-91598-0-290726082252612.webp",,,,,,,
"2650214","ASUS ROG Azoth X 75% Wireless Custom Gaming Keyboard — NX Snow V2 Switch, PBT Keycaps (M704 ROG AZOTH X/NXSWV2/US/PBT)","The successor to the original Azoth, the Azoth X adds a south-facing PCB for broader switch/keycap compatibility, an FR4 positioning plate for crisp acoustics, and striking ""Stellar-themed"" semi-translucent keycaps that let RGB shine through on three sides. Hot-swappable ROG NX Snow V2 switches, five-layer dampening with a silicone gasket mount, and tri-mode connectivity with up to 1,600 hours of battery life combine enthusiast-grade customization with genuine everyday reliability.","Gaming Peripherals > Keyboard","ASUS",,,,,,,,,,"1.19","No","In Stock","0","69000.00",,"0.00","0.00",,"/asus-rog-azoth-x-75-wireless-custom-gaming-keyboard-nx-snow-v2-switch-pbt-keycaps-m704-rog-azot","https://static3.webx.pk/files/91598/Images/asus-rog-azoth-x-75-wireless-custom-gaming-keyboard-91598-2650214-290726082922425.webp","ASUS ROG Azoth X 75% Wireless Keyboard M704","Buy ASUS ROG Azoth X wireless keyboard at GB Tec — hot-swappable NX Snow V2 switches, OLED display, 1600hr battery. Nationwide delivery across Pakistan.",,"N","N","Y",
"2650214",,,,,,,,,,,,,,,,,,,,,,,,"https://static3.webx.pk/files/91598/Images/h732-5-91598-0-290726082729410.webp",,,,,,,
"2650214",,,,,,,,,,,,,,,,,,,,,,,,"https://static3.webx.pk/files/91598/Images/h732-91598-0-290726082732682.webp",,,,,,,
"2650214",,,,,,,,,,,,,,,,,,,,,,,,"https://static3.webx.pk/files/91598/Images/h732-1-91598-0-290726082731937.webp",,,,,,,
"2650214",,,,,,,,,,,,,,,,,,,,,,,,"https://static3.webx.pk/files/91598/Images/h732-4-91598-0-290726082729639.webp",,,,,,,
"2650214",,,,,,,,,,,,,,,,,,,,,,,,"https://static3.webx.pk/files/91598/Images/h732-6-91598-0-290726082729776.webp",,,,,,,
"2650214",,,,,,,,,,,,,,,,,,,,,,,,"https://static3.webx.pk/files/91598/Images/h732-3-91598-0-290726082731115.webp",,,,,,,
"2650214",,,,,,,,,,,,,,,,,,,,,,,,"https://static3.webx.pk/files/91598/Images/h732-2-91598-0-290726082731482.webp",,,,,,,
"2650216","ASUS ROG Claymore II Wireless Modular Gaming Keyboard — RX Red Switch, PBT Keycaps (MA02 ROG CLAYMORE II/RD/US/PBT)","An elite modular gaming keyboard, the ROG Claymore II features a detachable numpad that clips onto either side of the 80% keyboard — or removes entirely for TKL mode — to suit your preferred setup. ROG RX Red optical mechanical switches deliver a superfast 1ms response in both wired and 2.4GHz wireless modes, while a 4000mAh battery, USB-C fast charging, and a magnetic wrist rest round out a versatile, premium package for serious gamers.","Gaming Peripherals > Keyboard","ASUS",,,,,,,,,,"1.16","No","In Stock","0","65000.00",,"0.00","0.00",,"/asus-rog-claymore-ii-wireless-modular-gaming-keyboard-rx-red-switch-pbt-keycaps-ma02-rog-claymor","https://static3.webx.pk/files/91598/Images/asus-rog-claymore-ii-modular-wireless-keyboard-ma02-91598-0-290726083703506.webp","ASUS ROG Claymore II Modular Wireless Keyboard MA02","Buy ASUS ROG Claymore II modular keyboard at GB Tec — detachable numpad, RX Red switches, wireless 2.4GHz, 43hr battery. Nationwide delivery across Pakistan.",,"N","N","Y",
"2650216",,,,,,,,,,,,,,,,,,,,,,,,"https://static3.webx.pk/files/91598/Images/h732-6-91598-0-290726083539176.webp",,,,,,,
"2650216",,,,,,,,,,,,,,,,,,,,,,,,"https://static3.webx.pk/files/91598/Images/h732-5-91598-0-290726083539235.webp",,,,,,,
"2650216",,,,,,,,,,,,,,,,,,,,,,,,"https://static3.webx.pk/files/91598/Images/h732-4-91598-0-290726083539753.webp",,,,,,,
"2650216",,,,,,,,,,,,,,,,,,,,,,,,"https://static3.webx.pk/files/91598/Images/h732-3-91598-0-290726083541754.webp",,,,,,,
"2650216",,,,,,,,,,,,,,,,,,,,,,,,"https://static3.webx.pk/files/91598/Images/h732-2-91598-0-290726083542123.webp",,,,,,,
"2650216",,,,,,,,,,,,,,,,,,,,,,,,"https://static3.webx.pk/files/91598/Images/h732-1-91598-0-290726083542473.webp",,,,,,,
"2650215","ASUS ROG Falchion Ace 75 HE — Hall Effect Magnetic Switch Gaming Keyboard, PBT Keycaps (M705 ROG FALCHION ACE 75HE/BK/V2/US/PBT)","Building on the success of the original Falchion Ace HFX, the 75 HE moves to a roomier 75% layout with upgraded ROG HFX V2 magnetic switches and a new ROG Hall Sensor for improved precision and reduced electrical noise. A physical adjustment wheel lets you fine-tune actuation point and Rapid Trigger sensitivity without touching software, while an 8000 Hz polling rate, six-layer dampening, and web-based Gear Link configuration make it one of ASUS's most refined competitive keyboards to date.","Gaming Peripherals > Keyboard","ASUS",,,,,,,,,,"1.40","No","In Stock","0","48500.00",,"0.00","0.00",,"/asus-rog-falchion-ace-75-he-hall-effect-magnetic-switch-gaming-keyboard-pbt-keycaps-m705-rog-fal","https://static3.webx.pk/files/91598/Images/asus-rog-falchion-ace-75-he-91598-2650215-290726083252848.webp","ASUS ROG Falchion Ace 75 HE Magnetic Keyboard M705","Buy ASUS ROG Falchion Ace 75 HE keyboard at GB Tec — HFX V2 magnetic switches, 8000Hz polling, adjustment wheel. Nationwide delivery across Pakistan.",,"N","N","Y",
"2650215",,,,,,,,,,,,,,,,,,,,,,,,"https://static3.webx.pk/files/91598/Images/h732-5-91598-0-290726083140438.webp",,,,,,,
"2650215",,,,,,,,,,,,,,,,,,,,,,,,"https://static3.webx.pk/files/91598/Images/h732-3-91598-0-290726083140669.webp",,,,,,,
"2650215",,,,,,,,,,,,,,,,,,,,,,,,"https://static3.webx.pk/files/91598/Images/h732-4-91598-0-290726083140885.webp",,,,,,,
"2650215",,,,,,,,,,,,,,,,,,,,,,,,"https://static3.webx.pk/files/91598/Images/h732-2-91598-0-290726083141840.webp",,,,,,,
"2650215",,,,,,,,,,,,,,,,,,,,,,,,"https://static3.webx.pk/files/91598/Images/h732-1-91598-0-290726083142142.webp",,,,,,,
"2650215",,,,,,,,,,,,,,,,,,,,,,,,"https://static3.webx.pk/files/91598/Images/h732-91598-0-290726083142564.webp",,,,,,,
"2650210","ASUS ROG Falchion Ace HFX ZywOo Edition — Hall Effect Magnetic Switch Gaming Keyboard, PBT Keycaps (M606 ROG FALCHION ACE HFX/ZYW/HFX/US/PBT)","A special ZywOo-branded edition celebrating the CS2 Major champion, the Falchion Ace HFX brings ROG's first magnetic Hall Effect switches to the compact 65% Falchion lineup. Adjustable 0.1–4.0mm actuation, a Rapid Trigger toggle, and a blistering 8000 Hz polling rate (0.125ms response) give competitive players a genuine edge, wrapped in a striking magenta-and-yellow design with ZywOo's signature on the spacebar and a custom branded cover.","Gaming Peripherals > Keyboard","ASUS",,,,,,,,,,"0.64","No","In Stock","0","48500.00",,"0.00","0.00",,"/asus-rog-falchion-ace-hfx-zywoo-edition-hall-effect-magnetic-switch-gaming-keyboard-pbt-keycaps","https://static3.webx.pk/files/91598/Images/asus-rog-falchion-ace-hfx-zywoo-edition-91598-0-290726081956368.webp","ASUS ROG Falchion Ace HFX ZywOo Edition Keyboard","Buy ASUS ROG Falchion Ace HFX ZywOo Edition at GB Tec — magnetic Hall Effect switches, 8000Hz polling, Rapid Trigger. Nationwide delivery across Pakistan.",,"N","N","Y",
"2650210",,,,,,,,,,,,,,,,,,,,,,,,"https://static3.webx.pk/files/91598/Images/h732-3-91598-0-290726081850129.webp",,,,,,,
"2650210",,,,,,,,,,,,,,,,,,,,,,,,"https://static3.webx.pk/files/91598/Images/h732-4-91598-0-290726081850372.webp",,,,,,,
"2650210",,,,,,,,,,,,,,,,,,,,,,,,"https://static3.webx.pk/files/91598/Images/h732-2-91598-0-290726081850181.webp",,,,,,,
"2650210",,,,,,,,,,,,,,,,,,,,,,,,"https://static3.webx.pk/files/91598/Images/h732-1-91598-0-290726081852159.webp",,,,,,,
"2650210",,,,,,,,,,,,,,,,,,,,,,,,"https://static3.webx.pk/files/91598/Images/h732-91598-0-290726081852034.webp",,,,,,,
"2650206","ASUS ROG Falchion Ace Wired 65% Mechanical Gaming Keyboard — Red Switch, ABS Keycaps (M602 FALCHION ACE/NXRD/BLK/US/ABS)","A compact 65% keyboard measuring just 12 inches long, the ROG Falchion Ace pairs pre-lubed ROG NX Red mechanical switches with specially tuned switch stabilizers for smooth, consistent keystrokes. Dual USB-C ports let you quick-toggle between two PCs, while an interactive touch panel, sound-dampening foam, and a portable cover case combine performance with genuine desk-space efficiency.","Gaming Peripherals > Keyboard","ASUS",,,,,,,,,,"0.59","No","In Stock","0","28500.00",,"0.00","0.00",,"/asus-rog-falchion-ace-wired-65-mechanical-gaming-keyboard-red-switch-abs-keycaps-m602-falchion","https://static3.webx.pk/files/91598/Images/asus-rog-falchion-ace-65-wired-keyboard-m602-91598-0-290726081206689.webp","ASUS ROG Falchion Ace 65% Wired Keyboard M602","Buy ASUS ROG Falchion Ace wired keyboard at GB Tec — 65% compact, NX Red switches, dual USB-C, touch panel RGB. Nationwide delivery across Pakistan.",,"N","N","Y",
"2650203","ASUS ROG Falchion NX Wireless 65% Mechanical Gaming Keyboard — Red Switch (M601 ROG FALCHION NX/NXRD/US)","A genuinely compact 65% keyboard without compromise, the ROG Falchion NX packs full arrow and navigation keys into a footprint barely bigger than a 60% board. It debuted as the first ROG keyboard with wireless Aura Sync RGB, running on a gaming-grade 2.4GHz connection with 1ms report rate and up to 450 hours of battery life, while an interactive touch panel and two-way cover case add genuine on-the-go versatility.","Gaming Peripherals > Keyboard","ASUS",,,,,,,,,,"0.52","No","In Stock","0","39500.00",,"0.00","0.00",,"/asus-rog-falchion-nx-wireless-65-mechanical-gaming-keyboard-red-switch-m601-rog-falchion-nxnxrd","https://static3.webx.pk/files/91598/Images/6695a824-fcdb-4ed7-82a7-1a1456a9a471-91598-2650203-290726080820717.webp","ASUS ROG Falchion NX 65% Wireless Keyboard M601","Buy ASUS ROG Falchion NX wireless keyboard at GB Tec — 65% compact, Red switches, wireless Aura Sync RGB, 450hr battery. Nationwide delivery across Pakistan.",,"N","N","Y",
"2650203",,,,,,,,,,,,,,,,,,,,,,,,"https://static3.webx.pk/files/91598/Images/h732-5-91598-0-290726080506687.webp",,,,,,,
"2650203",,,,,,,,,,,,,,,,,,,,,,,,"https://static3.webx.pk/files/91598/Images/h732-6-91598-0-290726080507342.webp",,,,,,,
"2650203",,,,,,,,,,,,,,,,,,,,,,,,"https://static3.webx.pk/files/91598/Images/h732-4-91598-0-290726080508006.webp",,,,,,,
"2650203",,,,,,,,,,,,,,,,,,,,,,,,"https://static3.webx.pk/files/91598/Images/h732-3-91598-0-290726080508707.webp",,,,,,,
"2650203",,,,,,,,,,,,,,,,,,,,,,,,"https://static3.webx.pk/files/91598/Images/h732-2-91598-0-290726080509242.webp",,,,,,,
"2650203",,,,,,,,,,,,,,,,,,,,,,,,"https://static3.webx.pk/files/91598/Images/h732-1-91598-0-290726080510183.webp",,,,,,,
"2650203",,,,,,,,,,,,,,,,,,,,,,,,"https://static3.webx.pk/files/91598/Images/h732-91598-0-290726080510434.webp",,,,,,,
"2650209","ASUS ROG Falchion RX Low Profile Wireless Gaming Keyboard — Red Optical Switch (M603 FALCHION RX LP/RLRD/US)","A slim, tri-mode wireless keyboard, the Falchion RX Low Profile packs a 65% layout into a 60% frame with a slim 26.5mm profile — freeing up desk space for mouse movement. Pre-lubed ROG RX Low-Profile optical switches deliver near-zero debounce delay, while ROG SpeedNova 2.4GHz wireless, Bluetooth 5.1 (up to 3 devices), and wired USB give you flexible, ultra-low-latency connectivity for both gaming and everyday use.","Gaming Peripherals > Keyboard","ASUS",,,,,,,,,,"0.60","No","In Stock","0","39500.00",,"0.00","0.00",,"/asus-rog-falchion-rx-low-profile-wireless-gaming-keyboard-red-optical-switch-m603-falchion-rx-lp","https://static3.webx.pk/files/91598/Images/asus-rog-falchion-rx-low-profile-wireless-gaming-keyboard-91598-2650209-290726081704391.webp","ASUS ROG Falchion RX LP Wireless Keyboard M603","Buy ASUS ROG Falchion RX Low Profile keyboard at GB Tec — tri-mode wireless, RX Red optical switches, slim 26.5mm profile. Nationwide delivery across Pakistan.",,"N","N","Y",
"2650209",,,,,,,,,,,,,,,,,,,,,,,,"https://static3.webx.pk/files/91598/Images/h732-3-91598-0-290726081518164.webp",,,,,,,
"2650209",,,,,,,,,,,,,,,,,,,,,,,,"https://static3.webx.pk/files/91598/Images/h732-4-91598-0-290726081518321.webp",,,,,,,
"2650209",,,,,,,,,,,,,,,,,,,,,,,,"https://static3.webx.pk/files/91598/Images/h732-5-91598-0-290726081518408.webp",,,,,,,
"2650209",,,,,,,,,,,,,,,,,,,,,,,,"https://static3.webx.pk/files/91598/Images/h732-1-91598-0-290726081520059.webp",,,,,,,
"2650209",,,,,,,,,,,,,,,,,,,,,,,,"https://static3.webx.pk/files/91598/Images/h732-2-91598-0-290726081519992.webp",,,,,,,
"2650209",,,,,,,,,,,,,,,,,,,,,,,,"https://static3.webx.pk/files/91598/Images/h732-91598-0-290726081520183.webp",,,,,,,
"2649449","ASUS ROG Strix Scope II X Mechanical Gaming Keyboard — NX Snow V2, PBT Keycaps (XA14 ROG STRIX SCOPE II X/NXSWV2/US/PBT)","An all-round battlestation keyboard, the ROG Strix Scope II X features hot-swappable ROG NX Snow V2 linear switches with a dust-resistant walled-stem design and LED lens for brighter RGB. Durable PBT doubleshot keycaps, integrated sound-dampening foam, a multifunction roller for media/volume/lighting control, and a detachable wrist rest combine premium build quality with genuine customization for enthusiast gamers.","Gaming Peripherals > Keyboard","ASUS",,,,,,,,,,"1.00","No","In Stock","0","29500.00",,"0.00","0.00",,"/asus-rog-strix-scope-ii-x-mechanical-gaming-keyboard-nx-snow-v2-pbt-keycaps-xa14-rog-strix-scope","https://static3.webx.pk/files/91598/Images/asus-rog-strix-scope-ii-x-hot-swap-keyboard-xa14-91598-2649449-280726115137295.webp","ASUS ROG Strix Scope II X Hot-Swap Keyboard XA14","Buy ASUS ROG Strix Scope II X keyboard at GB Tec — hot-swappable NX Snow V2 switches, PBT keycaps, full-size RGB. Nationwide delivery across Pakistan.",,"N","N","Y",
"2649449",,,,,,,,,,,,,,,,,,,,,,,,"https://static3.webx.pk/files/91598/Images/h732-4-91598-0-280726114747418.webp",,,,,,,
"2649449",,,,,,,,,,,,,,,,,,,,,,,,"https://static3.webx.pk/files/91598/Images/h732-91598-0-280726114749413.webp",,,,,,,
"2649449",,,,,,,,,,,,,,,,,,,,,,,,"https://static3.webx.pk/files/91598/Images/h732-2-91598-0-280726114747486.webp",,,,,,,
"2649449",,,,,,,,,,,,,,,,,,,,,,,,"https://static3.webx.pk/files/91598/Images/h732-3-91598-0-280726114747675.webp",,,,,,,
"2649449",,,,,,,,,,,,,,,,,,,,,,,,"https://static3.webx.pk/files/91598/Images/h732-1-91598-0-280726114749313.webp",,,,,,,
"2649443","ASUS ROG Strix Scope RX Mechanical Gaming Keyboard — Red Switch (XA05 ROG STRIX SCOPE RX/RD/US)","Purpose-built for FPS gamers, the ROG Strix Scope RX debuts ASUS's own ROG RX Red Optical Mechanical switches — the first developed in-house by ROG — delivering a 100-million-keystroke lifespan with a lightning-fast 1.5mm actuation point and 1ms response time. IP57 waterproof and dust resistance, per-key Aura Sync RGB, a wider left-Ctrl key, and a dedicated Stealth key for instant privacy round out a keyboard engineered specifically for competitive play.","Gaming Peripherals > Keyboard","ASUS",,,,,,,,,,"1.07","No","In Stock","0","24500.00",,"0.00","0.00",,"/asus-rog-strix-scope-rx-mechanical-gaming-keyboard-red-switch-xa05-rog-strix-scope-rxrdus","https://static3.webx.pk/files/91598/Images/asus-rog-strix-scope-rx-mechanical-keyboard-xa05-91598-2649443-280726114448040.webp","ASUS ROG Strix Scope RX Mechanical Keyboard XA05","Buy ASUS ROG Strix Scope RX keyboard at GB Tec — ROG RX Red switches, IP57 waterproof, per-key RGB for FPS gaming. Nationwide delivery across Pakistan.",,"N","N","Y",
"2649443",,,,,,,,,,,,,,,,,,,,,,,,"https://static3.webx.pk/files/91598/Images/h732-4-91598-0-280726114334472.webp",,,,,,,
"2649443",,,,,,,,,,,,,,,,,,,,,,,,"https://static3.webx.pk/files/91598/Images/h732-3-91598-0-280726114334541.webp",,,,,,,
"2649443",,,,,,,,,,,,,,,,,,,,,,,,"https://static3.webx.pk/files/91598/Images/h732-2-91598-0-280726114335004.webp",,,,,,,
"2649443",,,,,,,,,,,,,,,,,,,,,,,,"https://static3.webx.pk/files/91598/Images/h732-91598-0-280726114336666.webp",,,,,,,
"2649443",,,,,,,,,,,,,,,,,,,,,,,,"https://static3.webx.pk/files/91598/Images/h732-1-91598-0-280726114337246.webp",,,,,,,
"2649423","ASUS TUF Gaming K1 RGB Wired Keyboard — Black (RA04 TUF GAMING K1/US)","Built for durability, the TUF Gaming K1 pairs silent tactile membrane switches with a spill-resistant frame rated up to 300mL, tested against friction, abrasion, and sweat. Five-zone RGB lighting with side light bars, 19-key rollover anti-ghosting, and a dedicated volume knob combine reliable full-size gaming performance with everyday comfort, backed by a detachable ergonomic wrist rest.","Gaming Peripherals > Keyboard","ASUS",,,,,,,,,,"0.81","No","In Stock","0","11500.00",,"0.00","0.00",,"/asus-tuf-gaming-k1-rgb-wired-keyboard-black-ra04-tuf-gaming-k1us","https://static3.webx.pk/files/91598/Images/asus-tuf-gaming-k1-rgb-wired-keyboard-black-ra04-tuf-gaming-91598-2649423-280726112943728.webp","ASUS TUF Gaming K1 RGB Wired Keyboard RA04","Buy ASUS TUF Gaming K1 RGB keyboard at GB Tec — spill-resistant, 5-zone RGB, volume knob, wrist rest. Nationwide delivery across Pakistan.",,"N","N","Y",
"2649423",,,,,,,,,,,,,,,,,,,,,,,,"https://static3.webx.pk/files/91598/Images/fwebp-2-91598-0-280726111958200.webp",,,,,,,
"2649423",,,,,,,,,,,,,,,,,,,,,,,,"https://static3.webx.pk/files/91598/Images/fwebp-4-91598-0-280726111958026.webp",,,,,,,
"2649423",,,,,,,,,,,,,,,,,,,,,,,,"https://static3.webx.pk/files/91598/Images/fwebp-91598-0-280726111959440.webp",,,,,,,
"2649423",,,,,,,,,,,,,,,,,,,,,,,,"https://static3.webx.pk/files/91598/Images/fwebp-1-91598-0-280726111959354.webp",,,,,,,
"2649442","ASUS TUF Gaming K3 Gen II RGB Keyboard — Red Switch, Doubleshot ABS Keycaps (RA07 TUF K3 GEN II/RD/US/DS ABS)","A major generational leap from the original K3, the TUF Gaming K3 Gen II switches to optical-mechanical switches with a 100-million-keypress lifespan and industry-leading IP57 waterproof and dust resistance. Its compact 97-key layout frees up desk space for mouse movement, while a silicone-gasket mount and dampening foam improve typing acoustics, and doubleshot ABS keycaps with per-key RGB deliver crisp, vibrant lighting that won't fade over time.","Gaming Peripherals > Keyboard","ASUS",,,,,,,,,,"1.01","No","In Stock","0","18500.00",,"0.00","0.00",,"/asus-tuf-gaming-k3-gen-ii-rgb-keyboard-red-switch-doubleshot-abs-keycaps-ra07-tuf-k3-gen-iirdu","https://static3.webx.pk/files/91598/Images/e901a79b-845d-4aab-b1bd-9f3939d983b6-91598-2649442-280726113957549.webp","ASUS TUF Gaming K3 Gen II RGB Keyboard RA07","Buy ASUS TUF Gaming K3 Gen II keyboard at GB Tec — optical-mechanical switches, IP57 waterproof, per-key RGB. Nationwide delivery across Pakistan.",,"N","N","Y",
"2649442",,,,,,,,,,,,,,,,,,,,,,,,"https://static3.webx.pk/files/91598/Images/fwebp-3-91598-0-280726113806412.webp",,,,,,,
"2649442",,,,,,,,,,,,,,,,,,,,,,,,"https://static3.webx.pk/files/91598/Images/fwebp-2-91598-0-280726113806683.webp",,,,,,,
"2649442",,,,,,,,,,,,,,,,,,,,,,,,"https://static3.webx.pk/files/91598/Images/fwebp-91598-0-280726113807867.webp",,,,,,,
"2649442",,,,,,,,,,,,,,,,,,,,,,,,"https://static3.webx.pk/files/91598/Images/fwebp-1-91598-0-280726113851102.webp",,,,,,,
"2649437","ASUS TUF Gaming K3 RGB Mechanical Keyboard — Red Linear Switch (RA05 TUF GAMING K3/RD/US)","A step up from the membrane-based K1, the TUF Gaming K3 brings true mechanical switches rated for 50 million keystrokes, paired with an aerospace-grade aluminum-alloy top cover for lasting durability. Red linear switches deliver smooth, responsive keypresses, while full N-key rollover, a detachable magnetic wrist rest, USB 2.0 passthrough, and Aura Sync per-key RGB lighting make it a well-rounded mechanical keyboard for serious gamers.","Gaming Peripherals > Keyboard","ASUS",,,,,,,,,,"1.11","No","In Stock","0","20500.00",,"0.00","0.00",,"/asus-tuf-gaming-k3-rgb-mechanical-keyboard-red-linear-switch-ra05-tuf-gaming-k3rdus","https://static3.webx.pk/files/91598/Images/asus-tuf-gaming-k3-rgb-mechanical-keyboard-ra05-91598-2649437-280726113425165.webp","ASUS TUF Gaming K3 RGB Mechanical Keyboard RA05","Buy ASUS TUF Gaming K3 mechanical keyboard at GB Tec — Red Linear switches, N-key rollover, Aura Sync RGB, USB passthrough. Nationwide delivery across Pakistan.",,"N","N","Y",
"2649437",,,,,,,,,,,,,,,,,,,,,,,,"https://static3.webx.pk/files/91598/Images/fwebp-4-91598-0-280726113244712.webp",,,,,,,
"2649437",,,,,,,,,,,,,,,,,,,,,,,,"https://static3.webx.pk/files/91598/Images/fwebp-2-91598-0-280726113244721.webp",,,,,,,
"2649437",,,,,,,,,,,,,,,,,,,,,,,,"https://static3.webx.pk/files/91598/Images/fwebp-3-91598-0-280726113244709.webp",,,,,,,
"2649437",,,,,,,,,,,,,,,,,,,,,,,,"https://static3.webx.pk/files/91598/Images/fwebp-1-91598-0-280726113246352.webp",,,,,,,
"2649437",,,,,,,,,,,,,,,,,,,,,,,,"https://static3.webx.pk/files/91598/Images/fwebp-91598-0-280726113246363.webp",,,,,,,
"2658439","Rapoo 8210M Multi-Mode Wireless Keyboard & Mouse Combo — Black","Built for professionals juggling multiple devices, the Rapoo 8210M connects via Bluetooth 3.0, Bluetooth 4.0/5.0, or 2.4GHz wireless, switching between paired devices at the click of a button. Its adjustable 4-level DPI mouse, spill-resistant keyboard, and long-lasting battery life combine flexibility with everyday durability for office and home productivity setups.","Gaming Peripherals > Keyboard","Rapoo",,,,,,,,,,"0.43","No","In Stock","0","6295.00",,"0.00","0.00",,"/rapoo-8210m-multimode-wireless-keyboard-mouse-combo-black","https://static3.webx.pk/files/91598/Images/rapoo-8210m-multi-mode-wireless-combo-91598-2658439-120826075430252.webp","Rapoo 8210M Multi-Mode Wireless Combo","Buy Rapoo 8210M multi-mode wireless keyboard & mouse combo at GB Tec — Bluetooth + 2.4GHz, 1600 DPI, multi-device. Nationwide delivery across Pakistan.",,"N","N","Y",
"2658443","Rapoo 9350S Ultra-Slim Multi-Mode Wireless Rechargeable Keyboard & Mouse Combo — Dark Grey","An ultra-slim, premium combo just 5.3mm thin, the Rapoo 9350S pairs an aluminum-alloy keyboard with an ergonomic optical mouse — both fully rechargeable via USB-C rather than relying on disposable batteries. Multi-mode connectivity lets the keyboard pair with up to 4 devices and the mouse with up to 2, while long-lasting 500mAh batteries deliver up to 240 hours (keyboard) and 230 hours (mouse) of continuous use per charge.","Gaming Peripherals > Keyboard","Rapoo",,,,,,,,,,"0.40","No","In Stock","0","9595.00",,"0.00","0.00",,"/rapoo-9350s-ultraslim-multimode-wireless-rechargeable-keyboard-mouse-combo-dark-grey","https://static3.webx.pk/files/91598/Images/rapoo-9350s-ultra-slim-rechargeable-wireless-combo-91598-2658443-120826080532331.webp","Rapoo 9350S Ultra-Slim Rechargeable Wireless Combo","Buy Rapoo 9350S rechargeable wireless keyboard & mouse combo at GB Tec — ultra-slim, multi-device, USB-C charging. Nationwide delivery across Pakistan.",,"N","N","Y",
"2658441","Rapoo 9510M Ultra-Slim Multi-Mode Wireless Keyboard & Mouse Combo — Dark Grey","A premium, ultra-slim wireless combo, the Rapoo 9510M pairs low-profile scissor-key laptop-like typing with a high-precision optical mouse for smooth, accurate control. Multi-mode connectivity via Bluetooth 3.0/4.0 or 2.4GHz lets you pair and switch between up to 4 devices, while a single USB nano receiver keeps setup simple and clutter-free for computer, tablet, and phone multitasking.","Gaming Peripherals > Keyboard","Rapoo",,,,,,,,,,"0.50","No","In Stock","0","8995.00",,"0.00","0.00",,"/rapoo-9510m-ultraslim-multimode-wireless-keyboard-mouse-combo-dark-grey","https://static3.webx.pk/files/91598/Images/rapoo-9510m-ultra-slim-wireless-combo-dark-grey-91598-2658441-120826075857206.webp","Rapoo 9510M Ultra-Slim Wireless Combo Dark Grey","Buy Rapoo 9510M ultra-slim wireless keyboard & mouse combo at GB Tec — multi-mode, 4-device switching, quiet typing. Nationwide delivery across Pakistan.",,"N","N","Y",
"2657629","Rapoo E9550L Blade-Series Multi-Device Wireless Rechargeable Keyboard","An ultra-thin, aluminum-framed keyboard from Rapoo's Blade series, the E9550L connects to up to 4 devices via Bluetooth 4.0/5.0 or 2.4GHz wireless, switching between them at the touch of a button. Its 0.2-inch (5.3mm) profile eliminates the need for a palm rest, while a full 110-key layout with multimedia hotkeys and up to 90 days of battery life make it a sleek, practical choice for multi-device professionals.","Gaming Peripherals > Keyboard","Rapoo",,,,,,,,,,"0.40","No","In Stock","0","8995.00",,"0.00","0.00",,"/rapoo-e9550l-bladeseries-multidevice-wireless-rechargeable-keyboard","https://static3.webx.pk/files/91598/Images/rapoo-e9550l-wireless-rechargeable-keyboard-91598-2657629-110826072213323.webp","Rapoo E9550L Wireless Rechargeable Keyboard","Buy Rapoo E9550L wireless rechargeable keyboard at GB Tec — ultra-thin, 4-device Bluetooth/2.4GHz, 90-day battery. Nationwide delivery across Pakistan.
",,"N","N","Y",
"2657626","Rapoo K10 Wired Numeric Keypad — Black","A compact, dedicated numeric keypad, the Rapoo K10 is built for finance, accounting, and data-entry professionals who need fast number entry alongside a laptop or full-size keyboard. Laser-carved, wear-resistant keycaps and a spill-resistant design add durability, while a plug-and-play USB connection and pocketable size make it an easy, portable add-on for any workspace.","Gaming Peripherals > Keyboard","Rapoo",,,,,,,,,,"0.11","No","In Stock","0","1245.00",,"0.00","0.00",,"/rapoo-k10-wired-numeric-keypad-black","https://static3.webx.pk/files/91598/Images/b1eb3320-83bb-4a1b-8952-6b68b145b415-91598-2657626-110826071245006.webp","Rapoo K10 Wired Numeric Keypad Black","Buy Rapoo K10 wired numeric keypad at GB Tec — 23-key layout, spill-resistant, laser-carved keys. Nationwide delivery across Pakistan.",,"N","N","Y",
"2657628","Rapoo NK1900 Wired Keyboard — Black","A dependable, budget-friendly full-size keyboard, the Rapoo NK1900 is built for everyday office, study, and home use. Laser-carved keycaps and a sealed anti-oxidation membrane give it spill-resistant durability, while quiet, soft membrane keys and a numeric keypad round out a comfortable, reliable typing experience with simple plug-and-play USB setup.","Gaming Peripherals > Keyboard","Rapoo",,,,,,,,,,"0.53","No","In Stock","0","1795.00",,"0.00","0.00",,"/rapoo-nk1900-wired-keyboard-black","https://static3.webx.pk/files/91598/Images/rapoo-nk1900-wired-keyboard-black-91598-0-110826071835176.webp","Rapoo NK1900 Wired Keyboard Black","Buy Rapoo NK1900 wired keyboard at GB Tec — full-size, spill-resistant, multimedia hotkeys, plug-and-play. Nationwide delivery across Pakistan.",,"N","N","Y",
"2657627","Rapoo NK2600 Spill-Resistant Wired Keyboard — Black","A practical, full-size keyboard built for everyday productivity, the Rapoo NK2600 combines a familiar 104-key QWERTY layout with a spill-resistant sealed membrane design that protects against accidental spills. Durable laser-carved keycaps, multimedia hotkeys, and a simple plug-and-play USB connection make it a reliable, no-frills choice for office, study, and home use.","Gaming Peripherals > Keyboard","Rapoo",,,,,,,,,,"0.47","No","In Stock","0","1795.00",,"0.00","0.00",,"/rapoo-nk2600-spillresistant-wired-keyboard-black","https://static3.webx.pk/files/91598/Images/rapoo-nk2600-wired-keyboard-black-91598-2657627-110826071459167.webp","Rapoo NK2600 Wired Keyboard Black","Buy Rapoo NK2600 wired keyboard at GB Tec — full-size, spill-resistant, multimedia hotkeys, plug-and-play. Nationwide delivery across Pakistan.",,"N","N","Y",
"2658398","Rapoo NX1600 Wired Keyboard & Mouse Combo — Black","A practical, no-frills combo for everyday office use, the Rapoo NX1600 pairs a full-size membrane keyboard with an ambidextrous optical mouse. Laser-engraved keycaps, an integrated palm rest, and a spill-resistant design add durability, while stable wired USB connectivity and multimedia hotkeys make it a dependable, budget-friendly setup for work, browsing, and routine productivity.","Gaming Peripherals > Keyboard","Rapoo",,,,,,,,,,"0.50","No","In Stock","0","2545.00",,"0.00","0.00",,"/rapoo-nx1600-wired-keyboard-mouse-combo-black","https://static3.webx.pk/files/91598/Images/rapoo-nx1600-wired-keyboard-mouse-combo-black-91598-2658398-120826072625938.webp","Rapoo NX1600 Wired Keyboard Mouse Combo Black","Buy Rapoo NX1600 wired keyboard & mouse combo at GB Tec — spill-resistant, laser-engraved keys, 1000 DPI mouse. Nationwide delivery across Pakistan.",,"N","N","Y",
"2658431","Rapoo X130Pro Wired Keyboard & Mouse Combo — Black","A full-size, spill-resistant combo built for everyday productivity, the Rapoo X130Pro pairs an ambidextrous membrane keyboard with a matching optical mouse for comfortable, plug-and-play performance. Laser-carved keycaps and an anti-oxidation sealed membrane add durability, while a responsive 1000 DPI sensor and anti-slip scroll wheel deliver smooth, precise cursor control for work, browsing, and everyday tasks.","Gaming Peripherals > Keyboard","Rapoo",,,,,,,,,,"0.60","No","In Stock","0","2545.00",,"0.00","0.00",,"/gaming-peripherals/keyboard/rapoo-x130pro-wired-keyboard-mouse-combo-black","https://static3.webx.pk/files/91598/Images/rapoo-x130pro-wired-keyboard-mouse-combo-black-91598-2658431-120826073030548.webp","Rapoo X130Pro Wired Keyboard Mouse Combo Black","Buy Rapoo X130Pro wired keyboard & mouse combo at GB Tec — spill-resistant, laser-carved keys, 1000 DPI mouse. Nationwide delivery across Pakistan.",,"N","N","Y",
"2658432","Rapoo X1500Pro Wireless Keyboard & Mouse Combo — Black","A comfortable, dependable wireless combo for office and home use, the Rapoo X1500Pro connects via stable 2.4GHz wireless with a single plug-and-forget nano receiver. Its ultra-slim keyboard delivers quiet typing while the precise 1200 DPI mouse ensures smooth, accurate cursor control, and Rapoo's energy-saving technology gives it up to 12 months of battery life for genuinely low-maintenance everyday use.","Gaming Peripherals > Keyboard","Rapoo",,,,,,,,,,"0.50","No","In Stock","0","3995.00",,"0.00","0.00",,"/rapoo-x1500pro-wireless-keyboard-mouse-combo-black","https://static3.webx.pk/files/91598/Images/rapoo-x1500pro-wireless-keyboard-mouse-combo-91598-2658432-120826074126935.webp","Rapoo X1500Pro Wireless Keyboard Mouse Combo","Buy Rapoo X1500Pro wireless keyboard & mouse combo at GB Tec — 2.4GHz, 1200 DPI mouse, 12-month battery life. Nationwide delivery across Pakistan.",,"N","N","Y",
"2658435","Rapoo X1960 Wireless Multimedia Keyboard & Mouse Combo — Black","A reliable full-size wireless combo with a built-in palm rest, the Rapoo X1960 delivers comfortable, low-wrist-strain typing alongside a precise 1000 DPI optical mouse. Stable 2.4GHz wireless with a plug-and-forget nano receiver, spill-resistant construction, and up to 12 months of battery life combine for a genuinely low-maintenance combo suited to everyday home and office computing.","Gaming Peripherals > Keyboard","Rapoo",,,,,,,,,,"0.39","No","In Stock","0","4395.00",,"0.00","0.00",,"/rapoo-x1960-wireless-multimedia-keyboard-mouse-combo-black","https://static3.webx.pk/files/91598/Images/rapoo-x1960-wireless-keyboard-mouse-combo-91598-2658435-120826074604682.webp","Rapoo X1960 Wireless Keyboard Mouse Combo","Buy Rapoo X1960 wireless keyboard & mouse combo at GB Tec — palm rest, 1000 DPI, spill-resistant, 12-month battery. Nationwide delivery across Pakistan.",,"N","N","Y",
"2658446","Rapoo X260S Wireless Optical Keyboard & Mouse Combo — Black","A retro-styled, comfortable wireless combo, the Rapoo X260S features distinctive round chocolate-shape keycaps for smooth, natural typing alongside a precise 1000 DPI optical mouse. Stable 2.4GHz wireless with a plug-and-forget nano receiver, spill-resistant construction, and up to 12 months of battery life combine style with everyday reliability for office and home use.","Gaming Peripherals > Keyboard","Rapoo",,,,,,,,,,"0.49","No","In Stock","0","5295.00",,"0.00","0.00",,"/rapoo-x260s-wireless-optical-keyboard-mouse-combo-black","https://static3.webx.pk/files/91598/Images/rapoo-x260s-wireless-keyboard-mouse-combo-black-91598-2658446-120826081017381.webp","Rapoo X260S Wireless Keyboard Mouse Combo Black","Buy Rapoo X260S wireless keyboard & mouse combo at GB Tec — retro design, 1000 DPI, 12-month battery life. Nationwide delivery across Pakistan.",,"N","N","Y",
"2649174","ASUS ROG Cetra True Wireless Gaming Earbuds","Compact true wireless earbuds built for gamers, the ROG Cetra True Wireless pair hybrid Active Noise Cancellation with low-latency Bluetooth to keep audio perfectly synced during competitive play. Specially tuned 10mm ASUS Essence drivers deliver rich sound, while up to 27 hours of total battery life, wireless charging, IPX4 water resistance, and intuitive touch controls make them a versatile pick for gaming, calls, and everyday listening across PC, mobile, Switch, and ROG Ally/Ally X.","Gaming Peripherals > Headphones / Headsets","ASUS","Color","White",,,,,,,,"0.01","No","In Stock","0","18500.00",,"0.00","0.00",,"/uncategorized/asus-rog-cetra-true-wireless-gaming-earbuds","https://static3.webx.pk/files/91598/Images/3e03f476-90a6-4df3-8c53-4d6ed700542e-91598-2649174-280726051629439.webp","ASUS ROG Cetra True Wireless Gaming Earbuds","Buy ASUS ROG Cetra True Wireless earbuds at GB Tec — ANC, low-latency gaming mode, 27hr battery, IPX4 water resistant. Nationwide delivery across Pakistan.",,"N","N","Y",
"2649174",,,,,,"Black",,,,,,,,"0.01",,,"0","18500.00",,,,,,"https://static3.webx.pk/files/91598/Images/h732-2-91598-0-270726100407497.webp",,,,,,,
"2649174",,,,,,,,,,,,,,,,,,,,,,,,"https://static3.webx.pk/files/91598/Images/h732-3-91598-0-270726100407446.webp",,,,,,,
"2649174",,,,,,,,,,,,,,,,,,,,,,,,"https://static3.webx.pk/files/91598/Images/h732-4-91598-0-270726100406060.webp",,,,,,,
"2649174",,,,,,,,,,,,,,,,,,,,,,,,"https://static3.webx.pk/files/91598/Images/h732-1-91598-0-270726100408026.webp",,,,,,,
"2649174",,,,,,,,,,,,,,,,,,,,,,,,"https://static3.webx.pk/files/91598/Images/h732-5-91598-0-270726100405980.webp",,,,,,,
"2649174",,,,,,,,,,,,,,,,,,,,,,,,"https://static3.webx.pk/files/91598/Images/h732-6-91598-0-270726100406046.webp",,,,,,,
"2649178","ASUS ROG Delta II Wireless Gaming Headset","A premium tri-mode gaming headset, the ROG Delta II combines Bluetooth, ultra-low-latency ROG SpeedNova 2.4GHz wireless, and a wired 3.5mm connection for maximum compatibility across PC, consoles, and mobile devices. High-resolution 24-bit/96kHz audio through 50mm titanium-plated diaphragm drivers, a 10mm super-wideband boom microphone, and DualFlow Audio dual-source listening make it a serious step up for competitive and immersive gaming alike, backed by up to 110 hours of battery life and customizable Aura Sync RGB lighting.","Gaming Peripherals > Headphones / Headsets","ASUS","Color","White",,,,,,,,"0.32","No","In Stock","0","55000.00",,"0.00","0.00",,"/asus-rog-delta-ii-wireless-gaming-headset","https://static3.webx.pk/files/91598/Images/7f5f62f1-230b-48b0-ae46-a17aa2d55354-91598-2649178-280726052809546.webp","ASUS ROG Delta II Wireless Gaming Headset A701","Buy ASUS ROG Delta II Wireless headset at GB Tec — tri-mode connectivity, 50mm titanium drivers, 110hr battery, RGB lighting. Nationwide delivery across Pakistan.",,"N","N","Y",
"2649178",,,,,,"black",,,,,,,,"0.32",,,"0","54000.00",,,,,,"https://static3.webx.pk/files/91598/Images/h732-2-91598-0-270726101401431.webp",,,,,,,
"2649178",,,,,,,,,,,,,,,,,,,,,,,,"https://static3.webx.pk/files/91598/Images/h732-91598-0-270726101402606.webp",,,,,,,
"2649178",,,,,,,,,,,,,,,,,,,,,,,,"https://static3.webx.pk/files/91598/Images/h732-7-91598-2649178-270726101714522.webp",,,,,,,
"2649178",,,,,,,,,,,,,,,,,,,,,,,,"https://static3.webx.pk/files/91598/Images/h732-4-91598-0-270726101359216.webp",,,,,,,
"2649178",,,,,,,,,,,,,,,,,,,,,,,,"https://static3.webx.pk/files/91598/Images/h732-5-91598-0-270726101359558.webp",,,,,,,
"2649178",,,,,,,,,,,,,,,,,,,,,,,,"https://static3.webx.pk/files/91598/Images/h732-3-91598-0-270726101400838.webp",,,,,,,
"2649178",,,,,,,,,,,,,,,,,,,,,,,,"https://static3.webx.pk/files/91598/Images/h732-6-91598-0-270726101433286.webp",,,,,,,
"2649137","ASUS TUF Gaming H1 Gen II Headset (A302)","A lightweight, comfortable gaming headset built for marathon sessions, the TUF Gaming H1 Gen II pairs 40mm ASUS Essence drivers with virtual 7.1 surround sound for immersive in-game audio. Its TeamSpeak-certified unidirectional microphone ensures clear communication, while a metal suspension headband and symbolic TUF logo lighting combine all-day comfort with distinctive style — compatible with PC, PS5, and PS4.","Gaming Peripherals > Headphones / Headsets","ASUS",,,,,,,,,,"0.30","No","In Stock","0","12500.00",,"0.00","0.00",,"/asus-tuf-gaming-h1-gen-ii-headset-a302","https://static3.webx.pk/files/91598/Images/0869ba11-5656-4b14-9f3c-51f10cd7e8f9-91598-2649137-280726051042597.webp","ASUS TUF Gaming H1 Gen II Headset A302","Buy ASUS TUF Gaming H1 Gen II headset at GB Tec — 40mm drivers, virtual 7.1 surround, lightweight 297g design. Nationwide delivery across Pakistan.",,"N","N","Y",
"2649137",,,,,,,,,,,,,,,,,,,,,,,,"https://static3.webx.pk/files/91598/Images/fwebp-5-91598-0-270726090414548.webp",,,,,,,
"2649137",,,,,,,,,,,,,,,,,,,,,,,,"https://static3.webx.pk/files/91598/Images/fwebp-4-91598-0-270726090415021.webp",,,,,,,
"2649137",,,,,,,,,,,,,,,,,,,,,,,,"https://static3.webx.pk/files/91598/Images/fwebp-3-91598-0-270726090416363.webp",,,,,,,
"2649137",,,,,,,,,,,,,,,,,,,,,,,,"https://static3.webx.pk/files/91598/Images/fwebp-1-91598-0-270726090416812.webp",,,,,,,
"2649137",,,,,,,,,,,,,,,,,,,,,,,,"https://static3.webx.pk/files/91598/Images/fwebp-2-91598-0-270726090416813.webp",,,,,,,
"2649173","ASUS TUF Gaming H1 Wireless Headset","Offering the freedom of a 2.4GHz wireless connection with up to 25 meters of range, the TUF Gaming H1 Wireless pairs 40mm ASUS Essence drivers and airtight chamber design with virtual 7.1 surround sound for immersive, low-latency audio. A Discord- and TeamSpeak-certified microphone ensures clear communication, while its lightweight 295g build and up to 15 hours of battery life make it a comfortable, truly cross-platform choice for PC, Mac, PS5, PS4, Switch, and mobile gaming.","Gaming Peripherals > Headphones / Headsets","ASUS",,,,,,,,,,"0.30","No","In Stock","0","20000.00",,"0.00","0.00",,"/asus-tuf-gaming-h1-wireless-headset","https://static3.webx.pk/files/91598/Images/9c7b909d-f65a-403b-b422-fc41bbba6b4a-91598-2649173-280726051336043.webp","ASUS TUF Gaming H1 Wireless Gaming Headset","Buy ASUS TUF Gaming H1 Wireless headset at GB Tec — 2.4GHz low-latency, virtual 7.1 surround, 15hr battery, cross-platform. Nationwide delivery across Pakistan.",,"N","N","Y",
"2649173",,,,,,,,,,,,,,,,,,,,,,,,"https://static3.webx.pk/files/91598/Images/fwebp-5-91598-0-270726091213041.webp",,,,,,,
"2649173",,,,,,,,,,,,,,,,,,,,,,,,"https://static3.webx.pk/files/91598/Images/fwebp-4-91598-0-270726091213015.webp",,,,,,,
"2649173",,,,,,,,,,,,,,,,,,,,,,,,"https://static3.webx.pk/files/91598/Images/fwebp-3-91598-0-270726091213025.webp",,,,,,,
"2649173",,,,,,,,,,,,,,,,,,,,,,,,"https://static3.webx.pk/files/91598/Images/fwebp-2-91598-0-270726091214358.webp",,,,,,,
"2649173",,,,,,,,,,,,,,,,,,,,,,,,"https://static3.webx.pk/files/91598/Images/fwebp-1-91598-0-270726091214430.webp",,,,,,,
"2659414","Rapoo H101 Wired Stereo Headset — 3.5mm, Single Pin, Black","A practical, everyday wired headset, the Rapoo H101 pairs semi-open speakers with a 360°-adjustable microphone for clear stereo audio and calls. Its universal single-pin 3.5mm connector works across smartphones, tablets, laptops, and desktops, while an adjustable headband and soft padded ear cushions keep it comfortable for extended meetings, gaming, or media use.","Gaming Peripherals > Headphones / Headsets","Rapoo",,,,,,,,,,"0.20","No","In Stock","0","1895.00",,"0.00","0.00",,"/rapoo-h101-wired-stereo-headset-35mm-single-pin-black","https://static3.webx.pk/files/91598/Images/rapoo-h101-wired-stereo-headset-91598-2659414-140826061234796.webp","Rapoo H101 Wired Stereo Headset 3.5mm Black","Buy Rapoo H101 wired stereo headset at GB Tec — 3.5mm single-pin, adjustable mic, semi-open sound. Nationwide delivery across Pakistan.",,"N","N","Y",
"2659415","Rapoo H102 Wired Stereo Headset — 3.5mm, Double Pin, Black","The dual-pin counterpart to the H101, the Rapoo H102 pairs balanced 30mm stereo drivers with a 360°-adjustable rotary microphone for clear calls and media playback. Its double-pin 3.5mm connector suits devices with separate audio and mic jacks — common on many laptops and desktops — while a lightweight, adjustable design keeps it comfortable through meetings, classes, and entertainment.","Gaming Peripherals > Headphones / Headsets","Rapoo",,,,,,,,,,"0.11","No","In Stock","0","1945.00",,"0.00","0.00",,"/rapoo-h102-wired-stereo-headset-35mm-double-pin-black",,"Rapoo H102 Wired Stereo Headset 3.5mm Black","Buy Rapoo H102 wired stereo headset at GB Tec — 3.5mm double-pin, adjustable mic, lightweight comfort. Nationwide delivery across Pakistan.",,"N","N","Y",
"2653331","ASUS AYW Gaming LC 360 ARGB LCD — 360mm AIO CPU Liquid Cooler","A performance-focused AIO cooler, the AYW Gaming LC 360 ARGB LCD pairs a powerful, low-impedance pump with a 360mm aluminum radiator for reliable, high-flow cooling. A vivid 2.4"" IPS LCD screen lets you display custom animated GIFs or live monitor CPU/GPU clock speed, voltage, and temperature, while pre-installed daisy-chained ARGB fans and ASUS InfoHub software simplify both installation and lighting control.","Gaming Peripherals > Liquid Cooler","ASUS",,,,,,,,,,"1.60","No","In Stock","0","41000.00",,"0.00","0.00",,"/asus-ayw-gaming-lc-360-argb-lcd-360mm-aio-cpu-liquid-cooler","https://static3.webx.pk/files/91598/Images/asus-ayw-gaming-lc-360-argb-lcd-cooler-91598-2653331-040826061933574.webp","ASUS AYW Gaming LC 360 ARGB LCD Cooler","Buy ASUS AYW Gaming LC 360 ARGB LCD liquid cooler at GB Tec — 2.4"" IPS screen, ARGB fans, Aura Sync. Nationwide delivery across Pakistan.",,"N","N","Y",
"2653331",,,,,,,,,,,,,,,,,,,,,,,,"https://static3.webx.pk/files/91598/Images/fwebp-4-91598-0-040826061708548.webp",,,,,,,
"2653331",,,,,,,,,,,,,,,,,,,,,,,,"https://static3.webx.pk/files/91598/Images/fwebp-3-91598-0-040826061708291.webp",,,,,,,
"2653331",,,,,,,,,,,,,,,,,,,,,,,,"https://static3.webx.pk/files/91598/Images/fwebp-5-91598-0-040826061708255.webp",,,,,,,
"2653331",,,,,,,,,,,,,,,,,,,,,,,,"https://static3.webx.pk/files/91598/Images/fwebp-1-91598-0-040826061710118.webp",,,,,,,
"2653331",,,,,,,,,,,,,,,,,,,,,,,,"https://static3.webx.pk/files/91598/Images/fwebp-2-91598-0-040826061710095.webp",,,,,,,
"2653331",,,,,,,,,,,,,,,,,,,,,,,,"https://static3.webx.pk/files/91598/Images/fwebp-91598-0-040826061710395.webp",,,,,,,
"2653330","ASUS Prime LC 360 ARGB White Edition — 360mm AIO CPU Liquid Cooler","Combining strong thermal performance with a striking all-white aesthetic, the Prime LC 360 ARGB White Edition pairs a specially designed copper CPU contact plate with a 360mm aluminum radiator and three pre-installed ARGB fans. Customizable infinity mirror lenses on the water block, single-cable management for lighting and fans, and broad Intel/AMD socket support make it a clean, easy-to-install cooling solution for builders who want performance without sacrificing style.","Gaming Peripherals > Liquid Cooler","ASUS",,,,,,,,,,"1.50","No","In Stock","0","26800.00",,"0.00","0.00",,"/asus-prime-lc-360-argb-white-edition-360mm-aio-cpu-liquid-cooler","https://static3.webx.pk/files/91598/Images/prime-lc-360-argb-white-edition-91598-0-040826061130347.webp","ASUS Prime LC 360 ARGB White AIO Liquid Cooler","Buy ASUS Prime LC 360 ARGB White liquid cooler at GB Tec — 360mm radiator, 3 ARGB fans, infinity mirror water block. Nationwide delivery across Pakistan.",,"N","N","Y",
"2653330",,,,,,,,,,,,,,,,,,,,,,,,"https://static3.webx.pk/files/91598/Images/fwebp-5-91598-0-040826061049547.webp",,,,,,,
"2653330",,,,,,,,,,,,,,,,,,,,,,,,"https://static3.webx.pk/files/91598/Images/fwebp-3-91598-0-040826061049975.webp",,,,,,,
"2653330",,,,,,,,,,,,,,,,,,,,,,,,"https://static3.webx.pk/files/91598/Images/fwebp-4-91598-0-040826061049937.webp",,,,,,,
"2653330",,,,,,,,,,,,,,,,,,,,,,,,"https://static3.webx.pk/files/91598/Images/fwebp-91598-0-040826061051915.webp",,,,,,,
"2653330",,,,,,,,,,,,,,,,,,,,,,,,"https://static3.webx.pk/files/91598/Images/fwebp-1-91598-0-040826061051913.webp",,,,,,,
"2653330",,,,,,,,,,,,,,,,,,,,,,,,"https://static3.webx.pk/files/91598/Images/fwebp-2-91598-0-040826061051553.webp",,,,,,,
"2653333","ASUS ROG Ryujin III 360 ARGB Extreme White Edition — Premium 360mm AIO CPU Liquid Cooler","The pinnacle of ROG watercooling, the Ryujin III 360 ARGB Extreme White Edition pairs Asetek's latest Emma Gen8 V2 pump with a large 3.5-inch LCD screen capable of custom GIFs, artwork, or live system monitoring. Thickened magnetic ROG ARGB fans snap together for effortless installation, while an embedded VRM cooling fan and adjustable bracket are specially optimized to tame the heat of the latest Intel Core Ultra and AMD AM5 processors.","Gaming Peripherals > Liquid Cooler","ASUS",,,,,,,,,,"2.30","No","In Stock","0","118000.00",,"0.00","0.00",,"/asus-rog-ryujin-iii-360-argb-extreme-white-edition-premium-360mm-aio-cpu-liquid-cooler","https://static3.webx.pk/files/91598/Images/asus-rog-ryujin-iii-360-extreme-white-cooler-91598-2653333-040826062524980.webp","ASUS ROG Ryujin III 360 Extreme White Cooler","Buy ASUS ROG Ryujin III 360 ARGB Extreme White cooler at GB Tec — Asetek pump, 3.5"" LCD, VRM cooling fan. Nationwide delivery across Pakistan.",,"N","N","Y",
"2653333",,,,,,,,,,,,,,,,,,,,,,,,"https://static3.webx.pk/files/91598/Images/h732-1-91598-0-040826062203776.webp",,,,,,,
"2653333",,,,,,,,,,,,,,,,,,,,,,,,"https://static3.webx.pk/files/91598/Images/h732-4-91598-0-040826062158996.webp",,,,,,,
"2653333",,,,,,,,,,,,,,,,,,,,,,,,"https://static3.webx.pk/files/91598/Images/h732-3-91598-0-040826062200598.webp",,,,,,,
"2653333",,,,,,,,,,,,,,,,,,,,,,,,"https://static3.webx.pk/files/91598/Images/h732-5-91598-0-040826062200856.webp",,,,,,,
"2653333",,,,,,,,,,,,,,,,,,,,,,,,"https://static3.webx.pk/files/91598/Images/h732-2-91598-0-040826062202909.webp",,,,,,,
"2653343","ASUS ROG Ryuo IV SLC 360 ARGB — Curved 6.67"" AMOLED 360mm AIO CPU Liquid Cooler","A radical rethink of AIO cooling, the Ryuo IV SLC 360 ARGB centers around a genuinely unique 6.67-inch curved AMOLED display that blurs the line between hardware and screen. Shortened 200mm tubing and a sliding LCD panel minimize component obstruction, while the curved 2K screen supports naked-eye 3D video, custom content, and split-screen playback — all backed by a powerful pump built to handle the latest AMD Ryzen 9000 and Intel Core Ultra processors.","Gaming Peripherals > Liquid Cooler","ASUS",,,,,,,,,,"2.00","No","In Stock","0","110000.00",,"0.00","0.00",,"/asus-rog-ryuo-iv-slc-360-argb-curved-667-amoled-360mm-aio-cpu-liquid-cooler","https://static3.webx.pk/files/91598/Images/asus-rog-ryuo-iv-slc-360-amoled-cooler-91598-2653343-040826062946783.webp","ASUS ROG Ryuo IV SLC 360 AMOLED Cooler","Buy ASUS ROG Ryuo IV SLC 360 ARGB cooler at GB Tec — 6.67"" curved AMOLED display, 3D video, ARGB fans. Nationwide delivery across Pakistan.",,"N","N","Y",
"2653343",,,,,,,,,,,,,,,,,,,,,,,,"https://static3.webx.pk/files/91598/Images/h732-3-91598-0-040826062728755.webp",,,,,,,
"2653343",,,,,,,,,,,,,,,,,,,,,,,,"https://static3.webx.pk/files/91598/Images/h732-5-91598-0-040826062728480.webp",,,,,,,
"2653343",,,,,,,,,,,,,,,,,,,,,,,,"https://static3.webx.pk/files/91598/Images/h732-4-91598-0-040826062728816.webp",,,,,,,
"2653343",,,,,,,,,,,,,,,,,,,,,,,,"https://static3.webx.pk/files/91598/Images/h732-1-91598-0-040826062731084.webp",,,,,,,
"2653343",,,,,,,,,,,,,,,,,,,,,,,,"https://static3.webx.pk/files/91598/Images/h732-2-91598-0-040826062730900.webp",,,,,,,
"2653343",,,,,,,,,,,,,,,,,,,,,,,,"https://static3.webx.pk/files/91598/Images/h732-91598-0-040826062730998.webp",,,,,,,
"2653405","Thermalright TR 240 AQUA ELITE V6 ARGB 240mm AIO Liquid CPU Cooler (Black / White)","The Thermalright TR 240 AQUA ELITE V6 ARGB is a high-performance 240mm all-in-one liquid CPU cooler featuring a 4th-generation PWM pump, dual 120mm ARGB fans, and a durable aluminum radiator. Available in Black and White, it delivers excellent cooling performance, quiet operation, and vibrant ARGB lighting for Intel and AMD gaming systems.","Gaming Peripherals > Liquid Cooler","Thermalright","Variant","Black",,,,,,,,"1.25","No","In Stock","0","11500.00",,"0.00","0.00",,"/thermalright-tr-240-aqua-elite-v6-argb-240mm-aio-liquid-cpu-cooler-black-white","https://static3.webx.pk/files/91598/Images/thermalright-tr-240-aqua-elite-v6-argb-240mm-4-91598-2653405-040826090607921.webp","Thermalright TR 240 AQUA ELITE V6 ARGB 240mm Liquid CPU Cooler | GB-Tech Pakistan","Buy the Thermalright TR 240 AQUA ELITE V6 ARGB 240mm AIO Liquid CPU Cooler from GB-Tech. Available in Black and White with dual 120mm ARGB PWM fans, a 4th-generation pump, and Intel & AMD compatibility. Nationwide delivery across Pakistan.",,"N","N","Y",
"2653405",,,,,,"White",,,,,,,,"1.25",,,"0","11950.00",,,,,,"https://static3.webx.pk/files/91598/Images/thermalright-tr-240-aqua-elite-v6-argb-240mm-3-removebg-prev-91598-2653405-040826090616091.webp",,,,,,,
"2653405",,,,,,,,,,,,,,,,,,,,,,,,"https://static3.webx.pk/files/91598/Images/thermalright-tr-240-aqua-elite-v6-argb-240mm-2-removebg-prev-91598-2653405-040826090616266.webp",,,,,,,
"2653405",,,,,,,,,,,,,,,,,,,,,,,,"https://static3.webx.pk/files/91598/Images/thermalright-tr-240-aqua-elite-v6-argb-240mm-removebg-previe-91598-2653405-040826090617986.webp",,,,,,,
"2653405",,,,,,,,,,,,,,,,,,,,,,,,"https://static3.webx.pk/files/91598/Images/thermalright-tr-240-aqua-elite-v6-argb-240mm-1-removebg-prev-91598-2653405-040826090803087.webp",,,,,,,
"2653480","Thermalright TR 240 FROZEN INFINITY ARGB 240mm AIO Liquid CPU Cooler (Black / White)","The Thermalright TR 240 FROZEN INFINITY ARGB is a premium 240mm all-in-one liquid CPU cooler featuring an Infinity Mirror pump design, dual 120mm ARGB PWM fans, a high-performance pump, and a 240mm aluminum radiator. Available in Black and White, it delivers efficient cooling, low-noise performance, and stunning RGB lighting for modern Intel and AMD gaming PCs.","Gaming Peripherals > Liquid Cooler","Thermalright","Variants","Black",,,,,,,,"1.35","No","In Stock","0","14950.00",,"0.00","0.00",,"/thermalright-tr-240-frozen-infinity-argb-240mm-aio-liquid-cpu-cooler-black-white","https://static3.webx.pk/files/91598/Images/thermalright-tr-240-frozen-infinity-argb-240mm-4-91598-2653480-040826093624432.webp","Thermalright TR 240 FROZEN INFINITY ARGB 240mm Liquid CPU Cooler | GB-Tech Pakistan","Buy the Thermalright TR 240 FROZEN INFINITY ARGB 240mm AIO Liquid CPU Cooler from GB-Tech. Available in Black and White with an Infinity Mirror pump, dual 120mm ARGB PWM fans, and Intel & AMD compatibility. Nationwide delivery across Pakistan.",,"N","N","Y",
"2653480",,,,,,"White",,,,,,,,"1.35",,,"0","15500.00",,,,,,"https://static3.webx.pk/files/91598/Images/thermalright-tr-240-frozen-infinity-argb-240mm-1-removebg-pr-91598-2653480-040826093638667.webp",,,,,,,
"2653480",,,,,,,,,,,,,,,,,,,,,,,,"https://static3.webx.pk/files/91598/Images/thermalright-tr-240-frozen-infinity-argb-240mm-3-removebg-pr-91598-2653480-040826093639394.webp",,,,,,,
"2653480",,,,,,,,,,,,,,,,,,,,,,,,"https://static3.webx.pk/files/91598/Images/thermalright-tr-240-frozen-infinity-argb-240mm-2-removebg-pr-91598-2653480-040826093639445.webp",,,,,,,
"2653480",,,,,,,,,,,,,,,,,,,,,,,,"https://static3.webx.pk/files/91598/Images/thermalright-tr-240-frozen-infinity-argb-240mm-removebg-prev-91598-2653480-040826093640376.webp",,,,,,,
"2654079","Thermalright TR 240 PEERLESS VISION LCD ARGB (Black / White)","The Thermalright TR 240 PEERLESS VISION LCD ARGB is a premium 240mm all-in-one liquid CPU cooler featuring a 2.4-inch IPS LCD display, dual 120mm ARGB PWM fans, a high-performance pump, and wide compatibility with the latest Intel and AMD platforms.","Gaming Peripherals > Liquid Cooler","Thermalright","Variants","White",,,,,,,,"1.45","No","In Stock","0","25000.00",,"0.00","0.00",,"/thermalright-tr-240-peerless-vision-lcd-argb-black-white","https://static3.webx.pk/files/91598/Images/thermalright-tr-240-peerless-vision-lcd-argb-4-91598-2654079-050826085937714.webp","Thermalright TR 240 PEERLESS VISION LCD ARGB 240mm Liquid CPU Cooler | GB-Tech Pakistan","Buy the Thermalright TR 240 PEERLESS VISION LCD ARGB 240mm AIO Liquid CPU Cooler from GB-Tech Pakistan. Features a 2.4-inch IPS LCD display, dual ARGB PWM fans, efficient cooling, and support for Intel LGA1851/LGA1700 and AMD AM5/AM4. Nationwide delivery across Pakistan.",,"N","N","Y",
"2654079",,,,,,"Black",,,,,,,,"1.45",,,"0","24000.00",,,,,,"https://static3.webx.pk/files/91598/Images/thermalright-tr-240-peerless-vision-lcd-argb-2-91598-2654079-050826085807384.webp",,,,,,,
"2654079",,,,,,,,,,,,,,,,,,,,,,,,"https://static3.webx.pk/files/91598/Images/thermalright-tr-240-peerless-vision-lcd-argb-3-91598-2654079-050826085807601.webp",,,,,,,
"2654079",,,,,,,,,,,,,,,,,,,,,,,,"https://static3.webx.pk/files/91598/Images/thermalright-tr-240-peerless-vision-lcd-argb-1-91598-2654079-050826085808504.webp",,,,,,,
"2654079",,,,,,,,,,,,,,,,,,,,,,,,"https://static3.webx.pk/files/91598/Images/thermalright-tr-240-peerless-vision-lcd-argb-91598-2654079-050826085810797.webp",,,,,,,
"2653479","Thermalright TR 360 AQUA ELITE V6 ARGB 360mm AIO Liquid CPU Cooler (Black / White)","The Thermalright TR 360 AQUA ELITE V6 ARGB is a premium 360mm all-in-one liquid CPU cooler featuring a 4th-generation high-performance pump, triple 120mm ARGB PWM fans, and a high-efficiency aluminum radiator. Available in Black and White, it delivers powerful cooling, low-noise operation, and synchronized ARGB lighting for modern Intel and AMD systems.","Gaming Peripherals > Liquid Cooler","Thermalright","Variants","White",,,,,,,,"0.00","No","In Stock","0","17500.00",,"0.00","0.00",,"/thermalright-tr-360-aqua-elite-v6-argb-360mm-aio-liquid-cpu-cooler-black-white","https://static3.webx.pk/files/91598/Images/thermalright-tr-360-aqua-elite-v6-argb-360mm-4-91598-2653479-040826091925634.webp","Thermalright TR 360 AQUA ELITE V6 ARGB 360mm Liquid CPU Cooler | GB-Tech Pakistan","Buy the Thermalright TR 360 AQUA ELITE V6 ARGB 360mm AIO Liquid CPU Cooler from GB-Tech. Available in Black and White with triple 120mm ARGB PWM fans, a 4th-generation pump, and Intel & AMD compatibility. Nationwide delivery across Pakistan.",,"N","N","Y",
"2653479",,,,,,"Black",,,,,,,,"0.00",,,"0","16900.00",,,,,,"https://static3.webx.pk/files/91598/Images/thermalright-tr-360-aqua-elite-v6-argb-360mm-3-removebg-prev-91598-2653479-040826091948211.webp",,,,,,,
"2653479",,,,,,,,,,,,,,,,,,,,,,,,"https://static3.webx.pk/files/91598/Images/thermalright-tr-360-aqua-elite-v6-argb-360mm-removebg-previe-91598-2653479-040826091952383.webp",,,,,,,
"2653479",,,,,,,,,,,,,,,,,,,,,,,,"https://static3.webx.pk/files/91598/Images/thermalright-tr-360-aqua-elite-v6-argb-360mm-2-removebg-prev-91598-2653479-040826091952421.webp",,,,,,,
"2653479",,,,,,,,,,,,,,,,,,,,,,,,"https://static3.webx.pk/files/91598/Images/thermalright-tr-360-aqua-elite-v6-argb-360mm-1-removebg-prev-91598-2653479-040826091952669.webp",,,,,,,
"2654076","Thermalright TR 360 CORE MATRIX VISION ARGB (Black / White)","Keep your high-performance processor cool with the Thermalright TR 360 CORE MATRIX VISION ARGB, featuring a 360mm aluminum radiator, 2-inch customizable LCD display, high-performance PWM fans, vibrant 5V ARGB lighting, and support for the latest Intel and AMD platforms. Designed for gamers, creators, and PC enthusiasts who want both powerful cooling and premium aesthetics.","Gaming Peripherals > Liquid Cooler","Thermalright","Variants","Black",,,,,,,,"1.75","No","In Stock","0","21000.00",,"0.00","0.00",,"/gaming-peripherals/liquid-cooler/thermalright-tr-360-frozen-infinity-argb-360mm-aio-liquid-cpu-cooler-black-white","https://static3.webx.pk/files/91598/Images/thermalright-tr-360-core-matrix-vision-argb-6-91598-2654076-050826082741811.webp","Thermalright TR 360 CORE MATRIX VISION ARGB 360mm LCD AIO Cooler | GB-Tech Pakistan","Buy the Thermalright TR 360 CORE MATRIX VISION ARGB 360mm LCD Liquid CPU Cooler from GB-Tech. Featuring a customizable 2-inch LCD display, ARGB lighting, triple PWM fans, and support for Intel LGA1851/LGA1700 and AMD AM5 platforms. Nationwide delivery across Pakistan.",,"N","N","Y",
"2654076",,,,,,"White",,,,,,,,"1.75",,,"0","22000.00",,,,,,"https://static3.webx.pk/files/91598/Images/thermalright-tr-360-core-matrix-vision-argb-4-91598-2654076-050826082428409.webp",,,,,,,
"2654076",,,,,,,,,,,,,,,,,,,,,,,,"https://static3.webx.pk/files/91598/Images/thermalright-tr-360-core-matrix-vision-argb-5-91598-2654076-050826082428498.webp",,,,,,,
"2654076",,,,,,,,,,,,,,,,,,,,,,,,"https://static3.webx.pk/files/91598/Images/thermalright-tr-360-core-matrix-vision-argb-2-removebg-previ-91598-2654076-050826082815212.webp",,,,,,,
"2654076",,,,,,,,,,,,,,,,,,,,,,,,"https://static3.webx.pk/files/91598/Images/thermalright-tr-360-core-matrix-vision-argb-3-removebg-previ-91598-2654076-050826082815336.webp",,,,,,,
"2654076",,,,,,,,,,,,,,,,,,,,,,,,"https://static3.webx.pk/files/91598/Images/thermalright-tr-360-core-matrix-vision-argb-1-removebg-previ-91598-2654076-050826082815621.webp",,,,,,,
"2654076",,,,,,,,,,,,,,,,,,,,,,,,"https://static3.webx.pk/files/91598/Images/thermalright-tr-360-core-matrix-vision-argb-removebg-preview-91598-2654076-050826082816743.webp",,,,,,,
"2653481","Thermalright TR 360 FROZEN INFINITY ARGB 360mm AIO Liquid CPU Cooler (Black / White)","The Thermalright TR 360 FROZEN INFINITY ARGB is a premium 360mm all-in-one liquid CPU cooler featuring an Infinity Mirror pump design, triple 120mm ARGB PWM fans, and a high-performance pump. Available in Black and White, it delivers exceptional cooling, low-noise operation, and stunning RGB lighting for high-end gaming and workstation PCs.","Gaming Peripherals > Liquid Cooler","Thermalright","Variants","Black",,,,,,,,"0.00","No","In Stock","0","18800.00",,"0.00","0.00",,"/thermalright-tr-360-frozen-infinity-argb-360mm-aio-liquid-cpu-cooler-black-white","https://static3.webx.pk/files/91598/Images/thermalright-tr-240-aqua-elite-v6-argb-240mm-5-91598-2653481-040826095038239.webp","Thermalright TR 360 FROZEN INFINITY ARGB 360mm Liquid CPU Cooler | GB-Tech Pakistan","Buy the Thermalright TR 360 FROZEN INFINITY ARGB 360mm AIO Liquid CPU Cooler from GB-Tech. Available in Black and White with an Infinity Mirror ARGB pump, triple 120mm PWM fans, and Intel & AMD compatibility. Nationwide delivery across Pakistan.",,"N","N","Y",
"2653481",,,,,,"White",,,,,,,,"0.00",,,"0","19500.00",,,,,,"https://static3.webx.pk/files/91598/Images/thermalright-tr-360-frozen-infinity-argb-360mm-4-removebg-pr-91598-2653481-040826095124822.webp",,,,,,,
"2653481",,,,,,,,,,,,,,,,,,,,,,,,"https://static3.webx.pk/files/91598/Images/thermalright-tr-360-frozen-infinity-argb-360mm-3-removebg-pr-91598-2653481-040826095125725.webp",,,,,,,
"2653481",,,,,,,,,,,,,,,,,,,,,,,,"https://static3.webx.pk/files/91598/Images/thermalright-tr-360-frozen-infinity-argb-360mm-removebg-prev-91598-2653481-040826095126004.webp",,,,,,,
"2653481",,,,,,,,,,,,,,,,,,,,,,,,"https://static3.webx.pk/files/91598/Images/thermalright-tr-360-frozen-infinity-argb-360mm-2-removebg-pr-91598-2653481-040826095126610.webp",,,,,,,
"2653481",,,,,,,,,,,,,,,,,,,,,,,,"https://static3.webx.pk/files/91598/Images/thermalright-tr-360-frozen-infinity-argb-360mm-1-removebg-pr-91598-2653481-040826095127636.webp",,,,,,,
"2654729","Thermalright TR 360 GRAND VISION ARGB (Black / White)","The Thermalright TR 360 GRAND VISION ARGB is a premium 360mm all-in-one liquid CPU cooler featuring a 3.4-inch IPS LCD display, a high-speed 6400 RPM PWM pump, and three high-performance 120mm ARGB fans. Designed for enthusiasts, it combines powerful cooling with customizable visuals for modern gaming and workstation PCs.","Gaming Peripherals > Liquid Cooler","Thermalright","Variants","Black",,,,,,,,"2.15","No","In Stock","0","45000.00",,"0.00","0.00",,"/thermalright-tr-360-grand-vision-argb-black-white","https://static3.webx.pk/files/91598/Images/thermalright-tr-360-grand-vision-argb-4-91598-2654729-060826080920174.webp","Thermalright TR 360 GRAND VISION ARGB (Black / White) | GB-Tech Pakistan","Buy the Thermalright TR 360 GRAND VISION ARGB (Black / White) 360mm AIO liquid CPU cooler featuring a 3.4-inch IPS LCD display, 6400 RPM PWM pump, ARGB lighting, and Intel & AMD compatibility from GB-Tech with nationwide delivery across Pakistan.",,"N","N","Y",
"2654729",,,,,,"White",,,,,,,,"2.15",,,"0","47000.00",,,,,,"https://static3.webx.pk/files/91598/Images/thermalright-tr-360-grand-vision-argb-2-removebg-preview-91598-2654729-060826080917173.webp",,,,,,,
"2654729",,,,,,,,,,,,,,,,,,,,,,,,"https://static3.webx.pk/files/91598/Images/thermalright-tr-360-grand-vision-argb-3-removebg-preview-91598-2654729-060826080917952.webp",,,,,,,
"2654729",,,,,,,,,,,,,,,,,,,,,,,,"https://static3.webx.pk/files/91598/Images/thermalright-tr-360-grand-vision-argb-1-removebg-preview-91598-2654729-060826080919552.webp",,,,,,,
"2654729",,,,,,,,,,,,,,,,,,,,,,,,"https://static3.webx.pk/files/91598/Images/thermalright-tr-360-grand-vision-argb-removebg-preview-91598-2654729-060826080919656.webp",,,,,,,
"2654077","Thermalright TR 360 MAGIC QUBE ARGB (Black / White)","The Thermalright TR 360 MAGIC QUBE ARGB is a high-performance 360mm all-in-one liquid CPU cooler featuring a powerful PWM pump, triple 120mm ARGB fans, an aluminum radiator, and an eye-catching infinity mirror pump design. Built for modern Intel and AMD platforms, it delivers excellent cooling performance with quiet operation.","Gaming Peripherals > Liquid Cooler","Thermalright","Variants","Black",,,,,,,,"1.68","No","In Stock","0","20000.00",,"0.00","0.00",,"/thermalright-tr-360-magic-qube-argb-black-white","https://static3.webx.pk/files/91598/Images/thermalright-tr-360-magic-qube-argb-4-91598-2654077-050826084410622.webp","Thermalright TR 360 MAGIC QUBE ARGB 360mm Liquid CPU Cooler | GB-Tech Pakistan","Buy the Thermalright TR 360 MAGIC QUBE ARGB 360mm AIO Liquid CPU Cooler from GB-Tech Pakistan. Features triple ARGB PWM fans, an infinity mirror pump, efficient cooling, and support for Intel LGA1851/LGA1700 and AMD AM5/AM4. Nationwide delivery across Pakistan.",,"N","N","Y",
"2654077",,,,,,"White",,,,,,,,"1.68",,,"0","21000.00",,,,,,"https://static3.webx.pk/files/91598/Images/thermalright-tr-360-magic-qube-argb-3-removebg-preview-91598-2654077-050826084218724.webp",,,,,,,
"2654077",,,,,,,,,,,,,,,,,,,,,,,,"https://static3.webx.pk/files/91598/Images/thermalright-tr-360-magic-qube-argb-2-removebg-preview-91598-2654077-050826084231409.webp",,,,,,,
"2654077",,,,,,,,,,,,,,,,,,,,,,,,"https://static3.webx.pk/files/91598/Images/thermalright-tr-360-magic-qube-argb-1-91598-2654077-050826084242777.webp",,,,,,,
"2654077",,,,,,,,,,,,,,,,,,,,,,,,"https://static3.webx.pk/files/91598/Images/thermalright-tr-360-magic-qube-argb-91598-2654077-050826084242861.webp",,,,,,,
"2654081","Thermalright TR 360 PEERLESS VISION LCD ARGB (Black / White)","The Thermalright TR 360 PEERLESS VISION LCD ARGB is a premium 360mm all-in-one liquid CPU cooler featuring a 2.4-inch IPS LCD display, triple 120mm ARGB PWM fans, and a high-performance pump for exceptional cooling on the latest Intel and AMD platforms.","Gaming Peripherals > Liquid Cooler","Thermalright","Variants","Black",,,,,,,,"1.75","No","In Stock","0","30000.00",,"0.00","0.00",,"/thermalright-tr-360-peerless-vision-lcd-argb-black-white","https://static3.webx.pk/files/91598/Images/thermalright-tr-360-peerless-vision-lcd-argb-5-91598-2654081-050826091851885.webp","Thermalright TR 360 PEERLESS VISION LCD ARGB | GB-Tech Pakistan","Buy the Thermalright TR 360 PEERLESS VISION LCD ARGB from GB-Tech Pakistan. Featuring a 2.4-inch IPS LCD display, 360mm radiator, triple ARGB PWM fans, and support for Intel LGA1851/LGA1700 and AMD AM5/AM4. Nationwide delivery across Pakistan.",,"N","N","Y",
"2654081",,,,,,"White",,,,,,,,"1.75",,,"0","31000.00",,,,,,"https://static3.webx.pk/files/91598/Images/thermalright-tr-360-peerless-vision-lcd-argb-3-91598-2654081-050826091527276.webp",,,,,,,
"2654081",,,,,,,,,,,,,,,,,,,,,,,,"https://static3.webx.pk/files/91598/Images/thermalright-tr-360-peerless-vision-lcd-argb-91598-2654081-050826091527905.webp",,,,,,,
"2654081",,,,,,,,,,,,,,,,,,,,,,,,"https://static3.webx.pk/files/91598/Images/thermalright-tr-360-peerless-vision-lcd-argb-1-removebg-prev-91598-2654081-050826091912715.webp",,,,,,,
"2654081",,,,,,,,,,,,,,,,,,,,,,,,"https://static3.webx.pk/files/91598/Images/thermalright-tr360-peerless-vision-lcd-argb-6-removebg-previ-91598-2654081-050826092245013.webp",,,,,,,
"2654727","Thermalright TR 360 PEERLESS VISION UB LCD ARGB (Black / White)","Keep your high-performance CPU cool with the Thermalright TR 360 Peerless Vision UB LCD ARGB. Featuring a 360mm aluminum radiator, a customizable 3.95-inch 480×480 LCD display, high-speed TL-UB36 ARGB fans, and broad Intel & AMD compatibility, it delivers excellent cooling with premium aesthetics for gaming and workstation PCs.","Gaming Peripherals > Liquid Cooler","Thermalright","Variants","White",,,,,,,,"2.05","No","In Stock","0","34000.00",,"0.00","0.00",,"/thermalright-tr-360-peerless-vision-ub-lcd-argb-black-white","https://static3.webx.pk/files/91598/Images/thermalright-tr-360-peerless-vision-ub-lcd-argb-3-91598-2654727-060826074150414.webp","Thermalright TR 360 Peerless Vision UB LCD ARGB (Black / White) | GB-Tech Pakistan","Buy the Thermalright TR 360 Peerless Vision UB LCD ARGB (Black / White) 360mm AIO liquid CPU cooler with a 3.95-inch LCD display, ARGB lighting, and broad Intel & AMD compatibility from GB-Tech with nationwide delivery across Pakistan.",,"N","N","Y",
"2654727",,,,,,"Black",,,,,,,,"2.05",,,"0","33000.00",,,,,,"https://static3.webx.pk/files/91598/Images/thermalright-tr-360-peerless-vision-ub-lcd-argb-91598-2654727-060826074046995.webp",,,,,,,
"2654727",,,,,,,,,,,,,,,,,,,,,,,,"https://static3.webx.pk/files/91598/Images/thermalright-tr-360-peerless-vision-ub-lcd-argb-1-91598-2654727-060826074047006.webp",,,,,,,
"2654727",,,,,,,,,,,,,,,,,,,,,,,,"https://static3.webx.pk/files/91598/Images/thermalright-tr-360-peerless-vision-ub-lcd-argb-2-removebg-p-91598-2654727-060826074048011.webp",,,,,,,
"2654727",,,,,,,,,,,,,,,,,,,,,,,,"https://static3.webx.pk/files/91598/Images/thermalright-tr-360-peerless-vision-ub-lcd-argb-3-removebg-p-91598-2654727-060826074048898.webp",,,,,,,
"2654728","Thermalright TR 360 TROFEO VISION LCD ARGB (Black / White)","The Thermalright TR 360 TROFEO VISION LCD ARGB is a flagship 360mm all-in-one liquid CPU cooler featuring a 6.86-inch IPS LCD display, powerful 6400 RPM PWM pump, triple TL-UB36 ARGB fans, and broad Intel & AMD compatibility. Designed for enthusiasts, it delivers exceptional cooling performance with a premium customizable display.","Gaming Peripherals > Liquid Cooler","Thermalright","Variants","White",,,,,,,,"2.35","No","In Stock","0","47000.00",,"0.00","0.00",,"/thermalright-tr-360-trofeo-vision-lcd-argb-black-white","https://static3.webx.pk/files/91598/Images/thermalright-tr-360-trofeo-vision-lcd-argb-4-91598-2654728-060826075646248.webp","Thermalright TR 360 TROFEO VISION LCD ARGB (Black / White) | GB-Tech Pakistan","Buy the Thermalright TR 360 TROFEO VISION LCD ARGB (Black / White) 360mm AIO liquid CPU cooler with a 6.86-inch IPS LCD display, powerful 6400 RPM pump, ARGB lighting, and Intel & AMD compatibility from GB-Tech with nationwide delivery across Pakistan.",,"N","N","Y",
"2654728",,,,,,"Black",,,,,,,,"2.35",,,"0","45000.00",,,,,,"https://static3.webx.pk/files/91598/Images/thermalright-tr-360-trofeo-vision-lcd-argb-3-removebg-previe-91598-2654728-060826075641716.webp",,,,,,,
"2654728",,,,,,,,,,,,,,,,,,,,,,,,"https://static3.webx.pk/files/91598/Images/thermalright-tr-360-trofeo-vision-lcd-argb-removebg-preview-91598-2654728-060826075641976.webp",,,,,,,
"2654728",,,,,,,,,,,,,,,,,,,,,,,,"https://static3.webx.pk/files/91598/Images/thermalright-tr-360-trofeo-vision-lcd-argb-1-removebg-previe-91598-2654728-060826075645388.webp",,,,,,,
"2654728",,,,,,,,,,,,,,,,,,,,,,,,"https://static3.webx.pk/files/91598/Images/thermalright-tr-360-trofeo-vision-lcd-argb-2-removebg-previe-91598-2654728-060826075645445.webp",,,,,,,
"2654731","Thermalright TR 360 WONDER VISION TURBO LCD ARGB (Black / White)","The Thermalright TR 360 WONDER VISION TURBO LCD ARGB is a premium 360mm AIO liquid CPU cooler featuring a 6.67-inch curved AMOLED display, an ultra-powerful 6400 RPM PWM pump, and three TL-K12-X28-R9 Turbo high-performance ARGB fans. Designed for enthusiasts, it delivers outstanding cooling performance for gaming, overclocking, and workstation systems.","Gaming Peripherals > Liquid Cooler","Thermalright","Variants","Black",,,,,,,,"0.00","No","In Stock","0","85000.00",,"0.00","0.00",,"/thermalright-tr-360-wonder-vision-turbo-lcd-argb-black-white","https://static3.webx.pk/files/91598/Images/thermalright-tr-360-wonder-vision-turbo-lcd-argb-4-91598-2654731-060826083201965.webp","Thermalright TR 360 WONDER VISION TURBO LCD ARGB (Black / White) | GB-Tech Pakistan","Buy the Thermalright TR 360 WONDER VISION TURBO LCD ARGB (Black / White) 360mm AIO liquid CPU cooler with a 6.67-inch curved AMOLED display, 6400 RPM pump, Turbo ARGB fans, and Intel & AMD compatibility from GB-Tech with nationwide delivery across Pakistan.",,"N","N","Y",
"2654731",,,,,,"White",,,,,,,,"0.00",,,"0","95000.00",,,,,,"https://static3.webx.pk/files/91598/Images/thermalright-tr-360-wonder-vision-turbo-lcd-argb-2-91598-2654731-060826083034812.webp",,,,,,,
"2654731",,,,,,,,,,,,,,,,,,,,,,,,"https://static3.webx.pk/files/91598/Images/thermalright-tr-360-wonder-vision-turbo-lcd-argb-1-91598-2654731-060826083035060.webp",,,,,,,
"2654731",,,,,,,,,,,,,,,,,,,,,,,,"https://static3.webx.pk/files/91598/Images/thermalright-tr-360-wonder-vision-turbo-lcd-argb-3-91598-2654731-060826083035060.webp",,,,,,,
"2654731",,,,,,,,,,,,,,,,,,,,,,,,"https://static3.webx.pk/files/91598/Images/thermalright-tr-360-wonder-vision-turbo-lcd-argb-91598-2654731-060826083036493.webp",,,,,,,
"2654730","Thermalright TR 360 WONDER VISION UB LCD ARGB (Black / White)","The Thermalright TR 360 WONDER VISION UB LCD ARGB is a flagship 360mm AIO liquid CPU cooler featuring a stunning 6.67-inch curved AMOLED display, a powerful 6400 RPM PWM pump, and three TL-UB36 ARGB PWM fans. Designed for premium gaming and workstation PCs, it delivers exceptional cooling performance with a fully customizable display.","Gaming Peripherals > Liquid Cooler","Thermalright","Variants","White",,,,,,,,"2.40","No","In Stock","0","90000.00",,"0.00","0.00",,"/thermalright-tr-360-wonder-vision-ub-lcd-argb-black-white","https://static3.webx.pk/files/91598/Images/thermalright-tr-360-wonder-vision-ub-lcd-argb-4-91598-2654730-060826082010023.webp","Thermalright TR 360 WONDER VISION UB LCD ARGB (Black / White) | GB-Tech Pakistan","Buy the Thermalright TR 360 WONDER VISION UB LCD ARGB (Black / White) 360mm AIO liquid CPU cooler with a 6.67-inch curved AMOLED display, 6400 RPM PWM pump, ARGB lighting, and Intel & AMD compatibility from GB-Tech with nationwide delivery across Pakistan.",,"N","N","Y",
"2654730",,,,,,"Black",,,,,,,,"2.40",,,"0","82000.00",,,,,,"https://static3.webx.pk/files/91598/Images/thermalright-tr-360-wonder-vision-ub-lcd-argb-1-91598-2654730-060826081851913.webp",,,,,,,
"2654730",,,,,,,,,,,,,,,,,,,,,,,,"https://static3.webx.pk/files/91598/Images/thermalright-tr-360-wonder-vision-ub-lcd-argb-3-removebg-pre-91598-2654730-060826081854815.webp",,,,,,,
"2654730",,,,,,,,,,,,,,,,,,,,,,,,"https://static3.webx.pk/files/91598/Images/thermalright-tr-360-wonder-vision-ub-lcd-argb-91598-2654730-060826081856104.webp",,,,,,,
"2654730",,,,,,,,,,,,,,,,,,,,,,,,"https://static3.webx.pk/files/91598/Images/thermalright-tr-360-wonder-vision-ub-lcd-argb-2-91598-2654730-060826081855823.webp",,,,,,,
"2633396","ASUS PRIME H610M-K D4","ASUS PRIME H610M-K D4 is a reliable, budget-friendly micro-ATX motherboard based on the Intel H610 chipset. It supports Intel's 12th, 13th, and 14th Gen processors (LGA 1700 socket) and DDR4 memory. It's ideal for entry-level to mid-range gaming, office, and home PCs.","PC Components > Motherboards","ASUS",,,,,,,,,,"0.85","No","In Stock","0","25000.00",,"0.00","0.00",,"/pc-components/motherboards/asus-prime-h610mk-d4","https://static3.webx.pk/files/91598/Images/fwebp-91598-0-130726062820236.webp","Buy ASUS PRIME H610M-K D4 Motherboard Online in Pakistan | GB Tech","Shop the genuine ASUS PRIME H610M-K D4 micro-ATX motherboard at GB Tech Pakistan. Supports Intel 12th-14th Gen CPUs, DDR4 up to 64GB, PCIe 4.0, M.2 SSD, HDMI/D-Sub. Reliable performance with 5X Protection III and 3-year warranty. Fast home delivery & top customer satisfaction. Order now for your next PC build!""",,"N","N","Y",
"2633396",,,,,,,,,,,,,,,,,,,,,,,,"https://static3.webx.pk/files/91598/Images/fwebp-2-91598-0-130726062818717.webp",,,,,,,
"2633396",,,,,,,,,,,,,,,,,,,,,,,,"https://static3.webx.pk/files/91598/Images/fwebp-1-91598-0-130726062820172.webp",,,,,,,
"2633396",,,,,,,,,,,,,,,,,,,,,,,,"https://static3.webx.pk/files/91598/Images/fwebp-3-91598-0-130726062818378.webp",,,,,,,
"2633396",,,,,,,,,,,,,,,,,,,,,,,,"https://static3.webx.pk/files/91598/Images/fwebp-4-91598-0-130726062817241.webp",,,,,,,
"2633396",,,,,,,,,,,,,,,,,,,,,,,,"https://static3.webx.pk/files/91598/Images/fwebp-5-91598-0-130726062817283.webp",,,,,,,
"2633396",,,,,,,,,,,,,,,,,,,,,,,,"https://static3.webx.pk/files/91598/Images/fwebp-6-91598-0-130726062817925.webp",,,,,,,
"2637599","ASUS PRIME Z790 - P / CSM WIFI ","ASUS Prime series motherboards are expertly engineered to unleash the full potential of 14th Gen Intel® Core™ Processors. Boasting a robust power design, comprehensive cooling solutions and intelligent tuning options, PRIME Z790-P WIFI-CSM provides users and PC DIY builders with a range of performance optimizations via intuitive software and firmware features. This platform delivers the power and connectivity that advanced AI PC applications demand.","PC Components > Motherboards","ASUS",,,,,,,,,,"1.30","No","In Stock","0","68500.00",,"0.00","0.00",,"/pc-components/motherboards/prime-z790-p-csm-wifi","https://static3.webx.pk/files/91598/Images/fwebp-91598-0-160726101209322.webp","Buy ASUS PRIME Z790-P CSM WIFI Motherboard Online Pakistan | GB Tech","Shop ASUS PRIME Z790-P / CSM WIFI at GB Tech Pakistan. Z790 chipset, DDR5, PCIe 5.0, Wi-Fi 6, strong overclocking & stability. Perfect for 13th/14th Gen Intel builds. Genuine warranty & fast home delivery!",,"N","N","Y",
"2637599",,,,,,,,,,,,,,,,,,,,,,,,"https://static3.webx.pk/files/91598/Images/fwebp-2-91598-0-160726101209026.webp",,,,,,,
"2637599",,,,,,,,,,,,,,,,,,,,,,,,"https://static3.webx.pk/files/91598/Images/fwebp-1-91598-0-160726101209062.webp",,,,,,,
"2637599",,,,,,,,,,,,,,,,,,,,,,,,"https://static3.webx.pk/files/91598/Images/fwebp-4-91598-0-160726101207414.webp",,,,,,,
"2637599",,,,,,,,,,,,,,,,,,,,,,,,"https://static3.webx.pk/files/91598/Images/fwebp-3-91598-0-160726101207468.webp",,,,,,,
"2637599",,,,,,,,,,,,,,,,,,,,,,,,"https://static3.webx.pk/files/91598/Images/fwebp-5-91598-0-160726101207630.webp",,,,,,,
"2637380","ASUS TUF GAMING B860 - PLUS WIFI","ASUS TUF GAMING B860-PLUS WIFI takes all the essential elements of the latest Intel® Core™ Ultra Processors (Series 2) processors and combines them with game-ready features and proven durability. Engineered with military-grade components, an upgraded power solution and a comprehensive cooling system, this motherboard goes beyond expectations with rock-solid and stable performance for marathon gaming. TUF GAMING motherboards also undergo rigorous endurance testing to ensure that they can handle conditions where others may fail. This platform delivers the power and connectivity that advanced AI PC applications demand.","PC Components > Motherboards","ASUS",,,,,,,,,,"1.20","No","In Stock","0","68000.00",,"0.00","0.00",,"/uncategorized/tuf-gaming-b860-plus-wifi","https://static3.webx.pk/files/91598/Images/fwebp-91598-0-160726045923017.webp","Buy ASUS TUF GAMING B860-PLUS WIFI Motherboard Online Pakistan | GB Tech","Get the rugged ASUS TUF GAMING B860-PLUS WIFI at GB Tech Pakistan. Military-grade durability, DDR5, PCIe 5.0, Wi-Fi 6E, advanced cooling & RGB. Built for gaming with Intel Core Ultra processors. Original warranty & fast home delivery!""
This TUF Gaming model focuses on toughness and gaming features compared to the Prime series.",,"N","N","Y",
"2637380",,,,,,,,,,,,,,,,,,,,,,,,"https://static3.webx.pk/files/91598/Images/fwebp-1-91598-0-160726045922785.webp",,,,,,,
"2637380",,,,,,,,,,,,,,,,,,,,,,,,"https://static3.webx.pk/files/91598/Images/fwebp-2-91598-0-160726045922761.webp",,,,,,,
"2637380",,,,,,,,,,,,,,,,,,,,,,,,"https://static3.webx.pk/files/91598/Images/fwebp-4-91598-0-160726045919674.webp",,,,,,,
"2637380",,,,,,,,,,,,,,,,,,,,,,,,"https://static3.webx.pk/files/91598/Images/fwebp-3-91598-0-160726045919694.webp",,,,,,,
"2637380",,,,,,,,,,,,,,,,,,,,,,,,"https://static3.webx.pk/files/91598/Images/fwebp-5-91598-0-160726045920590.webp",,,,,,,
"2637345","ASUS TUF GAMING B860M - PLUS WIFI","ASUS TUF GAMING B860M-PLUS WIFI takes all the essential elements of the latest Intel® Core™ Ultra Processors (Series 2) and combines them with game-ready features and proven durability. Engineered with military-grade components, an upgraded power solution and a comprehensive cooling system, this motherboard goes beyond expectations with rock-solid and stable performance for marathon gaming. TUF GAMING motherboards also undergo rigorous endurance testing to ensure that they can handle conditions where others may fail. This platform delivers the power and connectivity that advanced AI PC applications demand.","PC Components > Motherboards","ASUS",,,,,,,,,,"1.15","No","In Stock","0","65000.00",,"0.00","0.00",,"/uncategorized/tuf-gaming-b860m-plus-wifi","https://static3.webx.pk/files/91598/Images/fwebp-91598-0-160726042734779.webp","Buy ASUS TUF GAMING B860M-PLUS WIFI Motherboard Online Pakistan | GB Tech","Shop the durable ASUS TUF GAMING B860M-PLUS WIFI at GB Tech Pakistan. Military-grade TUF quality, DDR5, PCIe 5.0, Wi-Fi 6E, strong cooling & RGB. Perfect for gaming with Intel Core Ultra processors. Genuine warranty & fast home delivery!

This TUF Gaming series model emphasizes durability and gaming aesthetics compared to the Prime series.",,"N","N","Y",
"2637345",,,,,,,,,,,,,,,,,,,,,,,,"https://static3.webx.pk/files/91598/Images/fwebp-1-91598-0-160726042734565.webp",,,,,,,
"2637345",,,,,,,,,,,,,,,,,,,,,,,,"https://static3.webx.pk/files/91598/Images/fwebp-2-91598-0-160726042732668.webp",,,,,,,
"2637345",,,,,,,,,,,,,,,,,,,,,,,,"https://static3.webx.pk/files/91598/Images/fwebp-4-91598-0-160726042732390.webp",,,,,,,
"2637345",,,,,,,,,,,,,,,,,,,,,,,,"https://static3.webx.pk/files/91598/Images/fwebp-3-91598-0-160726042732387.webp",,,,,,,
"2634260","PRIME B760M - A","Intel® B760 (LGA 1700) mATX motherboard with PCIe 4.0, DDR5, two M.2 slots, Realtek 2.5Gb Ethernet, DisplayPort, Dual HDMI™, SATA 6 Gbps, rear USB 3.2 Gen 2, front USB 3.2 Gen 1 Type-C®, Aura Sync","PC Components > Motherboards","ASUS",,,,,,,,,,"1.00","No","In Stock","0","36000.00",,"0.00","0.00",,"/pc-components/motherboards/prime-b760m-a","https://static3.webx.pk/files/91598/Images/fwebp-91598-0-140726090400324.webp","Buy ASUS PRIME B760M-A DDR5 Motherboard Online Pakistan | GB Tech","Get the ASUS PRIME B760M-A DDR5 motherboard at GB Tech Pakistan. 4x DDR5 slots, dual M.2 with heatsinks, 2.5Gb LAN, Dual HDMI, strong cooling & Aura Sync. Perfect for powerful Intel 13th/14th Gen builds. Genuine product with warranty & fast delivery!",,"N","N","Y",
"2634260",,,,,,,,,,,,,,,,,,,,,,,,"https://static3.webx.pk/files/91598/Images/fwebp-1-91598-0-140726090400247.webp",,,,,,,
"2634260",,,,,,,,,,,,,,,,,,,,,,,,"https://static3.webx.pk/files/91598/Images/fwebp-2-91598-0-140726090359634.webp",,,,,,,
"2634260",,,,,,,,,,,,,,,,,,,,,,,,"https://static3.webx.pk/files/91598/Images/fwebp-3-91598-0-140726090358759.webp",,,,,,,
"2634260",,,,,,,,,,,,,,,,,,,,,,,,"https://static3.webx.pk/files/91598/Images/fwebp-4-91598-0-140726090358376.webp",,,,,,,
"2634260",,,,,,,,,,,,,,,,,,,,,,,,"https://static3.webx.pk/files/91598/Images/fwebp-5-91598-0-140726090358624.webp",,,,,,,
"2634154","PRIME B760M - A D4","Intel® B760 (LGA 1700) mATX motherboard, PCIe 4.0, two M.2 slots, Realtek 2.5Gb Ethernet, DisplayPort, Dual HDMI®, SATA 6 Gbps, rear USB 3.2 Gen 2, front USB 3.2 Gen 1 Type-C®, Aura Sync","PC Components > Motherboards","ASUS",,,,,,,,,,"0.95","No","In Stock","0","36000.00",,"0.00","0.00",,"/pc-components/motherboards/prime-b760m-a-d4","https://static3.webx.pk/files/91598/Images/fwebp-91598-0-140726052646389.webp","Buy ASUS PRIME B760M-A D4 Motherboard Online Pakistan | GB Tech","Shop original ASUS PRIME B760M-A D4 at GB Tech Pakistan. B760 chipset, 4x DDR4 slots (128GB), dual M.2, PCIe 4.0, 2.5Gb LAN, Dual HDMI & robust cooling. Perfect for high-performance Intel builds. Full warranty & fast home delivery. Order today!",,"N","N","Y",
"2634154",,,,,,,,,,,,,,,,,,,,,,,,"https://static3.webx.pk/files/91598/Images/fwebp-2-91598-0-140726052645763.webp",,,,,,,
"2634154",,,,,,,,,,,,,,,,,,,,,,,,"https://static3.webx.pk/files/91598/Images/fwebp-1-91598-0-140726052646168.webp",,,,,,,
"2634154",,,,,,,,,,,,,,,,,,,,,,,,"https://static3.webx.pk/files/91598/Images/fwebp-3-91598-0-140726052644788.webp",,,,,,,
"2634154",,,,,,,,,,,,,,,,,,,,,,,,"https://static3.webx.pk/files/91598/Images/fwebp-4-91598-0-140726052644413.webp",,,,,,,
"2634154",,,,,,,,,,,,,,,,,,,,,,,,"https://static3.webx.pk/files/91598/Images/fwebp-5-91598-0-140726052644665.webp",,,,,,,
"2634281","PRIME B760M - A WIFI ","Intel® B760 (LGA 1700) mATX mortheboard with PCIe 4.0, DDR5, two M.2 slots, Realtek 2.5Gb Ethernet, Wi-Fi 6, DisplayPort, Dual HDMI™, SATA 6 Gbps, rear USB 3.2 Gen 2, front USB 3.2 Gen 1 Type-C®, Aura Sync","PC Components > Motherboards","ASUS",,,,,,,,,,"1.05","No","In Stock","0","45000.00",,"0.00","0.00",,"/pc-components/motherboards/prime-b760m-a-wifi","https://static3.webx.pk/files/91598/Images/fwebp-91598-0-140726101146168.webp","Buy ASUS PRIME B760M-A WIFI DDR5 Motherboard Online Pakistan | GB Tech","Shop the ASUS PRIME B760M-A WIFI motherboard at GB Tech Pakistan. Wi-Fi 6, 4x DDR5, dual M.2, 2.5Gb LAN, strong cooling & Aura Sync. Ideal for wireless high-performance Intel builds. Genuine with warranty & home delivery. Order now!",,"N","N","Y",
"2634281",,,,,,,,,,,,,,,,,,,,,,,,"https://static3.webx.pk/files/91598/Images/fwebp-1-91598-0-140726101145949.webp",,,,,,,
"2634281",,,,,,,,,,,,,,,,,,,,,,,,"https://static3.webx.pk/files/91598/Images/fwebp-3-91598-0-140726101144560.webp",,,,,,,
"2634281",,,,,,,,,,,,,,,,,,,,,,,,"https://static3.webx.pk/files/91598/Images/fwebp-2-91598-0-140726101145776.webp",,,,,,,
"2634281",,,,,,,,,,,,,,,,,,,,,,,,"https://static3.webx.pk/files/91598/Images/fwebp-4-91598-0-140726101144142.webp",,,,,,,
"2634281",,,,,,,,,,,,,,,,,,,,,,,,"https://static3.webx.pk/files/91598/Images/fwebp-5-91598-0-140726101144478.webp",,,,,,,
"2634233","PRIME B760M - K","ASUS Prime B760M-K, an Intel® B760 LGA 1700 mATX motherboard with PCIe 4.0, two PCIe 4.0 M.2 slots, DDR5, Realtek 2.5Gb Ethernet, VGA, HDMI™, SATA 6 Gbps, front USB 3.2 Gen 1, Aura Sync","PC Components > Motherboards","ASUS",,,,,,,,,,"0.85","No","In Stock","0","29500.00",,"0.00","0.00",,"/pc-components/motherboards/prime-b760m-k","https://static3.webx.pk/files/91598/Images/fwebp-91598-0-140726065841143.webp","Buy ASUS PRIME B760M-K DDR5 Motherboard Online Pakistan | GB Tech","Original ASUS PRIME B760M-K DDR5 motherboard at GB Tech Pakistan. Supports Intel 12th-14th Gen, dual PCIe 4.0 M.2, 2.5Gb LAN, DDR5 up to 96GB. Reliable performance with Aura Sync. Warranty & home delivery available. Shop now for your next PC build!""
This model sits nicely between H610 (basic) and higher B760 variants (more slots). It's a good choice for compact builds with DDR5.",,"N","N","Y",
"2634233",,,,,,,,,,,,,,,,,,,,,,,,"https://static3.webx.pk/files/91598/Images/fwebp-1-91598-0-140726065840637.webp",,,,,,,
"2634233",,,,,,,,,,,,,,,,,,,,,,,,"https://static3.webx.pk/files/91598/Images/fwebp-3-91598-0-140726065840192.webp",,,,,,,
"2634233",,,,,,,,,,,,,,,,,,,,,,,,"https://static3.webx.pk/files/91598/Images/fwebp-4-91598-0-140726065838966.webp",,,,,,,
"2634233",,,,,,,,,,,,,,,,,,,,,,,,"https://static3.webx.pk/files/91598/Images/fwebp-5-91598-0-140726065839009.webp",,,,,,,
"2634233",,,,,,,,,,,,,,,,,,,,,,,,"https://static3.webx.pk/files/91598/Images/fwebp-6-91598-0-140726065839298.webp",,,,,,,
"2634358","PRIME B860M - A CSM D5 WIFI ","ASUS PRIME B860M-A WIFI-CSM D5 Intel LGA 1851 Micro-ATX Motherboard
The ASUS PRIME B860M-A WIFI-CSM D5 is a next-generation micro-ATX motherboard designed for Intel Core Ultra Processors (Series 2) on the B860 chipset. It delivers advanced AI capabilities, DDR5 memory, PCIe 5.0 support, built-in Wi-Fi 6E, dual high-speed M.2 slots, and robust cooling. Perfect for future-proof gaming rigs, content creation, AI workloads, and high-performance computing.
At GB Tech, we provide genuine ASUS products with premium quality, high customer satisfaction, full manufacturer warranty, and reliable home delivery across Pakistan.","PC Components > Motherboards","ASUS",,,,,,,,,,"1.10","No","In Stock","0","48500.00",,"0.00","0.00",,"/pc-components/motherboards/prime-b860m-a-csm-d5-wifi","https://static3.webx.pk/files/91598/Images/fwebp-91598-0-140726110728534.webp","Buy ASUS PRIME B860M-A WIFI-CSM D5 Motherboard Online Pakistan | GB Tech","Get the latest ASUS PRIME B860M-A WIFI-CSM D5 at GB Tech Pakistan. Intel Core Ultra Series 2 ready, DDR5 256GB, PCIe 5.0, Wi-Fi 6E, Dual M.2 & AI features. Genuine product with warranty & fast home delivery. Shop now for next-gen performance!",,"N","N","Y",
"2634358",,,,,,,,,,,,,,,,,,,,,,,,"https://static3.webx.pk/files/91598/Images/fwebp-1-91598-0-140726110727882.webp",,,,,,,
"2634358",,,,,,,,,,,,,,,,,,,,,,,,"https://static3.webx.pk/files/91598/Images/fwebp-3-91598-0-140726110727144.webp",,,,,,,
"2634358",,,,,,,,,,,,,,,,,,,,,,,,"https://static3.webx.pk/files/91598/Images/fwebp-5-91598-0-140726110725993.webp",,,,,,,
"2634358",,,,,,,,,,,,,,,,,,,,,,,,"https://static3.webx.pk/files/91598/Images/fwebp-2-91598-0-140726110727509.webp",,,,,,,
"2634358",,,,,,,,,,,,,,,,,,,,,,,,"https://static3.webx.pk/files/91598/Images/fwebp-4-91598-0-140726110725782.webp",,,,,,,
"2634358",,,,,,,,,,,,,,,,,,,,,,,,"https://static3.webx.pk/files/91598/Images/fwebp-6-91598-0-140726110726213.webp",,,,,,,
"2633386","PRIME H510M-F","Intel® H510 (LGA 1200) micro ATX motherboard with PCIe 4.0, D-Sub, USB 3.2 Gen 1 Type-A, SATA 6 Gbps, Realtek 1 Gb Ethernet","PC Components > Motherboards","ASUS",,,,,,,,,,"0.45","No","In Stock","0","25000.00",,"0.00","0.00",,"/pc-components/motherboards/prime-h510mf","https://static3.webx.pk/files/91598/Images/fwebp-91598-0-130726045409687.webp","ASUS EX-H510M-V3 H510 DDR4 Motherboard – Buy Online | GB Tech","Buy the ASUS EX-H510M-V3 motherboard at GB Tech. Compatible with Intel 10th & 11th Gen processors, featuring DDR4 support, PCIe expansion, genuine warranty, secure checkout, and fast home delivery.",,"N","N","Y",
"2633386",,,,,,,,,,,,,,,,,,,,,,,,"https://static3.webx.pk/files/91598/Images/fwebp-2-91598-0-130726045409448.webp",,,,,,,
"2633386",,,,,,,,,,,,,,,,,,,,,,,,"https://static3.webx.pk/files/91598/Images/fwebp-3-91598-0-130726045408116.webp",,,,,,,
"2633386",,,,,,,,,,,,,,,,,,,,,,,,"https://static3.webx.pk/files/91598/Images/fwebp-1-91598-0-130726045409503.webp",,,,,,,
"2633386",,,,,,,,,,,,,,,,,,,,,,,,"https://static3.webx.pk/files/91598/Images/fwebp-4-91598-0-130726045407817.webp",,,,,,,
"2633386",,,,,,,,,,,,,,,,,,,,,,,,"https://static3.webx.pk/files/91598/Images/fwebp-5-91598-0-130726045407937.webp",,,,,,,
"2633386",,,,,,,,,,,,,,,,,,,,,,,,"https://static3.webx.pk/files/91598/Images/w692-91598-0-130726045411581.webp",,,,,,,
"2634153","PRIME H610M - K ARGB D5","Intel® H610 (LGA 1700) micro-ATX motherboard, DDR5, PCIe 4.0, M.2 slot, Realtek 1 Gb Ethernet, HDMI™, VGA, USB 3.2 Gen 1, SATA 6 Gbps, Addressable Gen 2 headers, Aura Sync","PC Components > Motherboards","ASUS",,,,,,,,,,"0.90","No","In Stock","0","25000.00",,"0.00","0.00",,"/pc-components/motherboards/prime-h610m-k-argb-d5","https://static3.webx.pk/files/91598/Images/fwebp-91598-0-140726044902861.webp","Buy ASUS PRIME H610M-K ARGB D5 DDR5 Motherboard Online Pakistan | GB Tech","Get the ASUS PRIME H610M-K ARGB D5 DDR5 motherboard at GB Tech Pakistan. Stunning Aura Sync RGB, Intel 12th-14th Gen support, PCIe 4.0, fast DDR5 RAM & USB 5Gbps. Perfect for RGB gaming builds. Original product with warranty & fast home delivery. Shop now!",,"N","Y","Y",
"2634153",,,,,,,,,,,,,,,,,,,,,,,,"https://static3.webx.pk/files/91598/Images/fwebp-1-91598-0-140726044902419.webp",,,,,,,
"2634153",,,,,,,,,,,,,,,,,,,,,,,,"https://static3.webx.pk/files/91598/Images/fwebp-2-91598-0-140726044902018.webp",,,,,,,
"2634153",,,,,,,,,,,,,,,,,,,,,,,,"https://static3.webx.pk/files/91598/Images/fwebp-3-91598-0-140726044900663.webp",,,,,,,
"2634153",,,,,,,,,,,,,,,,,,,,,,,,"https://static3.webx.pk/files/91598/Images/fwebp-5-91598-0-140726044901136.webp",,,,,,,
"2634153",,,,,,,,,,,,,,,,,,,,,,,,"https://static3.webx.pk/files/91598/Images/fwebp-4-91598-0-140726044900913.webp",,,,,,,
"2637663","PROART Z890 CREATOR (WIFI) ","The ProArt Z890-CREATOR WIFI empowers creators of all levels by maximizing the performance of the latest Intel® Core™ Ultra Processor (Series 2) processors with 16+1+2+2 team power stages, DDR5 slots, PCIe® 5.0 and lightning-fast connectivity including dual Thunderbolt™ 5 ports, 10G and 2.5G Ethernet, and WiFi 7.

This motherboard manifests a professional, elegant and precise vision for content creators of all kinds, with a style elevated by tone-on-tone layers of black infused with metallic gold touches. A subtly designed I/O cover provides a sleek and sophisticated look while concealing the premium connectors within.","PC Components > Motherboards","ASUS",,,,,,,,,,"1.60","No","In Stock","0","180000.00",,"0.00","0.00",,"/pc-components/motherboards/proart-z890-creator-wifi","https://static3.webx.pk/files/91598/Images/fwebp-91598-0-160726120350625.webp","Buy ASUS PROART Z890-CREATOR WIFI Motherboard Online Pakistan | GB Tech","Professional ASUS PROART Z890-CREATOR WIFI at GB Tech Pakistan. Thunderbolt 4, DDR5, PCIe 5.0, Wi-Fi 7, studio audio & creator-optimized design. Perfect for video editing, 3D rendering & professional work. Genuine warranty & fast home delivery!",,"N","N","Y",
"2637663",,,,,,,,,,,,,,,,,,,,,,,,"https://static3.webx.pk/files/91598/Images/fwebp-1-91598-0-160726120349506.webp",,,,,,,
"2637663",,,,,,,,,,,,,,,,,,,,,,,,"https://static3.webx.pk/files/91598/Images/fwebp-2-91598-0-160726120349541.webp",,,,,,,
"2637663",,,,,,,,,,,,,,,,,,,,,,,,"https://static3.webx.pk/files/91598/Images/fwebp-6-91598-0-160726120347948.webp",,,,,,,
"2637663",,,,,,,,,,,,,,,,,,,,,,,,"https://static3.webx.pk/files/91598/Images/fwebp-3-91598-0-160726120349159.webp",,,,,,,
"2637663",,,,,,,,,,,,,,,,,,,,,,,,"https://static3.webx.pk/files/91598/Images/fwebp-4-91598-0-160726120347717.webp",,,,,,,
"2637663",,,,,,,,,,,,,,,,,,,,,,,,"https://static3.webx.pk/files/91598/Images/fwebp-5-91598-0-160726120347736.webp",,,,,,,
"2637401","ROG STRIX B860 - A GAMING WIFI","With NPU support and AI-enhanced solutions, the ROG STRIX B860-A Gaming WiFi is ready for advanced AI PC applications. Featuring a USB4® (20Gbps) port, PCIe® 5.0, and Aura Sync RGB lighting, it offers fast data transfers, versatile connectivity, and a customizable aesthetic to match your style.","PC Components > Motherboards","ASUS",,,,,,,,,,"1.40","No","In Stock","0","78500.00",,"0.00","0.00",,"/pc-components/motherboards/rog-strix-b860-a-gaming-wifi","https://static3.webx.pk/files/91598/Images/h732-1-91598-0-160726052245254.webp","Buy ASUS ROG STRIX B860-A GAMING WIFI Motherboard Online Pakistan | GB Tech","Premium ASUS ROG STRIX B860-A GAMING WIFI at GB Tech Pakistan. Stunning design, DDR5, PCIe 5.0, Wi-Fi 6E, SupremeFX audio & robust cooling. Ideal for high-end gaming with Intel Core Ultra. Genuine warranty & fast delivery!""
This ROG STRIX model is the premium flagship in the B860 lineup — perfect for users wanting aesthetics, performance, and features.",,"N","N","Y",
"2637401",,,,,,,,,,,,,,,,,,,,,,,,"https://static3.webx.pk/files/91598/Images/h732-91598-0-160726052245024.webp",,,,,,,
"2637401",,,,,,,,,,,,,,,,,,,,,,,,"https://static3.webx.pk/files/91598/Images/h732-2-91598-0-160726052241963.webp",,,,,,,
"2637401",,,,,,,,,,,,,,,,,,,,,,,,"https://static3.webx.pk/files/91598/Images/h732-4-91598-0-160726052240904.webp",,,,,,,
"2637401",,,,,,,,,,,,,,,,,,,,,,,,"https://static3.webx.pk/files/91598/Images/h732-3-91598-0-160726052241043.webp",,,,,,,
"2637401",,,,,,,,,,,,,,,,,,,,,,,,"https://static3.webx.pk/files/91598/Images/h732-5-91598-0-160726052240184.webp",,,,,,,
"2637401",,,,,,,,,,,,,,,,,,,,,,,,"https://static3.webx.pk/files/91598/Images/h732-6-91598-0-160726052239119.webp",,,,,,,
"2637655","ROG STRIX Z890 - F GAMING WIFI","With NPU boosting and cutting-edge AI solutions, the ROG STRIX Z890-F Gaming WiFi supports advanced AI-driven PC applications. Equipped with Thunderbolt™ 4, PCIe® 5.0, and Polymo lighting, it delivers blazing-fast data transfers, unparalleled connectivity and a customizable aesthetic that can be either subtle or bold.","PC Components > Motherboards","ASUS",,,,,,,,,,"1.50","No","In Stock","0","145000.00",,"0.00","0.00",,"/pc-components/motherboards/rog-strix-z890-f-gaming-wifi","https://static3.webx.pk/files/91598/Images/h732-91598-0-160726114916085.webp","Buy ASUS ROG STRIX Z890-F GAMING WIFI Motherboard Online Pakistan | GB Tech","Premium ASUS ROG STRIX Z890-F GAMING WIFI at GB Tech Pakistan. ROG design, DDR5, PCIe 5.0, Wi-Fi 7, SupremeFX audio & AI features. Perfect for high-end gaming with Intel Core Ultra processors. Genuine warranty & fast home delivery!",,"N","Y","Y",
"2637655",,,,,,,,,,,,,,,,,,,,,,,,"https://static3.webx.pk/files/91598/Images/h732-1-91598-0-160726114915079.webp",,,,,,,
"2637655",,,,,,,,,,,,,,,,,,,,,,,,"https://static3.webx.pk/files/91598/Images/h732-2-91598-0-160726114914894.webp",,,,,,,
"2637655",,,,,,,,,,,,,,,,,,,,,,,,"https://static3.webx.pk/files/91598/Images/h732-3-91598-0-160726114914847.webp",,,,,,,
"2637655",,,,,,,,,,,,,,,,,,,,,,,,"https://static3.webx.pk/files/91598/Images/h732-6-91598-0-160726114913260.webp",,,,,,,
"2637655",,,,,,,,,,,,,,,,,,,,,,,,"https://static3.webx.pk/files/91598/Images/h732-4-91598-0-160726114913403.webp",,,,,,,
"2637655",,,,,,,,,,,,,,,,,,,,,,,,"https://static3.webx.pk/files/91598/Images/h732-5-91598-0-160726114913602.webp",,,,,,,
"2637647","ROG STRIX Z890 - H GAMING WIFI","Powered advanced AI technologies and compatible with Intel processors featuring a Neural Processing Unit, the ROG STRIX Z890-H Gaming WiFi enables advanced AI PC applications. It features a USB 20Gbps Type-C® rear I/O port with up to 30-watt Power Delivery for fast charging, PCIe® 5.0 support, and Aura lighting. These capabilities provide ultra-fast data transfers, exceptional connectivity and customizable lighting that can be understated or striking.","PC Components > Motherboards","ASUS",,,,,,,,,,"1.50","No","In Stock","0","135000.00",,"0.00","0.00",,"/pc-components/motherboards/rog-strix-z890-h-gaming-wifi","https://static3.webx.pk/files/91598/Images/h732-91598-0-160726112640252.webp","Buy ASUS ROG STRIX Z890-H GAMING WIFI Motherboard Online Pakistan | GB Tech","Premium ASUS ROG STRIX Z890-H GAMING WIFI at GB Tech Pakistan. Stunning ROG design, DDR5, PCIe 5.0, Wi-Fi 7, SupremeFX audio & AI features. Ideal for high-end gaming with Intel Core Ultra processors. Genuine warranty & fast home delivery!",,"N","N","Y",
"2637647",,,,,,,,,,,,,,,,,,,,,,,,"https://static3.webx.pk/files/91598/Images/h732-1-91598-0-160726112639922.webp",,,,,,,
"2637647",,,,,,,,,,,,,,,,,,,,,,,,"https://static3.webx.pk/files/91598/Images/h732-2-91598-0-160726112639667.webp",,,,,,,
"2637647",,,,,,,,,,,,,,,,,,,,,,,,"https://static3.webx.pk/files/91598/Images/h732-3-91598-0-160726112638928.webp",,,,,,,
"2637647",,,,,,,,,,,,,,,,,,,,,,,,"https://static3.webx.pk/files/91598/Images/h732-4-91598-0-160726112638300.webp",,,,,,,
"2637647",,,,,,,,,,,,,,,,,,,,,,,,"https://static3.webx.pk/files/91598/Images/h732-5-91598-0-160726112638511.webp",,,,,,,
"2637612","TUF GAMING Z890 - PLUS (WIFI) ","ASUS TUF GAMING Z890-PLUS WIFI takes all the essential elements of the latest Intel® Core™ Ultra Processors (Series 2) processors and combines them with game-ready features and proven durability. Engineered with military-grade components, an upgraded power solution and a comprehensive cooling system, this motherboard goes beyond expectations with rock-solid and stable performance for marathon gaming. TUF GAMING motherboards also undergo rigorous endurance testing to ensure that they can handle conditions where others may fail. This platform delivers the power and connectivity that advanced AI PC applications demand.","PC Components > Motherboards","ASUS",,,,,,,,,,"1.40","No","In Stock","0","112000.00",,"0.00","0.00",,"/pc-components/motherboards/tuf-gaming-z890-plus-wifi","https://static3.webx.pk/files/91598/Images/fwebp-91598-0-160726105046266.webp","Buy ASUS TUF GAMING Z890-PLUS WIFI Motherboard Online Pakistan | GB Tech","Get the tough ASUS TUF GAMING Z890-PLUS WIFI at GB Tech Pakistan. Z890 chipset, DDR5, PCIe 5.0, Wi-Fi 6E, military-grade durability & strong cooling. Ideal for Intel Core Ultra gaming builds. Genuine warranty & fast home delivery!",,"N","N","Y",
"2637612",,,,,,,,,,,,,,,,,,,,,,,,"https://static3.webx.pk/files/91598/Images/fwebp-1-91598-0-160726105045841.webp",,,,,,,
"2637612",,,,,,,,,,,,,,,,,,,,,,,,"https://static3.webx.pk/files/91598/Images/fwebp-2-91598-0-160726105045668.webp",,,,,,,
"2637612",,,,,,,,,,,,,,,,,,,,,,,,"https://static3.webx.pk/files/91598/Images/fwebp-3-91598-0-160726105044254.webp",,,,,,,
"2637612",,,,,,,,,,,,,,,,,,,,,,,,"https://static3.webx.pk/files/91598/Images/fwebp-4-91598-0-160726105044262.webp",,,,,,,
"2637612",,,,,,,,,,,,,,,,,,,,,,,,"https://static3.webx.pk/files/91598/Images/fwebp-5-91598-0-160726105044487.webp",,,,,,,
"2640755","ASUS PRIME A620 M - E","AMD A620 micro-ATX motherboard, DDR5, PCIe 4.0 Graphics card and PCIe 4.0 M.2 support, DisplayPort, HDMI™, VGA, USB 3.2 Gen 1 Type-A, SATA 6 Gbps, Two-Way AI Noise Cancelation, Aura Sync","PC Components > Motherboards > AMD Motherboards","ASUS",,,,,,,,,,"0.85","No","In Stock","0","31000.00",,"0.00","0.00",,"/prime-a620-m-e","https://static3.webx.pk/files/91598/Images/fwebp-91598-0-180726073919128.webp","Buy ASUS PRIME A620M-E Motherboard Online Pakistan | GB Tech","Shop ASUS PRIME A620M-E at GB Tech Pakistan. Affordable AM5 motherboard with DDR5, PCIe 4.0 & M.2 support for Ryzen 7000/8000/9000 series. Perfect for budget builds. Genuine warranty & fast home delivery!",,"N","N","Y",
"2640755",,,,,,,,,,,,,,,,,,,,,,,,"https://static3.webx.pk/files/91598/Images/fwebp-1-91598-0-180726073918620.webp",,,,,,,
"2640755",,,,,,,,,,,,,,,,,,,,,,,,"https://static3.webx.pk/files/91598/Images/fwebp-2-91598-0-180726073918421.webp",,,,,,,
"2640755",,,,,,,,,,,,,,,,,,,,,,,,"https://static3.webx.pk/files/91598/Images/fwebp-3-91598-0-180726073917025.webp",,,,,,,
"2640755",,,,,,,,,,,,,,,,,,,,,,,,"https://static3.webx.pk/files/91598/Images/fwebp-4-91598-0-180726073917003.webp",,,,,,,
"2640755",,,,,,,,,,,,,,,,,,,,,,,,"https://static3.webx.pk/files/91598/Images/fwebp-5-91598-0-180726073917278.webp",,,,,,,
"2641060","ASUS PRIME X870 - P CSM WIFI ","ASUS Prime series motherboards are expertly engineered to unleash the full potential of AMD Ryzen™ 9000 series processors. Boasting a robust power design, comprehensive cooling solutions and intelligent tuning options, the PRIME X870-P WIFI-CSM motherboard provides users and PC DIY builders with a range of performance optimizations via intuitive software and firmware features. It’s designed to be Advanced AI PC-ready, offering the power and connectivity needed for demanding AI applications.","PC Components > Motherboards > AMD Motherboards","ASUS",,,,,,,,,,"1.05","No","In Stock","0","86500.00",,"0.00","0.00",,"/pc-components/motherboards/amd-motherboards/prime-x870-p-csm-wifi","https://static3.webx.pk/files/91598/Images/fwebp-91598-0-190726093043865.webp","Buy ASUS TUF GAMING B850-E WIFI Motherboard Online Pakistan | GB Tech","Shop ASUS TUF GAMING B850-E WIFI at GB Tech Pakistan. Military-grade TUF durability, DDR5, PCIe 5.0, Wi-Fi 7 & strong cooling for Intel Core Ultra processors. Great for compact gaming builds. Genuine warranty & fast home delivery!",,"N","N","Y",
"2641060",,,,,,,,,,,,,,,,,,,,,,,,"https://static3.webx.pk/files/91598/Images/fwebp-1-91598-0-190726093043578.webp",,,,,,,
"2641060",,,,,,,,,,,,,,,,,,,,,,,,"https://static3.webx.pk/files/91598/Images/fwebp-4-91598-0-190726093042235.webp",,,,,,,
"2641060",,,,,,,,,,,,,,,,,,,,,,,,"https://static3.webx.pk/files/91598/Images/fwebp-2-91598-0-190726093043441.webp",,,,,,,
"2641060",,,,,,,,,,,,,,,,,,,,,,,,"https://static3.webx.pk/files/91598/Images/fwebp-3-91598-0-190726093042082.webp",,,,,,,
"2641060",,,,,,,,,,,,,,,,,,,,,,,,"https://static3.webx.pk/files/91598/Images/fwebp-5-91598-0-190726093042459.webp",,,,,,,
"2641104","Asus ROG CROSSHAIR X870 E HERO","The AI PC-ready ROG Crosshair X870E Hero offers unyielding power delivery, robust thermal management, hyperspeed connectivity, comprehensive PCIE 5.0 and DDR5 support to unleash the performance of AMD Ryzen™ 9000 Series processors. Dark hues predominate across this motherboard, drawing your attention to premium metallic textures, nickel-plated surfaces, sleek contours and a stereoscopic visual effect on the large M.2 and chipset heatsink. This board also features the Polymo Lighting II effect. This upgraded lighting module built into the I/O shroud provides more dynamic RGB illumination for the signature ROG logo.","PC Components > Motherboards > AMD Motherboards","ASUS",,,,,,,,,,"1.70","No","In Stock","0","235000.00",,"0.00","0.00",,"/pc-components/motherboards/amd-motherboards/rog-crosshair-x870-e-hero","https://static3.webx.pk/files/91598/Images/h732-91598-0-190726102312203.webp","Buy ASUS ROG CROSSHAIR X870E HERO Motherboard Online Pakistan | GB Tech","Flagship ASUS ROG CROSSHAIR X870E HERO at GB Tech Pakistan. Extreme overclocking, DDR5, PCIe 5.0, Wi-Fi 7, SupremeFX audio & ROG AI features. Ultimate gaming performance with Ryzen 9000. Genuine warranty & fast home delivery!",,"N","N","Y",
"2641104",,,,,,,,,,,,,,,,,,,,,,,,"https://static3.webx.pk/files/91598/Images/h732-1-91598-0-190726102312151.webp",,,,,,,
"2641104",,,,,,,,,,,,,,,,,,,,,,,,"https://static3.webx.pk/files/91598/Images/h732-4-91598-0-190726102310975.webp",,,,,,,
"2641104",,,,,,,,,,,,,,,,,,,,,,,,"https://static3.webx.pk/files/91598/Images/h732-2-91598-0-190726102311410.webp",,,,,,,
"2641104",,,,,,,,,,,,,,,,,,,,,,,,"https://static3.webx.pk/files/91598/Images/h732-3-91598-0-190726102310426.webp",,,,,,,
"2641104",,,,,,,,,,,,,,,,,,,,,,,,"https://static3.webx.pk/files/91598/Images/h732-5-91598-0-190726102310795.webp",,,,,,,
"2641098","Asus ROG STRIX X870 - A GAMING WIFI ","Elevate your build with the ROG Strix X870-A Gaming WiFi. Featuring a sleek white PCB and support for AMD Ryzen™ 9000 Series processors, this motherboard delivers the power and connectivity needed for advanced AI applications. With DDR5 support, full PCIe 5.0 capabilities, dual USB4® ports, and WiFi 7, it's the ultimate blend of style and performance.","PC Components > Motherboards > AMD Motherboards","ASUS",,,,,,,,,,"1.55","No","In Stock","0","125000.00",,"0.00","0.00",,"/pc-components/motherboards/amd-motherboards/rog-strix-x870-a-gaming-wifi","https://static3.webx.pk/files/91598/Images/h732-91598-0-190726095453261.webp","Buy ASUS ROG STRIX X870-A GAMING WIFI Motherboard Online Pakistan | GB Tech","Premium ASUS ROG STRIX X870-A GAMING WIFI at GB Tech Pakistan. Stunning ROG design, DDR5, PCIe 5.0, Wi-Fi 7, SupremeFX audio & AI features. Ideal for high-end gaming with Ryzen 9000. Genuine warranty & fast home delivery!",,"N","N","Y",
"2641098",,,,,,,,,,,,,,,,,,,,,,,,"https://static3.webx.pk/files/91598/Images/h732-2-91598-0-190726095452433.webp",,,,,,,
"2641098",,,,,,,,,,,,,,,,,,,,,,,,"https://static3.webx.pk/files/91598/Images/h732-4-91598-0-190726095451221.webp",,,,,,,
"2641098",,,,,,,,,,,,,,,,,,,,,,,,"https://static3.webx.pk/files/91598/Images/h732-1-91598-0-190726095452529.webp",,,,,,,
"2641098",,,,,,,,,,,,,,,,,,,,,,,,"https://static3.webx.pk/files/91598/Images/h732-5-91598-0-190726095450672.webp",,,,,,,
"2641098",,,,,,,,,,,,,,,,,,,,,,,,"https://static3.webx.pk/files/91598/Images/h732-3-91598-0-190726095451983.webp",,,,,,,
"2641098",,,,,,,,,,,,,,,,,,,,,,,,"https://static3.webx.pk/files/91598/Images/h732-6-91598-0-190726095450874.webp",,,,,,,
"2641102","Asus ROG STRIX X870 - F GAMING WIFI ","The ROG Strix X870-F Gaming WiFi is built to dominate with AMD Ryzen™ 9000 Series Desktop Processors. Its advanced power design and AI solutions ensure peak performance, while dual USB4® ports, WiFi 7 and high-speed DDR5 slots provide cutting-edge connectivity. This motherboard delivers the power and speed essential for elite gaming and the demands of advanced AI PC applications.","PC Components > Motherboards > AMD Motherboards","ASUS",,,,,,,,,,"1.50","No","In Stock","0","125000.00",,"0.00","0.00",,"/pc-components/motherboards/amd-motherboards/rog-strix-x870-f-gaming-wifi","https://static3.webx.pk/files/91598/Images/h732-91598-0-190726101135273.webp","Buy ASUS ROG STRIX X870-F GAMING WIFI Motherboard Online Pakistan | GB Tech","Premium ASUS ROG STRIX X870-F GAMING WIFI at GB Tech Pakistan. ROG design, DDR5, PCIe 5.0, Wi-Fi 7, SupremeFX audio & AI features. Perfect for high-end gaming with Ryzen 9000 series. Genuine warranty & fast home delivery!",,"N","N","Y",
"2641102",,,,,,,,,,,,,,,,,,,,,,,,"https://static3.webx.pk/files/91598/Images/h732-1-91598-0-190726101134668.webp",,,,,,,
"2641102",,,,,,,,,,,,,,,,,,,,,,,,"https://static3.webx.pk/files/91598/Images/h732-4-91598-0-190726101133476.webp",,,,,,,
"2641102",,,,,,,,,,,,,,,,,,,,,,,,"https://static3.webx.pk/files/91598/Images/h732-2-91598-0-190726101134524.webp",,,,,,,
"2641102",,,,,,,,,,,,,,,,,,,,,,,,"https://static3.webx.pk/files/91598/Images/h732-3-91598-0-190726101134057.webp",,,,,,,
"2641102",,,,,,,,,,,,,,,,,,,,,,,,"https://static3.webx.pk/files/91598/Images/h732-5-91598-0-190726101132901.webp",,,,,,,
"2641102",,,,,,,,,,,,,,,,,,,,,,,,"https://static3.webx.pk/files/91598/Images/h732-6-91598-0-190726101133171.webp",,,,,,,
"2641103","ASUS ROG Strix X870E-E Gaming WiFi AMD AM5 DDR5 Motherboard","The ROG Strix X870E-E Gaming WiFi is engineered to harness the full potential of AMD Ryzen™ 9000 Series processors. Featuring PCIe® 5.0 support, AI Overclocking, AI Cooling II, AI Networking II, and AEMP, setup is streamlined while performance is maximized. Dual USB4® Type-C ports and WiFi 7 with Realtek 5Gb Ethernet ensure top-tier connectivity, while robust heatsinks keep M.2 drives cool under heavy loads. This motherboard not only meets the demands of gaming and professional applications but also delivers the power and connectivity essential for advanced AI PC applications.","PC Components > Motherboards > AMD Motherboards","ASUS",,,,,,,,,,"1.60","No","In Stock","0","165000.00",,"0.00","0.00",,"/asus-rog-strix-x870ee-gaming-wifi-amd-am5-ddr5-motherboard","https://static3.webx.pk/files/91598/Images/h732-91598-0-190726101725702.webp","Buy ASUS ROG STRIX X870E-E GAMING WIFI Motherboard Online Pakistan | GB Tech","Premium ASUS ROG STRIX X870E-E GAMING WIFI at GB Tech Pakistan. ROG design, DDR5, PCIe 5.0, Wi-Fi 7, SupremeFX audio & AI features. Top-tier gaming performance with Ryzen 9000. Genuine warranty & fast home delivery!",,"N","N","Y",
"2641103",,,,,,,,,,,,,,,,,,,,,,,,"https://static3.webx.pk/files/91598/Images/h732-1-91598-0-190726101725577.webp",,,,,,,
"2641103",,,,,,,,,,,,,,,,,,,,,,,,"https://static3.webx.pk/files/91598/Images/h732-3-91598-0-190726101724457.webp",,,,,,,
"2641103",,,,,,,,,,,,,,,,,,,,,,,,"https://static3.webx.pk/files/91598/Images/h732-2-91598-0-190726101725140.webp",,,,,,,
"2641103",,,,,,,,,,,,,,,,,,,,,,,,"https://static3.webx.pk/files/91598/Images/h732-4-91598-0-190726101723880.webp",,,,,,,
"2641103",,,,,,,,,,,,,,,,,,,,,,,,"https://static3.webx.pk/files/91598/Images/h732-5-91598-0-190726101724185.webp",,,,,,,
"2641101","Asus ROG STRIX X870E-H GAMING WIFI7","Transform your gaming experience with the ROG STRIX X870E-H GAMING WIFI7 motherboard. Engineered to dominate with AMD Ryzen™ 9000 Series Desktop Processors, this ATX powerhouse features cutting-edge power design and AI-enhanced solutions. With PCIe 5.0 x16 slots, dual USB4® Type-C ports, and WiFi 7, it delivers advanced connectivity. DIY-friendly features like M.2 Q-Release on all four M.2 slots and PCIe Slot Q-Release make building and upgrades effortless. Unleash your system's full potential with the ROG STRIX X870E-H GAMING WIFI7.","PC Components > Motherboards > AMD Motherboards","ASUS",,,,,,,,,,"1.60","No","In Stock","0","120000.00",,"0.00","0.00",,"/pc-components/motherboards/amd-motherboards/rog-strix-x870eh-gaming-wifi7","https://static3.webx.pk/files/91598/Images/h732-91598-0-190726100229136.webp","Buy ASUS ROG STRIX X870E-H GAMING WIFI 7 Motherboard Online Pakistan | GB Tech","Premium ASUS ROG STRIX X870E-H GAMING WIFI 7 at GB Tech Pakistan. ROG design, DDR5, PCIe 5.0, Wi-Fi 7, SupremeFX audio & AI features. Top-tier gaming performance with Ryzen 9000. Genuine warranty & fast home delivery!",,"N","N","Y",
"2641101",,,,,,,,,,,,,,,,,,,,,,,,"https://static3.webx.pk/files/91598/Images/h732-1-91598-0-190726100228516.webp",,,,,,,
"2641101",,,,,,,,,,,,,,,,,,,,,,,,"https://static3.webx.pk/files/91598/Images/h732-2-91598-0-190726100228772.webp",,,,,,,
"2641101",,,,,,,,,,,,,,,,,,,,,,,,"https://static3.webx.pk/files/91598/Images/h732-3-91598-0-190726100227675.webp",,,,,,,
"2641101",,,,,,,,,,,,,,,,,,,,,,,,"https://static3.webx.pk/files/91598/Images/h732-5-91598-0-190726100227091.webp",,,,,,,
"2641101",,,,,,,,,,,,,,,,,,,,,,,,"https://static3.webx.pk/files/91598/Images/h732-4-91598-0-190726100227111.webp",,,,,,,
"2641013","ASUS TUF GAMING B850 - E WIFI ","ASUS TUF GAMING B850-E WIFI takes all the essential elements of the latest AMD Ryzen™ processors and combines them with game-ready features and proven durability. Engineered with military-grade components, an upgraded power solution and a comprehensive cooling system, this motherboard goes beyond expectations with rock-solid and stable performance for marathon gaming. TUF GAMING motherboards also undergo rigorous endurance testing to ensure that they can handle conditions where others may fail. This platform delivers the power and connectivity that advanced AI PC applications demand.","PC Components > Motherboards > AMD Motherboards","ASUS",,,,,,,,,,"1.05","No","In Stock","0","75000.00",,"0.00","0.00",,"/pc-components/motherboards/amd-motherboards/tuf-gaming-b850-e-wifi","https://static3.webx.pk/files/91598/Images/fwebp-91598-0-190726092004248.webp","Buy ASUS TUF GAMING B850-E WIFI Motherboard Online Pakistan | GB Tech","Shop ASUS TUF GAMING B850-E WIFI at GB Tech Pakistan. Military-grade TUF durability, DDR5, PCIe 5.0, Wi-Fi 7 & strong cooling for Intel Core Ultra processors. Great for compact gaming builds. Genuine warranty & fast home delivery!",,"N","N","Y",
"2641013",,,,,,,,,,,,,,,,,,,,,,,,"https://static3.webx.pk/files/91598/Images/fwebp-1-91598-0-190726092003770.webp",,,,,,,
"2641013",,,,,,,,,,,,,,,,,,,,,,,,"https://static3.webx.pk/files/91598/Images/fwebp-3-91598-0-190726092002626.webp",,,,,,,
"2641013",,,,,,,,,,,,,,,,,,,,,,,,"https://static3.webx.pk/files/91598/Images/fwebp-2-91598-0-190726092002318.webp",,,,,,,
"2641013",,,,,,,,,,,,,,,,,,,,,,,,"https://static3.webx.pk/files/91598/Images/fwebp-4-91598-0-190726092002739.webp",,,,,,,
"2641011","ASUS TUF GAMING B850M-PLUS WIFI7","ASUS TUF GAMING B850M-PLUS WIFI7 takes all the essential elements of the latest AMD Ryzen™ processors and combines them with game-ready features and proven durability. Engineered with military-grade components, an upgraded power solution and a comprehensive cooling system, this motherboard goes beyond expectations with rock-solid and stable performance for marathon gaming. TUF GAMING motherboards also undergo rigorous endurance testing to ensure that they can handle conditions where others may fail. This platform delivers the power and connectivity that advanced AI PC applications demand.","PC Components > Motherboards > AMD Motherboards","ASUS",,,,,,,,,,"1.10","No","In Stock","0","65000.00",,"0.00","0.00",,"/uncategorized/tuf-gaming-b850mplus-wifi7","https://static3.webx.pk/files/91598/Images/fwebp-1-91598-0-190726091002193.webp","Buy ASUS TUF GAMING B850M-PLUS WIFI 7 Motherboard Online Pakistan | GB Tech","Shop ASUS TUF GAMING B850M-PLUS WIFI 7 at GB Tech Pakistan. Military-grade durability, DDR5, PCIe 5.0, Wi-Fi 7 & strong cooling for Intel Core Ultra. Perfect for compact gaming PCs. Genuine warranty & fast home delivery!",,"N","N","Y",
"2641011",,,,,,,,,,,,,,,,,,,,,,,,"https://static3.webx.pk/files/91598/Images/fwebp-91598-0-190726091002148.webp",,,,,,,
"2641011",,,,,,,,,,,,,,,,,,,,,,,,"https://static3.webx.pk/files/91598/Images/fwebp-4-91598-0-190726091000644.webp",,,,,,,
"2641011",,,,,,,,,,,,,,,,,,,,,,,,"https://static3.webx.pk/files/91598/Images/fwebp-2-91598-0-190726091000448.webp",,,,,,,
"2641011",,,,,,,,,,,,,,,,,,,,,,,,"https://static3.webx.pk/files/91598/Images/fwebp-3-91598-0-190726091000523.webp",,,,,,,
"2641097","ASUS TUF GAMING X870 - PLUS WIFI","ASUS TUF GAMING X870-PLUS WIFI takes all the essential elements of the latest AMD Ryzen™ processors and combines them with game-ready features and proven durability. Engineered with military-grade components, an upgraded power solution and a comprehensive cooling system, this motherboard goes beyond expectations with rock-solid and stable performance for marathon gaming. TUF GAMING motherboards also undergo rigorous endurance testing to ensure that they can handle conditions where others may fail. This platform delivers the power and connectivity that advanced AI PC applications demand.","PC Components > Motherboards > AMD Motherboards","ASUS",,,,,,,,,,"1.45","No","In Stock","0","105000.00",,"0.00","0.00",,"/pc-components/motherboards/amd-motherboards/tuf-gaming-x870-plus-wifi","https://static3.webx.pk/files/91598/Images/fwebp-91598-0-190726094620776.webp","Buy ASUS TUF GAMING X870-PLUS WIFI Motherboard Online Pakistan | GB Tech","Shop ASUS TUF GAMING X870-PLUS WIFI at GB Tech Pakistan. Military-grade TUF durability, DDR5, PCIe 5.0, Wi-Fi 7 & strong cooling for Ryzen 9000 series. Great for high-performance gaming. Genuine warranty & fast home delivery!",,"N","N","Y",
"2641097",,,,,,,,,,,,,,,,,,,,,,,,"https://static3.webx.pk/files/91598/Images/fwebp-1-91598-0-190726094620550.webp",,,,,,,
"2641097",,,,,,,,,,,,,,,,,,,,,,,,"https://static3.webx.pk/files/91598/Images/fwebp-2-91598-0-190726094619136.webp",,,,,,,
"2641097",,,,,,,,,,,,,,,,,,,,,,,,"https://static3.webx.pk/files/91598/Images/fwebp-3-91598-0-190726094619382.webp",,,,,,,
"2641097",,,,,,,,,,,,,,,,,,,,,,,,"https://static3.webx.pk/files/91598/Images/fwebp-4-91598-0-190726094619488.webp",,,,,,,
"2641095","Asus X870 MAX GAMING WIFI7","ASUS X870 series motherboards are expertly engineered to unleash the full potential of AMD Ryzen™ 9000 series processors. Boasting a robust power design, comprehensive cooling solutions and intelligent tuning options, the X870 MAX GAMING WIFI7 motherboard provides users and PC DIY builders with a range of performance optimizations via intuitive software and firmware features. It’s designed to be Advanced AI PC-ready, offering the power and connectivity needed for demanding AI applications.","PC Components > Motherboards > AMD Motherboards","ASUS","Color","White",,,,,,,,"1.50","No","In Stock","0","98500.00",,"0.00","0.00",,"/pc-components/motherboards/amd-motherboards/x870-max-gaming-wifi7","https://static3.webx.pk/files/91598/Images/fwebp-91598-0-190726093705737.webp","Buy ASUS X870 MAX GAMING WIFI 7 Motherboard Online Pakistan | GB Tech","Shop ASUS X870 MAX GAMING WIFI 7 at GB Tech Pakistan. High-end X870 chipset, DDR5, PCIe 5.0, Wi-Fi 7 & strong cooling for Ryzen 9000 series. Perfect for maximum gaming performance. Genuine warranty & fast home delivery!",,"N","N","Y",
"2641095",,,,,,"Black",,,,,,,,"1.50",,,"0","98500.00",,,,,,"https://static3.webx.pk/files/91598/Images/fwebp-1-91598-0-190726093705493.webp",,,,,,,
"2641095",,,,,,,,,,,,,,,,,,,,,,,,"https://static3.webx.pk/files/91598/Images/fwebp-4-91598-0-190726093704216.webp",,,,,,,
"2641095",,,,,,,,,,,,,,,,,,,,,,,,"https://static3.webx.pk/files/91598/Images/fwebp-3-91598-0-190726093704460.webp",,,,,,,
"2641095",,,,,,,,,,,,,,,,,,,,,,,,"https://static3.webx.pk/files/91598/Images/fwebp-5-91598-0-190726093703965.webp",,,,,,,
"2641095",,,,,,,,,,,,,,,,,,,,,,,,"https://static3.webx.pk/files/91598/Images/fwebp-6-91598-0-190726093702636.webp",,,,,,,
"2641095",,,,,,,,,,,,,,,,,,,,,,,,"https://static3.webx.pk/files/91598/Images/fwebp-7-91598-0-190726093702444.webp",,,,,,,
"2641095",,,,,,,,,,,,,,,,,,,,,,,,"https://static3.webx.pk/files/91598/Images/fwebp-8-91598-0-190726093702706.webp",,,,,,,
"2638484","PRIME A520M - K","AMD A520 (Ryzen AM4) micro ATX motherboard with M.2 support, 1 Gb Ethernet, HDMI/D-Sub, SATA 6 Gbps, USB 3.2 Gen 1 Type-A","PC Components > Motherboards > AMD Motherboards","ASUS",,,,,,,,,,"0.80","No","In Stock","0","20800.00",,"0.00","0.00",,"/pc-components/motherboards/amd-processors/prime-a520m-k","https://static3.webx.pk/files/91598/Images/p3jbrwz1qhktvcdz-setting-fff-1-90-end-800-91598-0-170726061431395.webp","Buy ASUS PRIME A520M-K Motherboard Online Pakistan | GB Tech","Shop ASUS PRIME A520M-K at GB Tech Pakistan. Reliable A520 chipset, DDR4, M.2 support for AMD Ryzen processors. Perfect for budget gaming and daily use builds. Genuine warranty & fast home delivery!",,"N","N","Y",
"2638484",,,,,,,,,,,,,,,,,,,,,,,,"https://static3.webx.pk/files/91598/Images/xpbjekqezqbrwt5n-setting-fff-1-90-end-800-91598-0-170726061431032.webp",,,,,,,
"2638484",,,,,,,,,,,,,,,,,,,,,,,,"https://static3.webx.pk/files/91598/Images/pqerl1syvua5y2uo-setting-fff-1-90-end-800-91598-0-170726061429962.webp",,,,,,,
"2638484",,,,,,,,,,,,,,,,,,,,,,,,"https://static3.webx.pk/files/91598/Images/gyykbnhfqqx0iaub-setting-fff-1-90-end-800-91598-0-170726061429695.webp",,,,,,,
"2638484",,,,,,,,,,,,,,,,,,,,,,,,"https://static3.webx.pk/files/91598/Images/6peof0lqfecghmrh-setting-fff-1-90-end-800-91598-0-170726061429826.webp",,,,,,,
"2638515","PRIME B550M-A WIFI II","AMD B550 (Ryzen AM4) micro ATX motherboard with dual M.2, PCIe 4.0, Wi-Fi 6, 1 Gb Ethernet, HDMI, DVI-D, D-Sub, SATA 6 Gbps, USB 3.2 Gen 2 Type-A, and Aura Sync RGB lighting support","PC Components > Motherboards > AMD Motherboards","ASUS",,,,,,,,,,"0.95","No","In Stock","0","39800.00",,"0.00","0.00",,"/pc-components/motherboards/amd-motherboards/prime-b550ma-wifi-ii","https://static3.webx.pk/files/91598/Images/fwebp-91598-0-170726070925445.webp","Buy ASUS PRIME B550M-A (WIFI) II D4 Motherboard Online Pakistan | GB Tech","Shop ASUS PRIME B550M-A (WIFI) II D4 at GB Tech Pakistan. B550 chipset, DDR4, PCIe 4.0, built-in Wi-Fi 6 & M.2 support for AMD Ryzen. Great for gaming & daily use. Genuine warranty & fast home delivery!",,"N","N","Y",
"2638515",,,,,,,,,,,,,,,,,,,,,,,,"https://static3.webx.pk/files/91598/Images/fwebp-1-91598-0-170726070925070.webp",,,,,,,
"2638515",,,,,,,,,,,,,,,,,,,,,,,,"https://static3.webx.pk/files/91598/Images/fwebp-2-91598-0-170726070923960.webp",,,,,,,
"2638515",,,,,,,,,,,,,,,,,,,,,,,,"https://static3.webx.pk/files/91598/Images/fwebp-3-91598-0-170726070923760.webp",,,,,,,
"2638515",,,,,,,,,,,,,,,,,,,,,,,,"https://static3.webx.pk/files/91598/Images/fwebp-4-91598-0-170726070923823.webp",,,,,,,
"2640772","PRIME B840 M - A CSM D5 WIFI","ASUS Prime series motherboards are expertly engineered to unleash the full potential of AMD Ryzen™ 9000 series processors. The PRIME B840M-A WIFI-CSM motherboard provides users and PC DIY builders with a range of performance optimizations via intuitive software and firmware features. It’s designed to be Advanced AI PC-ready, offering the power and connectivity needed for demanding AI applications.","PC Components > Motherboards > AMD Motherboards","ASUS",,,,,,,,,,"1.00","No","In Stock","0","37500.00",,"0.00","0.00",,"/pc-components/motherboards/amd-motherboards/prime-b840-m-a-csm-d5-wifi","https://static3.webx.pk/files/91598/Images/fwebp-91598-0-180726081917347.webp","Buy ASUS PRIME B840M-A CSM D5 WIFI Motherboard Online Pakistan | GB Tech","Shop ASUS PRIME B840M-A CSM D5 WIFI at GB Tech Pakistan. Stable B840 chipset, DDR5, PCIe 5.0, Wi-Fi 6E & CSM reliability for Intel Core Ultra processors. Great for daily and professional builds. Genuine warranty & fast home delivery!",,"N","N","Y",
"2640772",,,,,,,,,,,,,,,,,,,,,,,,"https://static3.webx.pk/files/91598/Images/fwebp-1-91598-0-180726081916731.webp",,,,,,,
"2640772",,,,,,,,,,,,,,,,,,,,,,,,"https://static3.webx.pk/files/91598/Images/fwebp-2-91598-0-180726081916522.webp",,,,,,,
"2640772",,,,,,,,,,,,,,,,,,,,,,,,"https://static3.webx.pk/files/91598/Images/fwebp-4-91598-0-180726081915219.webp",,,,,,,
"2640772",,,,,,,,,,,,,,,,,,,,,,,,"https://static3.webx.pk/files/91598/Images/fwebp-3-91598-0-180726081915444.webp",,,,,,,
"2640772",,,,,,,,,,,,,,,,,,,,,,,,"https://static3.webx.pk/files/91598/Images/fwebp-5-91598-0-180726081915566.webp",,,,,,,
"2640756","TUF GAMING B650M-E WIFI","ASUS TUF GAMING B650M-E WIFI takes all the essential elements of the latest AMD Ryzen™ Desktop Processors and combines them with game-ready features and proven durability. Engineered with military-grade components, an upgraded power solution and a comprehensive cooling system, this motherboard goes beyond expectations with rock-solid and stable performance for marathon gaming. TUF GAMING motherboards also undergo rigorous endurance testing to ensure that they can handle conditions where others may fail. Aesthetically, this model incorporates rugged off-black and geometric design elements to reflect the dependability and stability that defines the TUF GAMING series. This platform delivers the power and connectivity that advanced AI PC applications demand.","PC Components > Motherboards > AMD Motherboards","ASUS",,,,,,,,,,"1.05","No","In Stock","0","48500.00",,"0.00","0.00",,"/pc-components/motherboards/amd-motherboards/tuf-gaming-b650me-wifi","https://static3.webx.pk/files/91598/Images/fwebp-91598-0-180726074929897.webp","Buy ASUS TUF GAMING B650M-E WIFI Motherboard Online Pakistan | GB Tech","Shop ASUS TUF GAMING B650M-E WIFI at GB Tech Pakistan. Military-grade durability, DDR5, PCIe 4.0, Wi-Fi 6 & strong cooling for AMD Ryzen. Perfect for compact gaming PCs. Genuine warranty & fast home delivery!",,"N","N","Y",
"2640756",,,,,,,,,,,,,,,,,,,,,,,,"https://static3.webx.pk/files/91598/Images/fwebp-1-91598-0-180726074929814.webp",,,,,,,
"2640756",,,,,,,,,,,,,,,,,,,,,,,,"https://static3.webx.pk/files/91598/Images/fwebp-2-91598-0-180726074929683.webp",,,,,,,
"2640756",,,,,,,,,,,,,,,,,,,,,,,,"https://static3.webx.pk/files/91598/Images/fwebp-4-91598-0-180726074928195.webp",,,,,,,
"2640756",,,,,,,,,,,,,,,,,,,,,,,,"https://static3.webx.pk/files/91598/Images/fwebp-3-91598-0-180726074928163.webp",,,,,,,
"2640756",,,,,,,,,,,,,,,,,,,,,,,,"https://static3.webx.pk/files/91598/Images/fwebp-5-91598-0-180726074928352.webp",,,,,,,
"2641105","ASUS Dual GeForce RTX™ 5050 8GB GDDR6 OC Edition","ASUS Dual GeForce RTX™ 5050 combines powerful thermal performance with broad compatibility. Advanced cooling solutions from flagship graphics cards — including two Axial-tech fans for optimizing airflow to the heatsink. Designed in a compact 2-slot form factor, delivering more power in less space. These enhancements make ASUS Dual the perfect choice for gamers who want heavyweight graphics performance in a compact build.","PC Components > Graphics Cards","ASUS",,,,,,,,,,"0.80","No","In Stock","0","105000.00",,"0.00","0.00",,"/pc-components/graphics-cards/dual-rtx-5050-08g","https://static3.webx.pk/files/91598/Images/a836e265-1cd1-4aa0-b75a-8f0e1a212bc3-91598-2641105-210726055840533.webp","Buy ASUS DUAL RTX 5050 8G Graphics Card Online Pakistan | GB Tech","Shop ASUS DUAL RTX 5050 8G at GB Tech Pakistan. Excellent 1080p/1440p gaming with 8GB GDDR7, DLSS 4, Ray Tracing & dual-fan cooling. Compact & reliable. Genuine warranty & fast home delivery!",,"N","N","Y",
"2641105",,,,,,,,,,,,,,,,,,,,,,,,"https://static3.webx.pk/files/91598/Images/fwebp-91598-0-190726102851050.webp",,,,,,,
"2641105",,,,,,,,,,,,,,,,,,,,,,,,"https://static3.webx.pk/files/91598/Images/fwebp-1-91598-0-190726102850797.webp",,,,,,,
"2641105",,,,,,,,,,,,,,,,,,,,,,,,"https://static3.webx.pk/files/91598/Images/fwebp-2-91598-0-190726102849521.webp",,,,,,,
"2641105",,,,,,,,,,,,,,,,,,,,,,,,"https://static3.webx.pk/files/91598/Images/fwebp-3-91598-0-190726102849427.webp",,,,,,,
"2641105",,,,,,,,,,,,,,,,,,,,,,,,"https://static3.webx.pk/files/91598/Images/fwebp-4-91598-0-190726102849698.webp",,,,,,,
"2643740","ASUS Dual GeForce RTX™ 5060 OC Edition 8GB GDDR7","A compact, quiet powerhouse for 1080p/1440p gaming and creative work. Built on the NVIDIA Blackwell architecture with DLSS 4 support, this card packs dual Axial-tech fans for optimized heatsink airflow in a compact 2.5-slot form factor, making it ideal for small-form-factor builds that still want serious performance","PC Components > Graphics Cards","ASUS","Color","Black",,,,,,,,"1.08","No","In Stock","0","126000.00",,"0.00","0.00",,"/asus-dual-geforce-rtx-5060-oc-edition-8gb-gddr7","https://static3.webx.pk/files/91598/Images/c6ac5dbd-277b-4ddb-9a01-fca017daad97-1-91598-0-210726052417387.webp","ASUS Dual GeForce RTX 5060 OC 8GB GDDR7 Graphics Card","ASUS Dual GeForce RTX 5060 OC 8GB GDDR7 — Blackwell architecture, DLSS 4, compact 2.5-slot design, dual 0dB fans for quiet, powerful gaming performance.",,"N","N","Y",
"2643740",,,,,,"White",,,,,,,,"1.08",,,"0","128500.00",,,,,,"https://static3.webx.pk/files/91598/Images/fwebp-1-91598-0-210726052549078.webp",,,,,,,
"2643740",,,,,,,,,,,,,,,,,,,,,,,,"https://static3.webx.pk/files/91598/Images/fwebp-2-91598-0-210726052549078.webp",,,,,,,
"2643740",,,,,,,,,,,,,,,,,,,,,,,,"https://static3.webx.pk/files/91598/Images/fwebp-91598-0-210726052550598.webp",,,,,,,
"2643740",,,,,,,,,,,,,,,,,,,,,,,,"https://static3.webx.pk/files/91598/Images/fwebp-4-91598-2643740-210726054456608.webp",,,,,,,
"2643740",,,,,,,,,,,,,,,,,,,,,,,,"https://static3.webx.pk/files/91598/Images/fwebp-5-91598-2643740-210726054456577.webp",,,,,,,
"2643740",,,,,,,,,,,,,,,,,,,,,,,,"https://static3.webx.pk/files/91598/Images/fwebp-6-91598-2643740-210726054456587.webp",,,,,,,
"2643740",,,,,,,,,,,,,,,,,,,,,,,,"https://static3.webx.pk/files/91598/Images/4d16a4fc-26d9-4ce3-9d8b-6589decec3c4-91598-2643740-210726054529810.webp",,,,,,,
"2643744","ASUS Dual GeForce RTX™ 5060 Ti 8GB GDDR7 OC Edition","A step up from the RTX 5060, the Dual RTX 5060 Ti brings nearly double the CUDA core count and higher AI performance in the same compact 2.5-slot footprint. Great for 1440p gaming and creative workloads, it keeps the same proven dual Axial-tech fan cooling and 0dB silent technology, so you get more performance without giving up quiet, compact-build compatibility.","PC Components > Graphics Cards","ASUS",,,,,,,,,,"0.55","No","In Stock","0","155000.00",,"0.00","0.00",,"/asus-dual-geforce-rtx-5060-ti-8gb-gddr7-oc-edition","https://static3.webx.pk/files/91598/Images/415a9156-dbf8-45ec-9e85-444db315d122-91598-2643744-210726060444626.webp","ASUS Dual GeForce RTX 5060 Ti OC 8GB GDDR7 Graphics Card","ASUS Dual GeForce RTX 5060 Ti OC 8GB GDDR7 — Blackwell architecture, DLSS 4, compact 2.5-slot design, dual 0dB fans for quiet 1440p gaming performance.",,"N","N","Y",
"2643744",,,,,,,,,,,,,,,,,,,,,,,,"https://static3.webx.pk/files/91598/Images/fwebp-2-91598-0-210726060255353.webp",,,,,,,
"2643744",,,,,,,,,,,,,,,,,,,,,,,,"https://static3.webx.pk/files/91598/Images/fwebp-1-91598-0-210726060255178.webp",,,,,,,
"2643744",,,,,,,,,,,,,,,,,,,,,,,,"https://static3.webx.pk/files/91598/Images/fwebp-3-91598-0-210726060255084.webp",,,,,,,
"2643744",,,,,,,,,,,,,,,,,,,,,,,,"https://static3.webx.pk/files/91598/Images/fwebp-91598-0-210726060256676.webp",,,,,,,
"2643750","ASUS Dual GeForce RTX™ 5070 12GB GDDR7 OC Edition","A serious step up in performance, the Dual RTX 5070 brings 6144 CUDA cores and 12GB of GDDR7 memory for smooth 1440p and entry-level 4K gaming, plus strong creative and AI workload performance. It keeps ASUS's proven dual Axial-tech fan cooling and 0dB silent tech, now paired with a 16-pin power connector for the higher power headroom this tier needs.","PC Components > Graphics Cards","ASUS",,,,,,,,,,"0.75","No","In Stock","0","233000.00",,"0.00","0.00",,"/asus-dual-geforce-rtx-5070-12gb-gddr7-oc-edition","https://static3.webx.pk/files/91598/Images/2383c0eb-b710-4417-a154-ed9d2a7a05df-91598-0-210726063124424.webp","ASUS Dual GeForce RTX 5070 OC 12GB GDDR7 Graphics Card","Buy ASUS Dual GeForce RTX 5070 OC 12GB GDDR7 at GB Tec — Blackwell architecture, DLSS 4, SFF-Ready design, dual 0dB fans. Nationwide delivery across Pakistan.",,"N","N","Y",
"2643750",,,,,,,,,,,,,,,,,,,,,,,,"https://static3.webx.pk/files/91598/Images/fwebp-1-91598-0-210726063122901.webp",,,,,,,
"2643750",,,,,,,,,,,,,,,,,,,,,,,,"https://static3.webx.pk/files/91598/Images/fwebp-2-91598-0-210726063123135.webp",,,,,,,
"2643750",,,,,,,,,,,,,,,,,,,,,,,,"https://static3.webx.pk/files/91598/Images/fwebp-91598-0-210726063124126.webp",,,,,,,
"2643758","ASUS PRIME GeForce RTX™ 5080 16GB GDDR7 OC Edition","A high-end enthusiast card with 10752 CUDA cores and 16GB of fast GDDR7 memory, built for 4K gaming and demanding creative/AI workloads. The triple-fan Axial-tech cooler with vapor chamber design delivers serious thermal headroom, while a compact 2.5-slot, SFF-Ready build keeps it compatible with a wide range of chassis despite its high-end performance tier.","PC Components > Graphics Cards","ASUS",,,,,,,,,,"1.30","No","In Stock","0","512000.00",,"0.00","0.00",,"/asus-prime-geforce-rtx-5080-16gb-gddr7-oc-edition","https://static3.webx.pk/files/91598/Images/fd2bef2e-51a7-4549-82bc-468c3a03733e-91598-0-210726073226694.webp","ASUS PRIME GeForce RTX 5080 OC 16GB GDDR7","Buy ASUS PRIME RTX 5080 OC 16GB GDDR7 at GB Tec — triple-fan vapor chamber cooling, DLSS 4, SFF-Ready design for flagship 4K gaming. Nationwide delivery across Pakistan.",,"N","N","Y",
"2643758",,,,,,,,,,,,,,,,,,,,,,,,"https://static3.webx.pk/files/91598/Images/fwebp-2-91598-0-210726073000338.webp",,,,,,,
"2643758",,,,,,,,,,,,,,,,,,,,,,,,"https://static3.webx.pk/files/91598/Images/fwebp-91598-0-210726073000091.webp",,,,,,,
"2643758",,,,,,,,,,,,,,,,,,,,,,,,"https://static3.webx.pk/files/91598/Images/fwebp-1-91598-0-210726072959996.webp",,,,,,,
"2643831","ASUS ROG Astral GeForce RTX™ 5080 16GB GDDR7 OC Edition Gaming","ROG's ultra-premium, cosmos-inspired flagship and the first quad-fan graphics card in the ROG lineup. With 10752 CUDA cores, 16GB of GDDR7 memory, and a patented vapor chamber with phase-change thermal pad, it's built for extreme 4K gaming and the heaviest creative/AI workloads, backed by indirect Aura Sync ARGB lighting and ASUS's toughest construction outside custom watercooled cards.","PC Components > Graphics Cards","ASUS","Color","White",,,,,,,,"4.30","No","In Stock","0","642000.00",,"0.00","0.00",,"/asus-rog-astral-geforce-rtx-5080-16gb-gddr7-oc-edition-gaming","https://static3.webx.pk/files/91598/Images/64d8ffdd-23ed-4ec8-87cd-8063b8627b07-91598-2643831-210726090832819.webp","ASUS ROG Astral RTX 5080 OC 16GB GDDR7 Gaming","Buy ASUS ROG Astral RTX 5080 OC 16GB GDDR7 at GB Tec — quad-fan vapor chamber cooling, DLSS 4, ARGB lighting for ultimate 4K gaming. Nationwide delivery across Pakistan.",,"N","N","Y",
"2643831",,,,,,"Black",,,,,,,,"4.30",,,"0","590000.00",,,,,,"https://static3.webx.pk/files/91598/Images/h732-91598-0-210726090623608.webp",,,,,,,
"2643831",,,,,,,,,,,,,,,,,,,,,,,,"https://static3.webx.pk/files/91598/Images/h732-3-91598-0-210726090620765.webp",,,,,,,
"2643831",,,,,,,,,,,,,,,,,,,,,,,,"https://static3.webx.pk/files/91598/Images/h732-5-91598-0-210726090620977.webp",,,,,,,
"2643831",,,,,,,,,,,,,,,,,,,,,,,,"https://static3.webx.pk/files/91598/Images/h732-4-91598-0-210726090620722.webp",,,,,,,
"2643831",,,,,,,,,,,,,,,,,,,,,,,,"https://static3.webx.pk/files/91598/Images/h732-2-91598-0-210726090623111.webp",,,,,,,
"2643831",,,,,,,,,,,,,,,,,,,,,,,,"https://static3.webx.pk/files/91598/Images/h732-1-91598-0-210726090623081.webp",,,,,,,
"2643831",,,,,,,,,,,,,,,,,,,,,,,,"https://static3.webx.pk/files/91598/Images/h732-8-91598-0-210726090629332.webp",,,,,,,
"2643831",,,,,,,,,,,,,,,,,,,,,,,,"https://static3.webx.pk/files/91598/Images/h732-10-91598-0-210726090629383.webp",,,,,,,
"2643831",,,,,,,,,,,,,,,,,,,,,,,,"https://static3.webx.pk/files/91598/Images/h732-9-91598-0-210726090629612.webp",,,,,,,
"2643831",,,,,,,,,,,,,,,,,,,,,,,,"https://static3.webx.pk/files/91598/Images/h732-7-91598-0-210726090631173.webp",,,,,,,
"2643831",,,,,,,,,,,,,,,,,,,,,,,,"https://static3.webx.pk/files/91598/Images/h732-6-91598-0-210726090631541.webp",,,,,,,
"2643831",,,,,,,,,,,,,,,,,,,,,,,,"https://static3.webx.pk/files/91598/Images/a718c4e9-a808-4d7f-a774-280c24415252-91598-2643831-210726091007730.webp",,,,,,,
"2643751","ASUS TUF Gaming GeForce RTX™ 5070 Ti 16GB GDDR7 White OC Edition","Built for durability and serious performance, the TUF Gaming RTX 5070 Ti White brings military-grade components, a phase-change GPU thermal pad, and 8960 CUDA cores in a striking white finish with ARGB lighting. It's engineered for high-refresh 1440p/4K gaming and heavy creative or AI workloads, backed by ASUS's toughest cooling and power-delivery design outside the ROG Strix line.","PC Components > Graphics Cards","ASUS",,,,,,,,,,"1.30","No","In Stock","0","400000.00",,"0.00","0.00",,"/asus-tuf-gaming-geforce-rtx-5070-ti-16gb-gddr7-white-oc-edition","https://static3.webx.pk/files/91598/Images/f3d815bd-b49f-473c-8278-42384f7c6011-91598-2643751-210726065216000.webp","ASUS TUF Gaming RTX 5070 Ti White OC 16GB GDDR7","Buy ASUS TUF Gaming RTX 5070 Ti White OC 16GB GDDR7 at GB Tec — military-grade build, DLSS 4, ARGB lighting, powerful 1440p/4K gaming. Nationwide delivery across Pakistan.",,"N","N","Y",
"2643751",,,,,,,,,,,,,,,,,,,,,,,,"https://static3.webx.pk/files/91598/Images/fwebp-4-91598-0-210726065048933.webp",,,,,,,
"2643751",,,,,,,,,,,,,,,,,,,,,,,,"https://static3.webx.pk/files/91598/Images/fwebp-6-91598-0-210726065049340.webp",,,,,,,
"2643751",,,,,,,,,,,,,,,,,,,,,,,,"https://static3.webx.pk/files/91598/Images/fwebp-5-91598-0-210726065049221.webp",,,,,,,
"2643751",,,,,,,,,,,,,,,,,,,,,,,,"https://static3.webx.pk/files/91598/Images/fwebp-3-91598-0-210726065050246.webp",,,,,,,
"2643842","ASUS Dual AMD Radeon™ RX 9060 XT 16GB GDDR6","Built on AMD's RDNA 4 architecture, the Dual RX 9060 XT brings 16GB of memory and strong 1440p gaming performance in a compact 2.5-slot, SFF-Ready form factor. With AMD FSR 4 support, hardware ray tracing, and ASUS's proven dual Axial-tech fan cooling with 0dB silent tech, it's a solid all-rounder for gamers who want AMD performance in a small-form-factor build.","PC Components > Graphics Cards > AMD Graphic Cards","ASUS",,,,,,,,,,"0.45","No","In Stock","0","150000.00",,"0.00","0.00",,"/pc-components/graphics-cards/asus-dual-amd-radeon-rx-9060-xt-16gb-gddr6","https://static3.webx.pk/files/91598/Images/600d3df1-d3b1-485e-9e12-71cfb5a115dd-91598-2643842-210726102620994.webp","ASUS Dual Radeon RX 9060 XT 16GB GDDR6","Buy ASUS Dual Radeon RX 9060 XT 16GB GDDR6 at GB Tec — RDNA 4 architecture, FSR 4, compact 2.5-slot design, dual 0dB fans. Nationwide delivery across Pakistan.",,"N","N","Y",
"2646384","ASUS Prime Radeon™ RX 9070 16GB GDDR6 OC Edition","A well-rounded mid-to-high-end card built on AMD RDNA 4, the Prime RX 9070 pairs 3584 stream processors with 16GB of fast GDDR6 memory in a compact 2.5-slot design. Triple Axial-tech fans keep it cool and quiet, while a reinforcing backplate and dual BIOS switch add durability and flexibility for 1440p and demanding 4K gaming.","PC Components > Graphics Cards > AMD Graphic Cards","ASUS",,,,,,,,,,"1.07","No","In Stock","0","215000.00",,"0.00","0.00",,"/asus-prime-radeon-rx-9070-16gb-gddr6-oc-edition","https://static3.webx.pk/files/91598/Images/4dedc114-d59c-4bee-ad35-5b67633e2628-91598-2646384-240726060102186.webp","ASUS Prime Radeon RX 9070 OC 16GB GDDR6","Buy ASUS Prime RX 9070 OC 16GB GDDR6 at GB Tec — RDNA 4 architecture, triple-fan cooling, FSR 4 support for powerful 1440p/4K gaming. Nationwide delivery across Pakistan.
",,"N","N","Y",
"2646384",,,,,,,,,,,,,,,,,,,,,,,,"https://static3.webx.pk/files/91598/Images/fwebp-91598-0-240726055737249.webp",,,,,,,
"2646384",,,,,,,,,,,,,,,,,,,,,,,,"https://static3.webx.pk/files/91598/Images/fwebp-3-91598-0-240726055735523.webp",,,,,,,
"2646384",,,,,,,,,,,,,,,,,,,,,,,,"https://static3.webx.pk/files/91598/Images/fwebp-4-91598-0-240726055735811.webp",,,,,,,
"2646384",,,,,,,,,,,,,,,,,,,,,,,,"https://static3.webx.pk/files/91598/Images/fwebp-2-91598-0-240726055735516.webp",,,,,,,
"2646384",,,,,,,,,,,,,,,,,,,,,,,,"https://static3.webx.pk/files/91598/Images/fwebp-1-91598-0-240726055736867.webp",,,,,,,
"2644873","ASUS TUF Gaming Radeon™ RX 9060 XT 16GB GDDR6 OC Edition","Built with military-grade components for long-term durability, the TUF Gaming RX 9060 XT delivers the highest factory clocks in ASUS's RX 9060 XT lineup along with Aura Sync ARGB lighting. It's a rugged, higher-performance option for 1440p gaming builds that want extra durability and RGB flair without stepping up to ROG.","PC Components > Graphics Cards > AMD Graphic Cards","ASUS",,,,,,,,,,"0.70","No","In Stock","0","170000.00",,"0.00","0.00",,"/asus-tuf-gaming-radeon-rx-9060-xt-16gb-gddr6-oc-edition","https://static3.webx.pk/files/91598/Images/8dc3c153-6497-4014-ad87-5fb07ebdf73e-91598-2644873-240726104936499.webp","ASUS TUF Gaming RX 9060 XT OC 16GB GDDR6","Buy ASUS TUF Gaming RX 9060 XT OC 16GB GDDR6 at GB Tec — military-grade build, RDNA 4, ARGB lighting, powerful 1440p gaming. Nationwide delivery across Pakistan.",,"N","N","Y",
"2646531","ASUS TUF Gaming Radeon™ RX 9070 XT 16GB GDDR6 OC Edition","A rugged, high-performance card built on AMD RDNA 4, the TUF Gaming RX 9070 XT packs 4096 stream processors and 16GB of GDDR6 for demanding 1440p and 4K gaming. Military-grade components, a protective PCB coating, and Aura Sync ARGB lighting give it the durability and style enthusiasts expect from ASUS's TUF Gaming line.","PC Components > Graphics Cards > AMD Graphic Cards","ASUS",,,,,,,,,,"1.50","No","In Stock","0","275000.00",,"0.00","0.00",,"/asus-tuf-gaming-radeon-rx-9070-xt-16gb-gddr6-oc-edition","https://static3.webx.pk/files/91598/Images/df01feee-26a2-4e05-8788-74daaac70324-91598-2646531-240726104312463.webp","ASUS TUF Gaming RX 9070 XT OC 16GB GDDR6","Buy ASUS TUF Gaming RX 9070 XT OC 16GB GDDR6 at GB Tec — military-grade build, RDNA 4, ARGB lighting for powerful 1440p/4K gaming. Nationwide delivery across Pakistan.",,"N","N","Y",
"2646531",,,,,,,,,,,,,,,,,,,,,,,,"https://static3.webx.pk/files/91598/Images/fwebp-2-91598-0-240726104045583.webp",,,,,,,
"2646531",,,,,,,,,,,,,,,,,,,,,,,,"https://static3.webx.pk/files/91598/Images/fwebp-3-91598-0-240726104045379.webp",,,,,,,
"2646531",,,,,,,,,,,,,,,,,,,,,,,,"https://static3.webx.pk/files/91598/Images/fwebp-1-91598-0-240726104045592.webp",,,,,,,
"2655828","G.Skill Trident Z5 Neo RGB 32GB (2x16GB) DDR5-6000 CL36-36-36-96 AMD EXPO Desktop Memory Kit — Matte Black (F5-6000J3636F16GX2-TZ5NR)","Purpose-built for AMD platforms, the Trident Z5 Neo RGB pairs hand-screened DDR5 DRAM ICs with a sleek aluminum heatspreader featuring CNC-highlighted strips and customizable RGB lighting. Supporting AMD EXPO for effortless one-click overclocking (with Intel XMP 3.0 also included), it delivers stable 6000MT/s performance with CL36-36-36-96 timings, backed by a limited lifetime warranty and broad AMD/Intel motherboard compatibility.","PC Components > RAM","G.SKILL",,,,,,,,,,"0.04","No","In Stock","0","137500.00",,"0.00","0.00",,"/gskill-trident-z5-neo-rgb-32gb-2x16gb-ddr56000-cl36363696-amd-expo-desktop-memory-kit-matte","https://static3.webx.pk/files/91598/Images/g.skill-trident-z5-neo-rgb-32gb-91598-2655828-080826075057098.webp","G.Skill Trident Z5 Neo RGB 32GB DDR5-6000 Black","Buy G.Skill Trident Z5 Neo RGB 32GB (16GBx2) 6000MHz DDR5 Black at GB Tec — AMD EXPO, RGB lighting. Nationwide delivery across Pakistan.",,"N","N","Y",
"2655828",,,,,,,,,,,,,,,,,,,,,,,,"https://static3.webx.pk/files/91598/Images/164022975214-91598-0-080826074923649.webp",,,,,,,
"2655828",,,,,,,,,,,,,,,,,,,,,,,,"https://static3.webx.pk/files/91598/Images/164022975213-91598-0-080826074923528.webp",,,,,,,
"2655828",,,,,,,,,,,,,,,,,,,,,,,,"https://static3.webx.pk/files/91598/Images/164022975215-91598-0-080826074923326.webp",,,,,,,
"2655827","G.Skill Trident Z5 RGB 32GB (2x16GB) DDR5-6000 CL30-40-40-96 Intel XMP Desktop Memory Kit — Metallic Silver (F5-6000J3040F16GA2-TZ5RS)","A tighter-timing, silver-finished variant in the Trident Z5 RGB lineup, this kit pairs hand-screened, high-quality DRAM ICs with a sleek metallic silver aluminum heatspreader and a translucent RGB light bar. Fully validated with Intel XMP 3.0 profiles, it delivers plug-and-play overclocked speeds at 6000MT/s with tighter CL30-40-40-96 timings via a simple BIOS toggle, backed by a limited lifetime warranty.","PC Components > RAM","G.SKILL","color","White",,,,,,,,"0.04","No","In Stock","0","148500.00",,"0.00","0.00",,"/gskill-trident-z5-rgb-32gb-2x16gb-ddr56000-cl30404096-intel-xmp-desktop-memory-kit-metallic","https://static3.webx.pk/files/91598/Images/g.skill-trident-z5-rgb-32gb-91598-2655827-080826074554386.webp","G.Skill Trident Z5 RGB 32GB DDR5-6000 CL30 Silver","Buy G.Skill Trident Z5 RGB 32GB (16GBx2) 6000MHz CL30 DDR5 Silver at GB Tec — Intel XMP, RGB lighting. Nationwide delivery across Pakistan.",,"N","N","Y",
"2655827",,,,,,"Black",,,,,,,,"0.04",,,"0","148500.00",,,,,,"https://static3.webx.pk/files/91598/Images/164923516110-91598-0-080826074102635.webp",,,,,,,
"2655827",,,,,,,,,,,,,,,,,,,,,,,,"https://static3.webx.pk/files/91598/Images/164923516113-91598-0-080826074101291.webp",,,,,,,
"2655827",,,,,,,,,,,,,,,,,,,,,,,,"https://static3.webx.pk/files/91598/Images/g.skill-trident-z5-rgb-32gb-white-91598-2655827-080826074554355.webp",,,,,,,
"2655827",,,,,,,,,,,,,,,,,,,,,,,,"https://static3.webx.pk/files/91598/Images/168860769410-91598-0-080826074101045.webp",,,,,,,
"2655827",,,,,,,,,,,,,,,,,,,,,,,,"https://static3.webx.pk/files/91598/Images/168860769412-91598-0-080826074101275.webp",,,,,,,
"2655084","G.Skill Trident Z5 RGB 32GB (2x16GB) DDR5-6000 CL36-36-36-96 Intel XMP Desktop Memory Kit — Matte Black (F5-6000J3636F16GX2-TZ5RK)","A flagship DDR5 memory kit built for extreme performance, the Trident Z5 RGB pairs hand-screened, high-quality DRAM ICs with a sleek matte black aluminum heatspreader and vibrant RGB lighting. Fully validated with Intel XMP 3.0 profiles, it delivers plug-and-play overclocked speeds at 6000MT/s with CL36-36-36-96 timings via a simple BIOS toggle, backed by a limited lifetime warranty for genuinely worry-free performance tuning.","PC Components > RAM","G.SKILL","Color","Black",,,,,,,,"0.04","No","In Stock","0","137500.00",,"0.00","0.00",,"/gskill-trident-z5-rgb-32gb-2x16gb-ddr56000-cl36363696-intel-xmp-desktop-memory-kit-matte-bl","https://static3.webx.pk/files/91598/Images/g.skill-trident-z5-neo-rgb-32gb-91598-2655084-080826075226972.webp","G.Skill Trident Z5 RGB 32GB DDR5-6000 CL36 Black","Buy G.Skill Trident Z5 RGB 32GB (16GBx2) 6000MHz CL36 DDR5 Black at GB Tec — Intel XMP, RGB lighting. Nationwide delivery across Pakistan.",,"N","N","Y",
"2655084",,,,,,"White",,,,,,,,"0.04",,,"0","137500.00",,,,,,"https://static3.webx.pk/files/91598/Images/g.skill-trident-z5-rgb-32gb-91598-2655084-070826053816728.webp",,,,,,,
"2655084",,,,,,,,,,,,,,,,,,,,,,,,"https://static3.webx.pk/files/91598/Images/177027846211-91598-0-070826053045674.webp",,,,,,,
"2655084",,,,,,,,,,,,,,,,,,,,,,,,"https://static3.webx.pk/files/91598/Images/177027846210-91598-0-070826053044218.webp",,,,,,,
"2655084",,,,,,,,,,,,,,,,,,,,,,,,"https://static3.webx.pk/files/91598/Images/177027846212-91598-0-070826053044238.webp",,,,,,,
"2655084",,,,,,,,,,,,,,,,,,,,,,,,"https://static3.webx.pk/files/91598/Images/168860762112-91598-0-070826053424504.webp",,,,,,,
"2655084",,,,,,,,,,,,,,,,,,,,,,,,"https://static3.webx.pk/files/91598/Images/168860762110-91598-0-070826053424563.webp",,,,,,,
"2655084",,,,,,,,,,,,,,,,,,,,,,,,"https://static3.webx.pk/files/91598/Images/g.skill-trident-z5-rgb-32gb-white-91598-2655084-070826053816898.webp",,,,,,,
"2655826","G.Skill Trident Z5 RGB 32GB (2x16GB) DDR5-6400 CL32-39-39-102 Intel XMP Desktop Memory Kit — Matte Black (F5-6400J3239G16GX2-TZ5RK)","A step up in speed from the 6000MHz kit, the Trident Z5 RGB DDR5-6400 pairs hand-screened, high-quality DRAM ICs with a sleek matte black aluminum heatspreader and vibrant RGB lighting. Fully validated with Intel XMP 3.0 profiles, it delivers plug-and-play overclocked speeds up to 6400MT/s with a simple BIOS toggle, backed by a limited lifetime warranty for genuinely worry-free performance tuning.","PC Components > RAM","G.SKILL","Color","White",,,,,,,,"0.04","No","In Stock","0","137500.00",,"0.00","0.00",,"/gskill-trident-z5-rgb-32gb-2x16gb-ddr56400-cl323939102-intel-xmp-desktop-memory-kit-matte-b","https://static3.webx.pk/files/91598/Images/292978fb-7655-46d8-99f4-2fe78ec30ce0-91598-0-080826073111216.webp","G.Skill Trident Z5 RGB 32GB DDR5-6400 CL32 Black","Buy G.Skill Trident Z5 RGB 32GB (16GBx2) 6400MHz CL32 DDR5 Black at GB Tec — Intel XMP, RGB lighting. Nationwide delivery across Pakistan.",,"N","N","Y",
"2655826",,,,,,"Black",,,,,,,,"0.04",,,"0","137500.00",,,,,,"https://static3.webx.pk/files/91598/Images/166564450410-91598-0-080826072935007.webp",,,,,,,
"2655826",,,,,,,,,,,,,,,,,,,,,,,,"https://static3.webx.pk/files/91598/Images/166564450413-91598-0-080826072935265.webp",,,,,,,
"2655826",,,,,,,,,,,,,,,,,,,,,,,,"https://static3.webx.pk/files/91598/Images/166564450414-91598-0-080826072935502.webp",,,,,,,
"2655826",,,,,,,,,,,,,,,,,,,,,,,,"https://static3.webx.pk/files/91598/Images/3bee84d7-9814-4a43-8d31-c934e5727953-91598-0-080826073111353.webp",,,,,,,
"2655826",,,,,,,,,,,,,,,,,,,,,,,,"https://static3.webx.pk/files/91598/Images/164206477213-91598-0-080826072936559.webp",,,,,,,
"2655826",,,,,,,,,,,,,,,,,,,,,,,,"https://static3.webx.pk/files/91598/Images/164206477212-91598-0-080826072936697.webp",,,,,,,
"2655826",,,,,,,,,,,,,,,,,,,,,,,,"https://static3.webx.pk/files/91598/Images/164206477211-91598-0-080826072937115.webp",,,,,,,
"2647309","Transcend JetRam 16GB Desktop DDR4 2666MHz U-DIMM RAM","Upgrade your desktop PC with the Transcend JetRam 16GB DDR4 2666MHz U-DIMM RAM, delivering reliable performance, smooth multitasking, and energy-efficient operation. Built with premium DRAM chips, it is ideal for office work, home computing, gaming, and professional applications.","PC Components > RAM","Transcend",,,,,,,,,,"0.02","No","In Stock","0","23000.00",,"0.00","0.00",,"/transcend-jetram-16gb-desktop-ddr4-2666mhz-udimm-ram","https://static3.webx.pk/files/91598/Images/6ee11635-4b7f-44cb-87e9-ee9151c2a7f5-91598-2647309-250726040707991.webp","Buy Transcend 16GB Desktop DDR4 2666MHz RAM | GB-Tech Pakistan","Buy the Transcend 16GB Desktop DDR4 2666MHz U-DIMM RAM from GB-Tech for reliable desktop performance, faster multitasking, and energy-efficient computing. Nationwide delivery across Pakistan.",,"N","N","Y",
"2647309",,,,,,,,,,,,,,,,,,,,,,,,"https://static3.webx.pk/files/91598/Images/transcend-jetram-16gb-ddr4l-3200mhz-so-dimm-21704712476-remo-91598-2647309-250726040559192.webp",,,,,,,
"2647309",,,,,,,,,,,,,,,,,,,,,,,,"https://static3.webx.pk/files/91598/Images/transcend-ddr4-2666mhz-price-in-pakistan-junaidtech-1-19643-91598-2647309-250726040940745.webp",,,,,,,
"2647519","Transcend JetRam 16GB Laptop DDR5 6400MHz SO-DIMM RAM","Upgrade your laptop with the Transcend JetRam 16GB DDR5 6400MHz SO-DIMM RAM, delivering next-generation speed, improved multitasking, enhanced system stability, and energy-efficient performance for modern DDR5 notebooks.","PC Components > RAM","Transcend",,,,,,,,,,"0.01","No","In Stock","0","71500.00",,"0.00","0.00",,"/transcend-jetram-16gb-laptop-ddr5-6400mhz-sodimm-ram","https://static3.webx.pk/files/91598/Images/3c8ca6ae-659e-4009-90f7-496e54b16373-91598-2647519-250726093712369.webp","Buy Transcend 16GB Laptop DDR5 6400MHz RAM | GB-Tech Pakistan","Buy the Transcend 16GB Laptop DDR5 6400MHz SO-DIMM RAM from GB-Tech for ultra-fast performance, On-Die ECC reliability, and efficient multitasking. Nationwide delivery across Pakistan.",,"N","N","Y",
"2647519",,,,,,,,,,,,,,,,,,,,,,,,"https://static3.webx.pk/files/91598/Images/transcend-6400mhz-ddr5-price-in-pakistan-junaidtech-19643-25-91598-2647519-250726093605807.webp",,,,,,,
"2646462","Transcend JetRam DDR4 3200MHz Desktop RAM (8GB/16GB/32GB) U-DIMM","The Transcend JetRam DDR4 3200MHz Desktop RAM delivers reliable high-speed performance with 3200MT/s, 1.2V low-power operation, and capacities of 8GB, 16GB, and 32GB for desktop PC upgrades.","PC Components > RAM","Transcend","Size","32GB",,,,,,,,"0.05","No","In Stock","0","68000.00",,"0.00","0.00",,"/transcend-jetram-ddr4-3200mhz-desktop-ram-8gb16gb32gb-udimm","https://static3.webx.pk/files/91598/Images/4090272d-25fc-4b58-8613-706898ecf0c7-91598-2646462-240726082751434.webp","Buy Transcend JetRam DDR4 3200MHz Desktop RAM 8GB/16GB/32GB | GB-Tech Pakistan","Upgrade your PC with Transcend JetRam DDR4 3200MHz Desktop RAM available in 8GB, 16GB, and 32GB capacities. Featuring 3200MT/s speed, 1.2V low-power operation, and lifetime warranty. Buy from GB-Tech with nationwide delivery across Pakistan.",,"N","N","Y",
"2646462",,,,,,"16GB",,,,,,,,"0.05",,,"0","28500.00",,,,,,"https://static3.webx.pk/files/91598/Images/transcend-8gb-3200mhz-19643-687794-030921050610-removebg-pre-91598-2646462-240726082153650.webp",,,,,,,
"2646462",,,,,,"8GB",,,,,,,,"0.05",,,"0","17500.00",,,,,,,,,,,,,
"2647428","Transcend JetRam Desktop DDR5 4800MHz U-DIMM RAM (8GB / 16GB / 32GB)","Upgrade your desktop with the Transcend JetRam DDR5 4800MHz U-DIMM RAM, available in 8GB, 16GB, and 32GB capacities. Featuring next-generation DDR5 technology, higher bandwidth, lower power consumption, and on-die ECC, it delivers exceptional speed and reliability for gaming, content creation, and everyday computing.","PC Components > RAM","Transcend","Size","32GB",,,,,,,,"0.02","No","In Stock","0","97500.00",,"0.00","0.00",,"/transcend-jetram-desktop-ddr5-4800mhz-udimm-ram-8gb-16gb-32gb","https://static3.webx.pk/files/91598/Images/c8db1999-65f3-4045-b704-1247c065248f-91598-2647428-250726060005881.webp","Buy Transcend Desktop DDR5 4800MHz RAM 8GB/16GB/32GB | GB-Tech Pakistan","Buy the Transcend Desktop DDR5 4800MHz U-DIMM RAM from GB-Tech, available in 8GB, 16GB, and 32GB capacities. Enjoy next-generation speed, On-Die ECC reliability, and nationwide delivery across Pakistan.",,"N","N","Y",
"2647428",,,,,,"8GB",,,,,,,,"0.02",,,"0","30800.00",,,,,,"https://static3.webx.pk/files/91598/Images/transcend-16gb-3200mhz-ddr4-ram-price-in-pakistan-19643-1893-91598-2647428-250726055823888.webp",,,,,,,
"2647428",,,,,,"16GB",,,,,,,,"0.02",,,"0","51500.00",,,,,,"https://static3.webx.pk/files/91598/Images/transcend-8gb-4800mhz-ddr5-desktop-ram-price-in-pakistan-2-1-91598-2647428-250726055836976.webp",,,,,,,
"2647502","Transcend JetRam Desktop DDR5 5600MHz U-DIMM RAM (16GB / 32GB)","Upgrade your desktop with the Transcend JetRam DDR5 5600MHz U-DIMM RAM, available in 16GB and 32GB capacities. Featuring next-generation DDR5 technology, higher bandwidth, On-Die ECC, and low-power operation, it delivers exceptional speed and reliability for gaming, content creation, and professional workloads.","PC Components > RAM","Transcend","Size","32GB",,,,,,,,"0.02","No","In Stock","0","119000.00",,"0.00","0.00",,"/transcend-jetram-desktop-ddr5-5600mhz-udimm-ram-16gb-32gb","https://static3.webx.pk/files/91598/Images/c9528e0c-5539-45b5-80e5-290ff4ec4775-91598-2647502-250726085353507.webp","Buy Transcend Desktop DDR5 5600MHz RAM 16GB/32GB | GB-Tech Pakistan","Buy the Transcend Desktop DDR5 5600MHz U-DIMM RAM from GB-Tech, available in 16GB and 32GB capacities. Enjoy ultra-fast performance, On-Die ECC reliability, and nationwide delivery across Pakistan.",,"N","N","Y",
"2647502",,,,,,"16GB",,,,,,,,"0.02",,,"0","71500.00",,,,,,"https://static3.webx.pk/files/91598/Images/images-7-removebg-preview-91598-2647502-250726085153608.webp",,,,,,,
"2647502",,,,,,,,,,,,,,,,,,,,,,,,"https://static3.webx.pk/files/91598/Images/transcend-8gb-3200mhz-19643-687794-030921050610-1-removebg-p-91598-2647502-250726085153845.webp",,,,,,,
"2647515","Transcend JetRam Desktop DDR5 6400MHz U-DIMM RAM (16GB / 32GB)","Upgrade your desktop with the Transcend JetRam DDR5 6400MHz U-DIMM RAM, available in 16GB and 32GB capacities. Designed for high-performance gaming, content creation, and professional workloads, it combines ultra-fast DDR5 speeds with On-Die ECC and energy-efficient operation.","PC Components > RAM","Transcend","Size","32GB",,,,,,,,"0.02","No","In Stock","0","119000.00",,"0.00","0.00",,"/transcend-jetram-desktop-ddr5-6400mhz-udimm-ram-16gb-32gb","https://static3.webx.pk/files/91598/Images/5ff3fa68-6fe9-4307-aa6a-220049633d5c-91598-2647515-250726092233783.webp","Buy Transcend Desktop DDR5 6400MHz RAM 16GB/32GB | GB-Tech Pakistan","Buy the Transcend Desktop DDR5 6400MHz U-DIMM RAM from GB-Tech, available in 16GB and 32GB capacities. Experience ultra-fast DDR5 performance, On-Die ECC reliability, and nationwide delivery across Pakistan.",,"N","N","Y",
"2647515",,,,,,"16GB",,,,,,,,"0.02",,,"0","71500.00",,,,,,"https://static3.webx.pk/files/91598/Images/transcend-6400mhz-ddr5-price-in-pakistan-junaidtech-19643-25-91598-2647515-250726091706251.webp",,,,,,,
"2647301","Transcend JetRam Laptop DDR4 3200MHz SO-DIMM RAM (8GB / 16GB / 32GB)","Upgrade your laptop with the Transcend JetRam DDR4 3200MHz SO-DIMM RAM, available in 8GB, 16GB, and 32GB capacities. Built with premium DRAM chips, it delivers faster multitasking, improved system responsiveness, and reliable performance while consuming less power.","PC Components > RAM","Transcend","Size","8GB",,,,,,,,"0.01","No","In Stock","0","17500.00",,"0.00","0.00",,"/transcend-jetram-laptop-ddr4-3200mhz-sodimm-ram-8gb-16gb-32gb","https://static3.webx.pk/files/91598/Images/d4d24844-8bab-45f9-a063-16cda077d11b-91598-2647301-250726035610622.webp","Buy Transcend Laptop DDR4 3200MHz SO-DIMM RAM 8GB/16GB/32GB | GB-Tech","Buy the Transcend Laptop DDR4 3200MHz SO-DIMM RAM from GB-Tech, available in 8GB, 16GB, and 32GB capacities. Enjoy reliable performance, faster multitasking, and nationwide delivery across Pakistan.",,"N","N","Y",
"2647301",,,,,,"16GB",,,,,,,,"0.01",,,"0","28500.00",,,,,,"https://static3.webx.pk/files/91598/Images/tai-xuong-4-removebg-preview-bcc64472-b9e0-4003-9aae-e47e1ef-91598-2647301-250726035545587.webp",,,,,,,
"2647301",,,,,,"32GB",,,,,,,,"0.01",,,"0","49500.00",,,,,,"https://static3.webx.pk/files/91598/Images/transcend-32gb-3200mhz-ddr4-laptop-ram-price-in-pakistan-4-1-91598-2647301-250726035546690.webp",,,,,,,
"2647429","Transcend JetRam Laptop DDR5 4800MHz SO-DIMM RAM (16GB / 32GB)","Upgrade your notebook with the Transcend JetRam DDR5 4800MHz SO-DIMM RAM, available in 16GB and 32GB capacities. Designed for modern laptops, it delivers exceptional speed, improved multitasking, lower power consumption, and enhanced stability with next-generation DDR5 technology.","PC Components > RAM","Transcend","Size","16GB",,,,,,,,"0.01","No","In Stock","0","51500.00",,"0.00","0.00",,"/transcend-jetram-laptop-ddr5-4800mhz-sodimm-ram-16gb-32gb","https://static3.webx.pk/files/91598/Images/a90df65a-ff23-492e-8e57-ab77d31fbd7f-91598-2647429-250726084158755.webp","Buy Transcend Laptop DDR5 4800MHz RAM 16GB/32GB | GB-Tech Pakistan","Buy the Transcend Laptop DDR5 4800MHz SO-DIMM RAM from GB-Tech, available in 16GB and 32GB capacities. Experience next-generation speed, On-Die ECC reliability, and nationwide delivery across Pakistan.",,"N","N","Y",
"2647429",,,,,,"32GB",,,,,,,,"0.01",,,"0","97500.00",,,,,,"https://static3.webx.pk/files/91598/Images/transcend-32gb-4800mhz-ddr5-laptop-ram-price-in-pakistan-1-1-91598-2647429-250726084139216.webp",,,,,,,
"2647429",,,,,,,,,,,,,,,,,,,,,,,,"https://static3.webx.pk/files/91598/Images/transcend-32gb-4800mhz-ddr5-desktop-ram-price-in-pakistan-3-91598-2647429-250726084139417.webp",,,,,,,
"2647509","Transcend JetRam Laptop DDR5 5600MHz SO-DIMM RAM (16GB / 32GB)","Upgrade your notebook with the Transcend JetRam DDR5 5600MHz SO-DIMM RAM, available in 16GB and 32GB capacities. Designed for the latest DDR5 laptops, it delivers exceptional speed, improved multitasking, lower power consumption, and enhanced reliability with On-Die ECC technology.","PC Components > RAM","Transcend","Size","32GB",,,,,,,,"0.01","No","In Stock","0","119000.00",,"0.00","0.00",,"/transcend-jetram-laptop-ddr5-5600mhz-sodimm-ram-16gb-32gb","https://static3.webx.pk/files/91598/Images/ee47e48d-fa28-4607-8e00-594429699419-91598-2647509-250726090335455.webp","Buy Transcend Laptop DDR5 5600MHz RAM 16GB/32GB | GB-Tech Pakistan","Buy the Transcend Laptop DDR5 5600MHz SO-DIMM RAM from GB-Tech, available in 16GB and 32GB capacities. Enjoy ultra-fast performance, On-Die ECC reliability, and nationwide delivery across Pakistan.",,"N","N","Y",
"2647509",,,,,,"16GB",,,,,,,,"0.01",,,"0","71500.00",,,,,,"https://static3.webx.pk/files/91598/Images/transcend-jetram-ddr5-sodimm-16gb-5600mhz-removebg-preview-91598-2647509-250726090311097.webp",,,,,,,
"2647509",,,,,,,,,,,,,,,,,,,,,,,,"https://static3.webx.pk/files/91598/Images/images-8-removebg-preview-91598-2647509-250726090311300.webp",,,,,,,
"2640673","XPG GAMMIX D35 DDR4 Gaming RAM","The XPG GAMMIX D35 DDR4 Gaming Memory is designed for gamers and PC enthusiasts seeking reliable performance and effortless overclocking. Featuring a compact low-profile heatsink, support for Intel XMP 2.0, compatibility with the latest AMD platforms, and speeds up to 3600MT/s, it delivers outstanding stability and performance for modern gaming systems. Available in 8GB, 16GB, and 32GB capacities.","PC Components > RAM","XPG","Color","White","Capacity","16GB",,,,,,"29.27","No","In Stock","0","38000.00",,"0.00","0.00",,"/xpg-gammix-d35-ddr4-gaming-ram","https://static3.webx.pk/files/91598/Images/xpg-gammix-d35-ddr4-gaming-ram-91598-2640673-280726111616684.webp","XPG GAMMIX D35 DDR4 Gaming RAM | GB TECH Pakistan","Buy XPG GAMMIX D35 DDR4 Gaming RAM at GB TECH Pakistan. Available in 8GB, 16GB & 32GB capacities with 3200MHz and 3600MHz speeds, Intel XMP 2.0 support, low-profile heatsink, and lifetime warranty.",,"N","N","Y",
"2640673",,,,,,"Black",,"16GB",,,,,,"29.27",,,"0","38000.00",,,,,,"https://static3.webx.pk/files/91598/Images/imgi-10-d35-2000x2000-2-black-91598-0-180726121941123.webp",,,,,,,
"2640673",,,,,,"Black",,"32GB",,,,,,"29.27",,,"0","60500.00",,,,,,"https://static3.webx.pk/files/91598/Images/imgi-9-d35-2000x2000-1-black-91598-0-180726121941324.webp",,,,,,,
"2640673",,,,,,"White",,"32GB",,,,,,"29.27",,,"0","60500.00",,,,,,"https://static3.webx.pk/files/91598/Images/imgi-11-d35-2000x2000-3-black-91598-0-180726121941628.webp",,,,,,,
"2640673",,,,,,,,,,,,,,,,,,,,,,,,"https://static3.webx.pk/files/91598/Images/imgi-13-d35-2000x2000-1-white-91598-0-180726121944166.webp",,,,,,,
"2640673",,,,,,,,,,,,,,,,,,,,,,,,"https://static3.webx.pk/files/91598/Images/imgi-12-d35-2000x2000-4-black-91598-0-180726121944306.webp",,,,,,,
"2640673",,,,,,,,,,,,,,,,,,,,,,,,"https://static3.webx.pk/files/91598/Images/imgi-14-d35-2000x2000-2-white-91598-0-180726121945241.webp",,,,,,,
"2640673",,,,,,,,,,,,,,,,,,,,,,,,"https://static3.webx.pk/files/91598/Images/imgi-16-d35-2000x2000-4-white-91598-0-180726121947227.webp",,,,,,,
"2640673",,,,,,,,,,,,,,,,,,,,,,,,"https://static3.webx.pk/files/91598/Images/imgi-17-d35-1000x1000-black-91598-0-180726121947773.webp",,,,,,,
"2640673",,,,,,,,,,,,,,,,,,,,,,,,"https://static3.webx.pk/files/91598/Images/imgi-15-d35-2000x2000-3-white-91598-0-180726121947067.webp",,,,,,,
"2640673",,,,,,,,,,,,,,,,,,,,,,,,"https://static3.webx.pk/files/91598/Images/imgi-18-d35-1000x1000-white-91598-0-180726121949579.webp",,,,,,,
"2640673",,,,,,,,,,,,,,,,,,,,,,,,"https://static3.webx.pk/files/91598/Images/imgi-19-p-xpg-d35-91598-0-180726121950058.webp",,,,,,,
"2640673",,,,,,,,,,,,,,,,,,,,,,,,"https://static3.webx.pk/files/91598/Images/imgi-20-p-xpg-d35-w-91598-0-180726121950550.webp",,,,,,,
"2640657","XPG Lancer RGB 32GB (2x16GB) 5200MHz C38 DDR5 DRAM Memory Module - Black","The XPG LANCER RGB DDR5 Gaming Memory delivers next-generation speed and stunning RGB lighting for gamers and PC enthusiasts. Available in 16GB, 32GB, and 48GB capacities with speeds up to 8000MT/s, it features Intel XMP 3.0, AMD EXPO, On-Die ECC, PMIC, and a premium aluminum heat spreader for exceptional performance, stability, and overclocking.","PC Components > RAM","XPG",,,,,,,,,,"72.40","No","In Stock","0","115500.00",,"0.00","0.00",,"/32gb-6000mhz-lancer-blade-ddr5-desktop-rgb-dual-pack-16-x-2-black","https://static3.webx.pk/files/91598/Images/xpg-lancer-rgb-32gb-2x16gb-5200mhz-c38-ddr5-dram-memory-modu-91598-2640657-280726111516187.webp","XPG LANCER RGB DDR5 Gaming RAM | GB TECH Pakistan","Buy XPG LANCER RGB DDR5 Gaming RAM at GB TECH Pakistan. DDR5 memory up to 8000MT/s, Intel XMP 3.0 & AMD EXPO support, customizable RGB lighting, PMIC, On-Die ECC, and lifetime warranty.",,"N","N","Y",
"2640657",,,,,,,,,,,,,,,,,,,,,,,,"https://static3.webx.pk/files/91598/Images/imgi-11-869-gallery-02-91598-0-180726114044543.webp",,,,,,,
"2640657",,,,,,,,,,,,,,,,,,,,,,,,"https://static3.webx.pk/files/91598/Images/imgi-10-869-gallery-01-91598-0-180726114044367.webp",,,,,,,
"2640657",,,,,,,,,,,,,,,,,,,,,,,,"https://static3.webx.pk/files/91598/Images/imgi-12-869-gallery-03-91598-0-180726114046323.webp",,,,,,,
"2640657",,,,,,,,,,,,,,,,,,,,,,,,"https://static3.webx.pk/files/91598/Images/imgi-13-869-gallery-04-91598-0-180726114046822.webp",,,,,,,
"2640657",,,,,,,,,,,,,,,,,,,,,,,,"https://static3.webx.pk/files/91598/Images/imgi-14-869-gallery-05-91598-0-180726114047727.webp",,,,,,,
"2640657",,,,,,,,,,,,,,,,,,,,,,,,"https://static3.webx.pk/files/91598/Images/imgi-15-lancer-rgb-pk-single-bk-91598-0-180726114047933.webp",,,,,,,
"2640657",,,,,,,,,,,,,,,,,,,,,,,,"https://static3.webx.pk/files/91598/Images/imgi-16-lancer-rgb-pk-dual-bk-91598-0-180726114048318.webp",,,,,,,
"2640657",,,,,,,,,,,,,,,,,,,,,,,,"https://static3.webx.pk/files/91598/Images/imgi-17-869-gallery-pw01-91598-0-180726114050020.webp",,,,,,,
"2640657",,,,,,,,,,,,,,,,,,,,,,,,"https://static3.webx.pk/files/91598/Images/imgi-18-869-gallery-pw02-91598-0-180726114050695.webp",,,,,,,
"2653366","ASUS A32 Plus TG ARGB White ATX Mid-Tower PC Case","A dual-chamber ATX case built for both airflow and aesthetics, the A32 Plus TG ARGB White separates the CPU and GPU into independent cooling zones behind panoramic tempered glass panels. Four pre-installed ARGB fans, broad component compatibility, and a front-panel USB 10Gbps Type-C port combine clean cable management with striking visual presence for modern gaming and workstation builds.","PC Components > Cases","ASUS",,,,,,,,,,"9.30","No","In Stock","0","27000.00",,"0.00","0.00",,"/asus-a32-plus-tg-argb-white-atx-midtower-pc-case","https://static3.webx.pk/files/91598/Images/asus-a32-plus-tg-argb-white-atx-case-91598-2653366-040826070135863.webp","ASUS A32 Plus TG ARGB White ATX Case","Buy ASUS A32 Plus TG ARGB White case at GB Tec — dual-chamber design, 4 ARGB fans, 420mm GPU support. Nationwide delivery across Pakistan.",,"N","N","Y",
"2653366",,,,,,,,,,,,,,,,,,,,,,,,"https://static3.webx.pk/files/91598/Images/fwebp-91598-0-040826070016548.webp",,,,,,,
"2653366",,,,,,,,,,,,,,,,,,,,,,,,"https://static3.webx.pk/files/91598/Images/fwebp-1-91598-0-040826070015816.webp",,,,,,,
"2653366",,,,,,,,,,,,,,,,,,,,,,,,"https://static3.webx.pk/files/91598/Images/fwebp-3-91598-0-040826070013599.webp",,,,,,,
"2653366",,,,,,,,,,,,,,,,,,,,,,,,"https://static3.webx.pk/files/91598/Images/fwebp-2-91598-0-040826070015781.webp",,,,,,,
"2653366",,,,,,,,,,,,,,,,,,,,,,,,"https://static3.webx.pk/files/91598/Images/fwebp-4-91598-0-040826070013695.webp",,,,,,,
"2653366",,,,,,,,,,,,,,,,,,,,,,,,"https://static3.webx.pk/files/91598/Images/fwebp-5-91598-0-040826070013677.webp",,,,,,,
"2654073","ASUS ProArt PA401 Wood Edition — Metal Panel, Black","A distinctive fusion of sustainable design and function, the ProArt PA401 Wood Edition features a genuine FSC-certified ash wood front panel with a six-stage thermowood treatment and glossy finish, paired here with a durable steel metal side panel. Dual 160mm front fans deliver up to 138 CFM of airflow through a 33%-porosity front grille, while a 20Gbps USB-C port and integrated PWM fan hub round out a case that stands apart from typical steel-and-glass builds.","PC Components > Cases","ASUS",,,,,,,,,,"8.61","No","In Stock","0","38000.00",,"0.00","0.00",,"/asus-proart-pa401-wood-edition-metal-panel-black","https://static3.webx.pk/files/91598/Images/991927cb-7dae-4b0f-bb2f-5fdb4e11236f-91598-2654073-050826073657428.webp","ASUS ProArt PA401 Wood Edition Metal Case Black","Buy ASUS ProArt PA401 Wood Edition Metal Panel case at GB Tec — FSC ash wood front, 138 CFM airflow, USB-C. Nationwide delivery across Pakistan.",,"N","N","Y",
"2654073",,,,,,,,,,,,,,,,,,,,,,,,"https://static3.webx.pk/files/91598/Images/fwebp-3-91598-0-050826073532699.webp",,,,,,,
"2654073",,,,,,,,,,,,,,,,,,,,,,,,"https://static3.webx.pk/files/91598/Images/fwebp-4-91598-0-050826073533340.webp",,,,,,,
"2654073",,,,,,,,,,,,,,,,,,,,,,,,"https://static3.webx.pk/files/91598/Images/fwebp-1-91598-0-050826073535057.webp",,,,,,,
"2654073",,,,,,,,,,,,,,,,,,,,,,,,"https://static3.webx.pk/files/91598/Images/fwebp-2-91598-0-050826073535303.webp",,,,,,,
"2654073",,,,,,,,,,,,,,,,,,,,,,,,"https://static3.webx.pk/files/91598/Images/fwebp-91598-0-050826073535637.webp",,,,,,,
"2654073",,,,,,,,,,,,,,,,,,,,,,,,"https://static3.webx.pk/files/91598/Images/fwebp-5-91598-0-050826073532713.webp",,,,,,,
"2653367","ASUS ROG Strix Helios GX601 White Edition RGB Mid-Tower Case","A showcase-worthy premium case, the ROG Strix Helios GX601 White Edition combines three tempered-glass panels with a brushed-aluminum frame and integrated Aura Sync RGB front lighting. It supports EATX motherboards, up to three GPUs (two vertically for showcase flair), and a 420mm front radiator, while a multifunction cover with cable management and dust filters keeps even the most ambitious builds clean and organized.","PC Components > Cases","ASUS",,,,,,,,,,"18.00","No","In Stock","0","90000.00",,"0.00","0.00",,"/asus-rog-strix-helios-gx601-white-edition-rgb-midtower-case","https://static3.webx.pk/files/91598/Images/aad04146-a605-47d9-9d34-317d6c116c6e-91598-2653367-040826070421961.webp","ASUS ROG Strix Helios GX601 White Case","Buy ASUS ROG Strix Helios GX601 White case at GB Tec — premium tempered glass, Aura Sync RGB, EATX support. Nationwide delivery across Pakistan.",,"N","N","Y",
"2653367",,,,,,,,,,,,,,,,,,,,,,,,"https://static3.webx.pk/files/91598/Images/h732-3-91598-0-040826070314758.webp",,,,,,,
"2653367",,,,,,,,,,,,,,,,,,,,,,,,"https://static3.webx.pk/files/91598/Images/h732-2-91598-0-040826070314631.webp",,,,,,,
"2653367",,,,,,,,,,,,,,,,,,,,,,,,"https://static3.webx.pk/files/91598/Images/h732-4-91598-0-040826070315232.webp",,,,,,,
"2653367",,,,,,,,,,,,,,,,,,,,,,,,"https://static3.webx.pk/files/91598/Images/h732-1-91598-0-040826070316558.webp",,,,,,,
"2653367",,,,,,,,,,,,,,,,,,,,,,,,"https://static3.webx.pk/files/91598/Images/h732-91598-0-040826070317034.webp",,,,,,,
"2654072","ASUS ROG Strix Helios II White Edition (GX601S) EATX Mid-Tower Case","The successor to the acclaimed Helios, the Strix Helios II White Edition upgrades to dual 4mm-thick tempered glass panels, a diamond-grille aluminum front panel, and 60W USB-C fast charging. Four pre-installed 140mm performance fans deliver 103 CFM of airflow at a quiet 29 dB(A), while dual AIO/radiator support, a graphics card slot clamp, and X-shaped carrying straps combine showcase-worthy design with genuine practicality for high-end builds.","PC Components > Cases","ASUS",,,,,,,,,,"18.00","No","In Stock","0","95000.00",,"0.00","0.00",,"/asus-rog-strix-helios-ii-white-edition-gx601s-eatx-midtower-case","https://static3.webx.pk/files/91598/Images/96c7641d-29e2-43fa-8bbb-6409a98c5477-91598-2654072-050826073307294.webp","ASUS ROG Strix Helios II White Case GX601S","Buy ASUS ROG Strix Helios II White case at GB Tec — dual tempered glass, 60W USB-C, EATX support, 450mm GPU. Nationwide delivery across Pakistan.",,"N","N","Y",
"2654072",,,,,,,,,,,,,,,,,,,,,,,,"https://static3.webx.pk/files/91598/Images/h732-1-91598-0-050826072931739.webp",,,,,,,
"2654072",,,,,,,,,,,,,,,,,,,,,,,,"https://static3.webx.pk/files/91598/Images/h732-3-91598-0-050826072930877.webp",,,,,,,
"2654072",,,,,,,,,,,,,,,,,,,,,,,,"https://static3.webx.pk/files/91598/Images/h732-4-91598-0-050826072929958.webp",,,,,,,
"2654072",,,,,,,,,,,,,,,,,,,,,,,,"https://static3.webx.pk/files/91598/Images/h732-7-91598-0-050826072927567.webp",,,,,,,
"2654072",,,,,,,,,,,,,,,,,,,,,,,,"https://static3.webx.pk/files/91598/Images/h732-5-91598-0-050826072928211.webp",,,,,,,
"2654072",,,,,,,,,,,,,,,,,,,,,,,,"https://static3.webx.pk/files/91598/Images/h732-6-91598-0-050826072928406.webp",,,,,,,
"2654072",,,,,,,,,,,,,,,,,,,,,,,,"https://static3.webx.pk/files/91598/Images/h732-2-91598-0-050826072930601.webp",,,,,,,
"2654072",,,,,,,,,,,,,,,,,,,,,,,,"https://static3.webx.pk/files/91598/Images/h732-91598-0-050826072932667.webp",,,,,,,
"2657183","Thermalright A70 ARGB ATX Gaming Case (Black / White) – 5 Fans","Thermalright A70 ARGB is a premium ATX gaming case featuring tempered glass panels, 5 pre-installed ARGB fans, panoramic LED lines, and support for high-performance components and 360mm radiators.","PC Components > Cases","Thermalright","Variants","White",,,,,,,,"11.17","No","In Stock","0","31000.00",,"0.00","0.00",,"/thermalright-a70-argb-atx-gaming-case-black-white-5-fans","https://static3.webx.pk/files/91598/Images/thermalright-a70-argb-atx-gaming-case-7-91598-2657183-100826090713665.webp","Thermalright A70 ARGB 5 Fan Gaming Case | GB-Tech","Buy Thermalright A70 ARGB 5 Fan Gaming Case with tempered glass, ARGB LED lines and 360mm radiator support from GB-Tech. Nationwide delivery in Pakistan.",,"N","N","Y",
"2657183",,,,,,"Black",,,,,,,,"11.17",,,"0","30000.00",,,,,,"https://static3.webx.pk/files/91598/Images/thermalright-a70-argb-atx-gaming-case-6-91598-2657183-100826090509404.webp",,,,,,,
"2657183",,,,,,,,,,,,,,,,,,,,,,,,"https://static3.webx.pk/files/91598/Images/thermalright-a70-argb-atx-gaming-case-5-91598-2657183-100826090509938.webp",,,,,,,
"2657183",,,,,,,,,,,,,,,,,,,,,,,,"https://static3.webx.pk/files/91598/Images/thermalright-a70-argb-atx-gaming-case-3-91598-2657183-100826090511398.webp",,,,,,,
"2657183",,,,,,,,,,,,,,,,,,,,,,,,"https://static3.webx.pk/files/91598/Images/thermalright-a70-argb-atx-gaming-case-2-91598-2657183-100826090512121.webp",,,,,,,
"2657183",,,,,,,,,,,,,,,,,,,,,,,,"https://static3.webx.pk/files/91598/Images/thermalright-a70-argb-atx-gaming-case-4-91598-2657183-100826090512513.webp",,,,,,,
"2657183",,,,,,,,,,,,,,,,,,,,,,,,"https://static3.webx.pk/files/91598/Images/thermalright-a70-argb-atx-gaming-case-1-removebg-preview-91598-2657183-100826090701791.webp",,,,,,,
"2657183",,,,,,,,,,,,,,,,,,,,,,,,"https://static3.webx.pk/files/91598/Images/thermalright-a70-argb-atx-gaming-case-removebg-preview-91598-2657183-100826090702172.webp",,,,,,,
"2657178","Thermalright TL-M10 ARGB Micro-ATX Gaming Case (Black / White) – 4 Fans","Thermalright TL-M10 is a compact Micro-ATX mid-tower gaming case featuring tempered glass panels, 4 pre-installed ARGB fans, 360mm radiator support, and flexible cooling options for modern gaming builds.","PC Components > Cases","Thermalright","Variants","Black",,,,,,,,"6.30","No","In Stock","0","17500.00",,"0.00","0.00",,"/thermalright-tlm10-argb-microatx-gaming-case-black-white-4-fans","https://static3.webx.pk/files/91598/Images/thermalright-tl-m10-argb-micro-atx-gaming-case-3-91598-2657178-100826082815662.webp","Thermalright TL-M10 ARGB Gaming Case | GB-Tech Pakistan","Buy Thermalright TL-M10 ARGB Gaming Case with 4 fans, tempered glass, Micro-ATX support and 360mm radiator compatibility from GB-Tech. Nationwide delivery in Pakistan.",,"N","N","Y",
"2657178",,,,,,"White",,,,,,,,"6.30",,,"0","18000.00",,,,,,"https://static3.webx.pk/files/91598/Images/thermalright-tl-m10-argb-micro-atx-gaming-case-1-removebg-pr-91598-2657178-100826082812240.webp",,,,,,,
"2657178",,,,,,,,,,,,,,,,,,,,,,,,"https://static3.webx.pk/files/91598/Images/thermalright-tl-m10-argb-micro-atx-gaming-case-removebg-prev-91598-2657178-100826082812437.webp",,,,,,,
"2657178",,,,,,,,,,,,,,,,,,,,,,,,"https://static3.webx.pk/files/91598/Images/thermalright-tl-m10-argb-micro-atx-gaming-case-2-removebg-pr-91598-2657178-100826083044295.webp",,,,,,,
"2657182","Thermalright TL-M10 VISION LCD Micro-ATX Gaming Case (Black / White) – 4 Fans","Thermalright TL-M10 VISION is a compact Micro-ATX gaming case featuring a 9.16-inch LCD display, tempered glass panels, 4 pre-installed ARGB fans, and support for up to a 360mm radiator.","PC Components > Cases","Thermalright","Variants","Black",,,,,,,,"6.30","No","In Stock","0","27800.00",,"0.00","0.00",,"/thermalright-tlm10-vision-lcd-microatx-gaming-case-black-white-4-fans","https://static3.webx.pk/files/91598/Images/thermalright-tl-m10-vision-lcd-micro-atx-gaming-case-4-91598-2657182-100826085210568.webp","Thermalright TL-M10 VISION LCD Case | GB-Tech Pakistan","Buy Thermalright TL-M10 VISION LCD Gaming Case with 9.16-inch display, 4 ARGB fans and 360mm radiator support from GB-Tech. Nationwide delivery in Pakistan.",,"N","N","Y",
"2657182",,,,,,"White",,,,,,,,"6.30",,,"0","28800.00",,,,,,"https://static3.webx.pk/files/91598/Images/thermalright-tl-m10-vision-lcd-micro-atx-gaming-case-1-91598-2657182-100826084647324.webp",,,,,,,
"2657182",,,,,,,,,,,,,,,,,,,,,,,,"https://static3.webx.pk/files/91598/Images/thermalright-tl-m10-vision-lcd-micro-atx-gaming-case-3-91598-2657182-100826084719649.webp",,,,,,,
"2657182",,,,,,,,,,,,,,,,,,,,,,,,"https://static3.webx.pk/files/91598/Images/thermalright-tl-m10-vision-lcd-micro-atx-gaming-case-removeb-91598-2657182-100826085031654.webp",,,,,,,
"2657182",,,,,,,,,,,,,,,,,,,,,,,,"https://static3.webx.pk/files/91598/Images/thermalright-tl-m10-vision-lcd-micro-atx-gaming-case-2-remov-91598-2657182-100826085056020.webp",,,,,,,
"2657184","Thermalright TR A70 VISION LCD ATX Gaming Case (Black / White)","Thermalright TR A70 VISION is a panoramic ATX gaming case featuring a 9.16-inch LCD display, integrated ARGB LED lines, tempered glass panels, and extensive cooling support for high-performance PC builds.","PC Components > Cases","Thermalright","Variants","White",,,,,,,,"11.17","No","In Stock","0","39000.00",,"0.00","0.00",,"/thermalright-tr-a70-vision-lcd-atx-gaming-case-black-white","https://static3.webx.pk/files/91598/Images/thermalright-a70-argb-atx-gaming-case-7-91598-2657184-100826091816893.webp","Thermalright TR A70 VISION LCD Gaming Case | GB-Tech","Buy Thermalright TR A70 VISION LCD Gaming Case with 9.16-inch display, ARGB LED lines and 360mm radiator support from GB-Tech. Nationwide delivery in Pakistan.",,"N","N","Y",
"2657184",,,,,,"Black",,,,,,,,"11.17",,,"0","38000.00",,,,,,"https://static3.webx.pk/files/91598/Images/thermalright-a70-argb-atx-gaming-case-removebg-preview-91598-2657184-100826091813138.webp",,,,,,,
"2657184",,,,,,,,,,,,,,,,,,,,,,,,"https://static3.webx.pk/files/91598/Images/thermalright-a70-argb-atx-gaming-case-1-removebg-preview-91598-2657184-100826091813545.webp",,,,,,,
"2657184",,,,,,,,,,,,,,,,,,,,,,,,"https://static3.webx.pk/files/91598/Images/thermalright-tr-a70-vision-lcd-atx-gaming-case-4-91598-2657184-100826092007297.webp",,,,,,,
"2657184",,,,,,,,,,,,,,,,,,,,,,,,"https://static3.webx.pk/files/91598/Images/thermalright-tr-a70-vision-lcd-atx-gaming-case-2-91598-2657184-100826092007418.webp",,,,,,,
"2657184",,,,,,,,,,,,,,,,,,,,,,,,"https://static3.webx.pk/files/91598/Images/thermalright-tr-a70-vision-lcd-atx-gaming-case-91598-2657184-100826092008456.webp",,,,,,,
"2657184",,,,,,,,,,,,,,,,,,,,,,,,"https://static3.webx.pk/files/91598/Images/thermalright-tr-a70-vision-lcd-atx-gaming-case-1-91598-2657184-100826092008602.webp",,,,,,,
"2657184",,,,,,,,,,,,,,,,,,,,,,,,"https://static3.webx.pk/files/91598/Images/thermalright-tr-a70-vision-lcd-atx-gaming-case-3-91598-2657184-100826092009577.webp",,,,,,,
"2640580","XPG INVADER X Mid-Tower PC Chassis","The XPG INVADER X Mid-Tower Gaming Case combines a stunning panoramic dual tempered glass design with outstanding cooling performance. Featuring 5 pre-installed 120mm ARGB fans, support for vertical or horizontal GPU installation, compatibility with ATX, Micro-ATX, and Mini-ITX motherboards, and room for up to 360mm radiators, it is built for gamers who want premium aesthetics, excellent airflow, and high-end hardware compatibility.","PC Components > Cases","XPG","Color","White",,,,,,,,"10.20","No","In Stock","0","32000.00",,"0.00","0.00",,"/xpg-invader-x-midtower-pc-chassis","https://static3.webx.pk/files/91598/Images/xpg-invader-x-mid-tower-pc-chassis-91598-2640580-280726112044059.webp","XPG INVADER X Mid-Tower Gaming Case | GB TECH Pakistan","Buy the XPG INVADER X Mid-Tower Gaming Case at GB TECH Pakistan. Panoramic tempered glass, 5 pre-installed ARGB fans, vertical GPU support, USB Type-C, and exceptional airflow.",,"N","N","Y",
"2640580",,,,,,"Black",,,,,,,,"10.20",,,"0","32000.00",,,,,,"https://static3.webx.pk/files/91598/Images/imgi-13-invader-x-id-pd-2000x2000-09-k-91598-0-180726102910719.webp",,,,,,,
"2640580",,,,,,,,,,,,,,,,,,,,,,,,"https://static3.webx.pk/files/91598/Images/imgi-12-b01-new-91598-0-180726102910784.webp",,,,,,,
"2640580",,,,,,,,,,,,,,,,,,,,,,,,"https://static3.webx.pk/files/91598/Images/imgi-12-b01-new-91598-0-180726102921549.webp",,,,,,,
"2640580",,,,,,,,,,,,,,,,,,,,,,,,"https://static3.webx.pk/files/91598/Images/imgi-13-invader-x-id-pd-2000x2000-09-k-91598-0-180726102921801.webp",,,,,,,
"2640580",,,,,,,,,,,,,,,,,,,,,,,,"https://static3.webx.pk/files/91598/Images/xpg-invader-x-mid-tower-pc-chassis-2-91598-2640580-280726112105772.webp",,,,,,,
"2640506","XPG LANDER 500 MID-TOWER CHASSIS","LANDER 500
SOLID STARTS HERE.
LANDER 500 delivers the essential features you need to build with confidence—clear airflow, flexible hardware support, and a clean, streamlined layout. It’s a reliable foundation for systems that prioritize function, focus, and everyday performance.","PC Components > Cases","XPG","Color","Black",,,,,,,,"6.12","No","In Stock","0","15000.00",,"0.00","0.00",,"/xpg-lander-500-midtower-chassis","https://static3.webx.pk/files/91598/Images/xpg-lander-500-mid-tower-chassis-91598-2640506-280726113331740.webp","XPG LANDER 500 Mid-Tower Gaming Case | GB TECH Pakistan","Buy the XPG LANDER 500 Mid-Tower Gaming Case at GB TECH Pakistan. Tempered glass, 4 pre-installed ARGB fans, high-airflow design, and support for ATX, Micro-ATX & Mini-ITX builds.",,"N","N","Y",
"2640506",,,,,,,,,,,,,,,,,,,,,,,,"https://static3.webx.pk/files/91598/Images/imgi-11-xpg-lander-500-pd-2000x2000-01-91598-0-180726095520654.webp",,,,,,,
"2640506",,,,,,,,,,,,,,,,,,,,,,,,"https://static3.webx.pk/files/91598/Images/imgi-10-xpg-lander-500-pd-2000x2000-02-91598-0-180726095520570.webp",,,,,,,
"2640506",,,,,,,,,,,,,,,,,,,,,,,,"https://static3.webx.pk/files/91598/Images/imgi-9-xpg-lander-500-pd-2000x2000-031750298231-91598-0-180726095521583.webp",,,,,,,
"2640506",,,,,,,,,,,,,,,,,,,,,,,,"https://static3.webx.pk/files/91598/Images/imgi-12-xpg-lander-500-pd-2000x2000-04-91598-0-180726095524452.webp",,,,,,,
"2640506",,,,,,,,,,,,,,,,,,,,,,,,"https://static3.webx.pk/files/91598/Images/imgi-13-xpg-lander-500-pd-2000x2000-06-91598-0-180726095524711.webp",,,,,,,
"2640506",,,,,,,,,,,,,,,,,,,,,,,,"https://static3.webx.pk/files/91598/Images/imgi-14-xpg-lander-500-pd-2000x2000-07-91598-0-180726095526867.webp",,,,,,,
"2640506",,,,,,,,,,,,,,,,,,,,,,,,"https://static3.webx.pk/files/91598/Images/imgi-15-xpg-lander-500-pd-2000x2000-08-91598-0-180726095527793.webp",,,,,,,
"2640506",,,,,,,,,,,,,,,,,,,,,,,,"https://static3.webx.pk/files/91598/Images/imgi-16-xpg-lander-500i-pd-2000x2000-05-91598-0-180726095529099.webp",,,,,,,
"2640575","XPG STARKER AIR BTF Mid-Tower Chassis","The XPG STARKER AIR BTF Mid-Tower Gaming Case is engineered for modern gaming PCs with support for both standard and reverse-connector (BTF) motherboards. Featuring a 3mm tempered glass side panel, 4 pre-installed 120mm ARGB fans, a high-airflow design, and support for E-ATX, ATX, Micro-ATX, and Mini-ITX motherboards, it offers exceptional cooling, clean cable management, and premium aesthetics for high-performance gaming builds.","PC Components > Cases","XPG","Color","White",,,,,,,,"8.75","No","In Stock","0","0.00",,"0.00","0.00",,"/xpg-starker-air-btf-midtower-chassis","https://static3.webx.pk/files/91598/Images/xpg-starker-air-btf-mid-tower-chassis-91598-2640575-280726112931341.webp","Buy the XPG STARKER AIR BTF Mid-Tower Gaming Case at GB TECH Pakistan. Supports BTF motherboards, 4 pre-installed ARGB fans, tempered glass, USB Type-C, and high-airflow design.","The XPG STARKER AIR BTF Mid-Tower Gaming Case is engineered for modern gaming PCs with support for both standard and reverse-connector (BTF) motherboards. Featuring a 3mm tempered glass side panel, 4 pre-installed 120mm ARGB fans, a high-airflow design, and support for E-ATX, ATX, Micro-ATX, and Mini-ITX motherboards, it offers exceptional cooling, clean cable management, and premium aesthetics for high-performance gaming builds.",,"N","N","Y",
"2640575",,,,,,"Black",,,,,,,,"8.75",,,"0","0.00",,,,,,"https://static3.webx.pk/files/91598/Images/imgi-11-starker-air-btf-black-2-91598-0-180726101333494.webp",,,,,,,
"2640575",,,,,,,,,,,,,,,,,,,,,,,,"https://static3.webx.pk/files/91598/Images/imgi-10-starker-air-btf-black-1-light-91598-0-180726101333425.webp",,,,,,,
"2640575",,,,,,,,,,,,,,,,,,,,,,,,"https://static3.webx.pk/files/91598/Images/imgi-9-starker-air-btf-black-1-91598-0-180726101334530.webp",,,,,,,
"2640575",,,,,,,,,,,,,,,,,,,,,,,,"https://static3.webx.pk/files/91598/Images/imgi-14-starker-air-btf-black-4-91598-0-180726101337685.webp",,,,,,,
"2640575",,,,,,,,,,,,,,,,,,,,,,,,"https://static3.webx.pk/files/91598/Images/imgi-13-starker-air-btf-black-3-91598-0-180726101337500.webp",,,,,,,
"2640575",,,,,,,,,,,,,,,,,,,,,,,,"https://static3.webx.pk/files/91598/Images/imgi-12-starker-air-btf-black-2-light1732247078-91598-0-180726101338986.webp",,,,,,,
"2640575",,,,,,,,,,,,,,,,,,,,,,,,"https://static3.webx.pk/files/91598/Images/imgi-15-starker-air-btf-black-6-91598-0-180726101340877.webp",,,,,,,
"2640575",,,,,,,,,,,,,,,,,,,,,,,,"https://static3.webx.pk/files/91598/Images/imgi-16-starker-air-btf-black-7-91598-0-180726101341261.webp",,,,,,,
"2640575",,,,,,,,,,,,,,,,,,,,,,,,"https://static3.webx.pk/files/91598/Images/imgi-17-starker-air-btf-black-8-91598-0-180726101342660.webp",,,,,,,
"2640575",,,,,,,,,,,,,,,,,,,,,,,,"https://static3.webx.pk/files/91598/Images/imgi-18-starker-air-btf-black-10-91598-0-180726101343651.webp",,,,,,,
"2640575",,,,,,,,,,,,,,,,,,,,,,,,"https://static3.webx.pk/files/91598/Images/imgi-20-starker-air-btf-black-13-91598-0-180726101344635.webp",,,,,,,
"2640575",,,,,,,,,,,,,,,,,,,,,,,,"https://static3.webx.pk/files/91598/Images/imgi-22-starker-air-btf-black-17-91598-0-180726101346732.webp",,,,,,,
"2640575",,,,,,,,,,,,,,,,,,,,,,,,"https://static3.webx.pk/files/91598/Images",,,,,,,
"2634256","XPG VALOR AIR MT","VALOR AIR
ENDLESS POSSIBILITIES
The new XPG VALOR AIR is a new breed of ATX chassis designed by XPG. Compatibility is the theme and capable of installing mid-to-high end of components. Its Streamline-Carving front panel design offers visual aesthetics when modding to ARGB gears, and to enhance airflow to be drawn in with 4 included 120mm fans.","PC Components > Cases","XPG","Color","White",,,,,,,,"6.10","No","In Stock","0","12800.00",,"0.00","0.00",,"/xpg-valor-air-mt","https://static3.webx.pk/files/91598/Images/xpg-valor-air-mt-91598-2634256-280726113931457.webp","XPG VALOR AIR Compact Mid-Tower Gaming Case | GB TECH","Buy the XPG VALOR AIR Compact Mid-Tower Gaming Case at GB TECH Pakistan. High-airflow mesh design, tempered glass, 4 pre-installed fans & ATX support.",,"N","Y","Y",
"2634256",,,,,,"Black",,,,,,,,"6.10",,,"0","12800.00",,,,,,"https://static3.webx.pk/files/91598/Images/xpg-valor-air-10-1000x1000-91598-0-140726082419584.webp",,,,,,,
"2634256",,,,,,,,,,,,,,,,,,,,,,,,"https://static3.webx.pk/files/91598/Images/valor-wh-17-1000x1000-bk-91598-0-140726082419480.webp",,,,,,,
"2634256",,,,,,,,,,,,,,,,,,,,,,,,"https://static3.webx.pk/files/91598/Images/xpg-valor-air-08-1000x1000-91598-0-140726082420123.webp",,,,,,,
"2634256",,,,,,,,,,,,,,,,,,,,,,,,"https://static3.webx.pk/files/91598/Images/valor-bk-19-1000x1000-bk-91598-0-140726082420872.webp",,,,,,,
"2634256",,,,,,,,,,,,,,,,,,,,,,,,"https://static3.webx.pk/files/91598/Images/valor-wh-09-1000x1000-bk-91598-0-140726082420995.webp",,,,,,,
"2634351","XPG VALOR AIR PLUS MID-TOWER CHASSIS","VALOR AIR PLUS
ENDLESS POSSIBILITIES
XPG VALOR AIR PLUS mid-tower PC chassis offers a robust platform for future upgrades, accommodating mid-to-high-end components, including most RTX 40 series GPUs. Its high-airflow magnetic front panel enhances visual appeal, especially with ARGB fans, while ensuring superior ventilation. With 4x pre-installed 120mm ARGB fans included in select models, it delivers optimal cooling performance right out of the box.","PC Components > Cases","XPG","Color","White",,,,,,,,"6.10","No","In Stock","0","15000.00",,"0.00","0.00",,"/xpg-valor-air-plus-midtower-chassis","https://static3.webx.pk/files/91598/Images/xpg-valor-air-plus-mid-tower-chassis-91598-2634351-280726113508467.webp","XPG VALOR AIR PLUS Mid-Tower Gaming Case | GB TECH Pakistan","Buy the XPG VALOR AIR PLUS Mid-Tower Gaming Case at GB TECH Pakistan. High-airflow magnetic front panel, tempered glass, ARGB fans, and support for ATX, Micro-ATX & Mini-ITX builds.",,"N","Y","Y",
"2634351",,,,,,"Black",,,,,,,,"6.10",,,"0","15000.00",,,,,,"https://static3.webx.pk/files/91598/Images/xpg-valor-air-plus-black-casing-price-in-pakistan-3-19643-22-91598-0-140726105916392.webp",,,,,,,
"2634351",,,,,,,,,,,,,,,,,,,,,,,,"https://static3.webx.pk/files/91598/Images/xpg-valor-air-plus-black-casing-price-in-pakistan-1-19643-22-91598-0-140726105913644.webp",,,,,,,
"2634351",,,,,,,,,,,,,,,,,,,,,,,,"https://static3.webx.pk/files/91598/Images/xpg-valor-air-plus-black-casing-price-in-pakistan-8-19643-22-91598-0-140726105913682.webp",,,,,,,
"2634351",,,,,,,,,,,,,,,,,,,,,,,,"https://static3.webx.pk/files/91598/Images/xpg-valor-air-plus-black-casing-price-in-pakistan-7-19643-22-91598-0-140726105913976.webp",,,,,,,
"2634351",,,,,,,,,,,,,,,,,,,,,,,,"https://static3.webx.pk/files/91598/Images/xpg-valor-air-plus-black-casing-price-in-pakistan-6-19643-22-91598-0-140726105915112.webp",,,,,,,
"2634351",,,,,,,,,,,,,,,,,,,,,,,,"https://static3.webx.pk/files/91598/Images/xpg-valor-air-plus-black-casing-price-in-pakistan-4-19643-22-91598-0-140726105915604.webp",,,,,,,
"2634351",,,,,,,,,,,,,,,,,,,,,,,,"https://static3.webx.pk/files/91598/Images/xpg-valor-air-plus-black-casing-price-in-pakistan-5-19643-22-91598-0-140726105915456.webp",,,,,,,
"2634351",,,,,,,,,,,,,,,,,,,,,,,,"https://static3.webx.pk/files/91598/Images/xpg-valor-air-plus-black-casing-price-in-pakistan-2-19643-22-91598-0-140726105916863.webp",,,,,,,
"2634351",,,,,,,,,,,,,,,,,,,,,,,,"https://static3.webx.pk/files/91598/Images/xpg-valor-air-plus-mid-tower-chassis-2-91598-2634351-280726113508422.webp",,,,,,,
"2634315","XPG VALOR MESH Compact Mid-Tower Chassis","The XPG VALOR MESH Compact Mid-Tower Gaming Case is designed for gamers and PC builders who demand exceptional airflow and modern aesthetics. Featuring a high-airflow mesh front panel, a tempered glass side panel, and 4 pre-installed 120mm fans, it provides efficient cooling for high-performance systems. Compatible with ATX, Micro-ATX, and Mini-ITX motherboards, the VALOR MESH offers ample space for powerful graphics cards, multiple storage drives, and liquid cooling solutions, making it an excellent choice for your next gaming PC build.","PC Components > Cases","XPG","Color","Black",,,,,,,,"6.10","No","In Stock","0","12800.00",,"0.00","0.00",,"/xpg-valor-mesh-compact-midtower-chassis","https://static3.webx.pk/files/91598/Images/xpg-valor-mesh-compact-mid-tower-chassis-91598-2634315-280726113620483.webp","XPG VALOR MESH Compact Mid-Tower Gaming Case | GB TECH","Buy the XPG VALOR MESH Compact Mid-Tower Gaming Case at GB TECH Pakistan. Mesh front panel, tempered glass, 4 pre-installed 120mm fans, and ATX support for superior airflow.",,"N","N","Y",
"2634315",,,,,,"White",,,,,,,,"6.10",,,"0","12800.00",,,,,,"https://static3.webx.pk/files/91598/Images/xpg-valor-mesh-bk-08-2000x2000-png-91598-0-140726103433096.webp",,,,,,,
"2634315",,,,,,,,,,,,,,,,,,,,,,,,"https://static3.webx.pk/files/91598/Images/xpg-valor-mesh-wh-13-2000x2000-png-91598-0-140726103423108.webp",,,,,,,
"2634315",,,,,,,,,,,,,,,,,,,,,,,,"https://static3.webx.pk/files/91598/Images/xpg-valor-mesh-wh-10-2000x2000-png-91598-0-140726103423089.webp",,,,,,,
"2634315",,,,,,,,,,,,,,,,,,,,,,,,"https://static3.webx.pk/files/91598/Images/xpg-valor-mesh-wh-08-2000x2000-png-91598-0-140726103424865.webp",,,,,,,
"2634315",,,,,,,,,,,,,,,,,,,,,,,,"https://static3.webx.pk/files/91598/Images/xpg-valor-mesh-wh-02-2000x2000-png-91598-0-140726103428282.webp",,,,,,,
"2634315",,,,,,,,,,,,,,,,,,,,,,,,"https://static3.webx.pk/files/91598/Images/xpg-valor-mesh-bk-13-2000x2000-png-91598-0-140726103428679.webp",,,,,,,
"2634315",,,,,,,,,,,,,,,,,,,,,,,,"https://static3.webx.pk/files/91598/Images/xpg-valor-mesh-bk-10-2000x2000-png-91598-0-140726103429416.webp",,,,,,,
"2634315",,,,,,,,,,,,,,,,,,,,,,,,"https://static3.webx.pk/files/91598/Images/xpg-valor-mesh-bk-02-2000x2000-png-91598-0-140726103433053.webp",,,,,,,
"2657700","Thermalright Assassin King 120 SE ARGB CPU Cooler (Black)","Thermalright Assassin King 120 SE ARGB is a compact single-tower CPU air cooler featuring five 6mm heat pipes and a 120mm ARGB PWM fan, delivering efficient cooling with quiet operation and broad Intel/AMD socket compatibility.","PC Components > Cooling","Thermalright",,,,,,,,,,"0.64","No","In Stock","0","6000.00",,"0.00","0.00",,"/thermalright-assassin-king-120-se-argb-cpu-cooler-black","https://static3.webx.pk/files/91598/Images/thermalright-assassin-king-120-se-argb-cpu-cooler-4-91598-2657700-110826092107761.webp","Thermalright Assassin King 120 SE ARGB CPU Cooler | GB-Tech","Buy Thermalright Assassin King 120 SE ARGB CPU Cooler at GB-Tech. Features 5 heat pipes, 120mm ARGB PWM fan and Intel/AMD compatibility. Nationwide delivery in Pakistan.",,"N","N","Y",
"2657700",,,,,,,,,,,,,,,,,,,,,,,,"https://static3.webx.pk/files/91598/Images/thermalright-assassin-king-120-se-argb-cpu-cooler-removebg-p-91598-2657700-110826092043070.webp",,,,,,,
"2657700",,,,,,,,,,,,,,,,,,,,,,,,"https://static3.webx.pk/files/91598/Images/thermalright-assassin-king-120-se-argb-cpu-cooler-3-removebg-91598-2657700-110826092042240.webp",,,,,,,
"2657700",,,,,,,,,,,,,,,,,,,,,,,,"https://static3.webx.pk/files/91598/Images/thermalright-assassin-king-120-se-argb-cpu-cooler-2-removebg-91598-2657700-110826092041102.webp",,,,,,,
"2657700",,,,,,,,,,,,,,,,,,,,,,,,"https://static3.webx.pk/files/91598/Images/thermalright-assassin-king-120-se-argb-cpu-cooler-1-removebg-91598-2657700-110826092041551.webp",,,,,,,
"2657701","Thermalright Assassin X 120 Refined SE ARGB CPU Cooler (AM4/AM5 / LGA1700/1851, Black)","Thermalright Assassin X 120 Refined SE ARGB is a compact single-tower CPU air cooler featuring four 6mm heat pipes and a 120mm ARGB PWM fan, available with AMD AM4/AM5 and Intel LGA1700/1851 mounting compatibility.","PC Components > Cooling","Thermalright","Variants","AM4 / AM5 — Black:",,,,,,,,"0.58","No","In Stock","0","4800.00",,"0.00","0.00",,"/thermalright-assassin-x-120-refined-se-argb-cpu-cooler-am4am5-lga17001851-black","https://static3.webx.pk/files/91598/Images/thermalright-assassin-x-120-refined-se-argb-cpu-cooler-am4-a-91598-2657701-110826093216052.webp","Thermalright Assassin X 120 Refined SE ARGB CPU Cooler | GB-Tech","Buy Thermalright Assassin X 120 Refined SE ARGB CPU Cooler at GB-Tech. Features 4 heat pipes, 120mm ARGB PWM fan and AM4/AM5 or LGA1700/1851 compatibility. Nationwide delivery in Pakistan.",,"N","N","Y",
"2657701",,,,,,"LGA1700 / LGA1851 — Black",,,,,,,,"0.58",,,"0","4800.00",,,,,,"https://static3.webx.pk/files/91598/Images/thermalright-assassin-x-120-refined-se-argb-cpu-cooler-am4-a-91598-2657701-110826093114816.webp",,,,,,,
"2657701",,,,,,,,,,,,,,,,,,,,,,,,"https://static3.webx.pk/files/91598/Images/thermalright-assassin-x-120-refined-se-argb-cpu-cooler-am4-a-91598-2657701-110826093114865.webp",,,,,,,
"2657701",,,,,,,,,,,,,,,,,,,,,,,,"https://static3.webx.pk/files/91598/Images/thermalright-assassin-x-120-refined-se-argb-cpu-cooler-am4-a-91598-2657701-110826093114953.webp",,,,,,,
"2657635","Thermalright Assassin X 120 Refined SE ARGB CPU Cooler (Black / White)","Thermalright Assassin X 120 Refined SE ARGB is a compact single-tower CPU air cooler featuring four 6mm heat pipes and a 120mm ARGB PWM fan for efficient and quiet cooling. Available in Black and White variants.","PC Components > Cooling","Thermalright","Variants","White",,,,,,,,"0.75","No","In Stock","0","5800.00",,"0.00","0.00",,"/thermalright-assassin-x-120-refined-se-argb-cpu-cooler-black-white","https://static3.webx.pk/files/91598/Images/thermalright-assassin-x-120-refined-se-argb-cpu-cooler-6-91598-2657635-110826090834514.webp","Thermalright Assassin X 120 Refined SE ARGB CPU Cooler | GB-Tech","Buy Thermalright Assassin X 120 Refined SE ARGB CPU Cooler at GB-Tech. Features 4 heat pipes, 120mm ARGB PWM fan and Intel/AMD compatibility. Available in Black and White with nationwide delivery in Pakistan.",,"N","N","Y",
"2657635",,,,,,"Black",,,,,,,,"0.75",,,"0","5500.00",,,,,,"https://static3.webx.pk/files/91598/Images/thermalright-assassin-x-120-refined-se-argb-cpu-cooler-remov-91598-2657635-110826090753267.webp",,,,,,,
"2657635",,,,,,,,,,,,,,,,,,,,,,,,"https://static3.webx.pk/files/91598/Images/thermalright-assassin-x-120-refined-se-argb-cpu-cooler-1-rem-91598-2657635-110826090800599.webp",,,,,,,
"2657635",,,,,,,,,,,,,,,,,,,,,,,,"https://static3.webx.pk/files/91598/Images/thermalright-assassin-x-120-refined-se-argb-cpu-cooler-4-rem-91598-2657635-110826090753910.webp",,,,,,,
"2657635",,,,,,,,,,,,,,,,,,,,,,,,"https://static3.webx.pk/files/91598/Images/thermalright-assassin-x-120-refined-se-argb-cpu-cooler-5-rem-91598-2657635-110826090751524.webp",,,,,,,
"2657635",,,,,,,,,,,,,,,,,,,,,,,,"https://static3.webx.pk/files/91598/Images/thermalright-assassin-x-120-refined-se-argb-cpu-cooler-3-rem-91598-2657635-110826090753828.webp",,,,,,,
"2657635",,,,,,,,,,,,,,,,,,,,,,,,"https://static3.webx.pk/files/91598/Images/thermalright-assassin-x-120-refined-se-argb-cpu-cooler-2-rem-91598-2657635-110826090758819.webp",,,,,,,
"2653364","ASUS ROG Thor 1000W Platinum III Power Supply Gaming Edition (ROG-THOR-1000P3-GAMING)","The flagship of ASUS's power supply lineup, the ROG Thor 1000W Platinum III combines a next-gen GaN MOSFET for up to 30% higher efficiency with a patented ""GPU-First"" intelligent voltage stabilizer that boosts GPU voltage delivery by up to 45%. Its signature magnetic OLED display shows real-time power draw and can be mounted on either side of the unit, while 80 PLUS Platinum certification, Turbo Mode, and full ATX 3.1/PCIe 5.1 compliance make it the top-tier choice for enthusiasts building extreme-performance rigs.","PC Components > Power Supplies","ASUS",,,,,,,,,,"2.30","No","In Stock","0","120000.00",,"0.00","0.00",,"/asus-rog-thor-1000w-platinum-iii-power-supply-gaming-edition-rogthor1000p3gaming","https://static3.webx.pk/files/91598/Images/asus-rog-thor-1000w-platinum-iii-psu-91598-2653364-040826065332904.webp","ASUS ROG Thor 1000W Platinum III PSU","Buy ASUS ROG Thor 1000W Platinum III PSU at GB Tec — GaN MOSFET, OLED display, GPU-First voltage stabilizer. Nationwide delivery across Pakistan.",,"N","N","Y",
"2653364",,,,,,,,,,,,,,,,,,,,,,,,"https://static3.webx.pk/files/91598/Images/h732-5-91598-0-040826065138710.webp",,,,,,,
"2653364",,,,,,,,,,,,,,,,,,,,,,,,"https://static3.webx.pk/files/91598/Images/h732-4-91598-0-040826065138572.webp",,,,,,,
"2653364",,,,,,,,,,,,,,,,,,,,,,,,"https://static3.webx.pk/files/91598/Images/h732-3-91598-0-040826065138913.webp",,,,,,,
"2653364",,,,,,,,,,,,,,,,,,,,,,,,"https://static3.webx.pk/files/91598/Images/h732-1-91598-0-040826065141017.webp",,,,,,,
"2653364",,,,,,,,,,,,,,,,,,,,,,,,"https://static3.webx.pk/files/91598/Images/h732-2-91598-0-040826065140977.webp",,,,,,,
"2653364",,,,,,,,,,,,,,,,,,,,,,,,"https://static3.webx.pk/files/91598/Images/h732-91598-0-040826065140814.webp",,,,,,,
"2653365","ASUS ROG Thor 1200W Platinum III Power Supply Gaming Edition (ROG-THOR-1200P3-GAMING)","Stepping up from the 1000W model, the ROG Thor 1200W Platinum III delivers the same GaN MOSFET efficiency gains and patented ""GPU-First"" intelligent voltage stabilizer with a larger power ceiling for the most demanding, high-end multi-component builds. Its signature magnetic OLED display, Turbo Mode, and 80 PLUS Platinum certification combine to make it ASUS's top-tier PSU choice for extreme gaming and workstation rigs, backed by a 10-year warranty.","PC Components > Power Supplies","ASUS",,,,,,,,,,"2.40","No","In Stock","0","0.00",,"0.00","0.00",,"/asus-rog-thor-1200w-platinum-iii-power-supply-gaming-edition-rogthor1200p3gaming","https://static3.webx.pk/files/91598/Images/asus-rog-thor-1200w-platinum-iii-psu-91598-2653365-040826065818829.webp","ASUS ROG Thor 1200W Platinum III PSU","Buy ASUS ROG Thor 1200W Platinum III PSU at GB Tec — GaN MOSFET, OLED display, GPU-First voltage stabilizer. Nationwide delivery across Pakistan.",,"N","N","Y",
"2653365",,,,,,,,,,,,,,,,,,,,,,,,"https://static3.webx.pk/files/91598/Images/h732-1-91598-0-040826065608467.webp",,,,,,,
"2653365",,,,,,,,,,,,,,,,,,,,,,,,"https://static3.webx.pk/files/91598/Images/h732-5-91598-0-040826065606404.webp",,,,,,,
"2653365",,,,,,,,,,,,,,,,,,,,,,,,"https://static3.webx.pk/files/91598/Images/h732-4-91598-0-040826065606081.webp",,,,,,,
"2653365",,,,,,,,,,,,,,,,,,,,,,,,"https://static3.webx.pk/files/91598/Images/h732-3-91598-0-040826065608235.webp",,,,,,,
"2653365",,,,,,,,,,,,,,,,,,,,,,,,"https://static3.webx.pk/files/91598/Images/h732-6-91598-0-040826065606133.webp",,,,,,,
"2653362","ASUS TUF Gaming 1000W Gold Power Supply (TUF-GAMING-1000G)","Built for demanding, high-wattage gaming rigs, the TUF Gaming 1000W Gold pairs military-grade capacitors and chokes with an 80 PLUS Gold-rated 92% efficiency for stable, reliable power. Dual ball bearings rated for up to 80,000 hours, corrosion resistance tested against 95% humidity, and a dedicated 16-pin PCIe connector delivering 600W to your GPU combine to make it a durable, high-capacity PSU backed by a 10-year warranty.","PC Components > Power Supplies","ASUS",,,,,,,,,,"2.48","No","In Stock","0","51500.00",,"0.00","0.00",,"/asus-tuf-gaming-1000w-gold-power-supply-tufgaming1000g","https://static3.webx.pk/files/91598/Images/befb4bb5-ba34-46c0-b4cc-631cc65a2869-91598-0-040826064323332.webp","ASUS TUF Gaming 1000W Gold PSU","Buy ASUS TUF Gaming 1000W Gold PSU at GB Tec — ATX 3.1, 80 PLUS Gold, fully modular, 10-year warranty. Nationwide delivery across Pakistan.",,"N","N","Y",
"2653362",,,,,,,,,,,,,,,,,,,,,,,,"https://static3.webx.pk/files/91598/Images/fwebp-3-91598-0-040826064315462.webp",,,,,,,
"2653362",,,,,,,,,,,,,,,,,,,,,,,,"https://static3.webx.pk/files/91598/Images/fwebp-2-91598-0-040826064315706.webp",,,,,,,
"2653362",,,,,,,,,,,,,,,,,,,,,,,,"https://static3.webx.pk/files/91598/Images/fwebp-1-91598-0-040826064317229.webp",,,,,,,
"2653362",,,,,,,,,,,,,,,,,,,,,,,,"https://static3.webx.pk/files/91598/Images/fwebp-91598-0-040826064317823.webp",,,,,,,
"2653362",,,,,,,,,,,,,,,,,,,,,,,,"https://static3.webx.pk/files/91598/Images/fwebp-4-91598-0-040826064315084.webp",,,,,,,
"2653363","ASUS TUF Gaming 1200W Gold Power Supply (TUF-GAMING-1200G)","Built for extreme-power gaming rigs, the TUF Gaming 1200W Gold combines military-grade capacitors and chokes rated for 105°C operation with 80 PLUS Gold-certified 92% efficiency. A dual 16-pin PCIe cable setup, dual ball bearings rated for extended lifespan, and corrosion/humidity-tested durability make it the top-tier choice in ASUS's TUF Gaming PSU lineup for high-end multi-GPU or extreme power-draw builds, backed by a 10-year warranty.","PC Components > Power Supplies","ASUS",,,,,,,,,,"2.66","No","In Stock","0","65000.00",,"0.00","0.00",,"/asus-tuf-gaming-1200w-gold-power-supply-tufgaming1200g","https://static3.webx.pk/files/91598/Images/asus-tuf-gaming-1200w-gold-psu-91598-2653363-040826065002519.webp","ASUS TUF Gaming 1200W Gold PSU","Buy ASUS TUF Gaming 1200W Gold PSU at GB Tec — ATX 3.1, dual 16-pin PCIe, 80 PLUS Gold, 10-year warranty. Nationwide delivery across Pakistan.",,"N","N","Y",
"2653363",,,,,,,,,,,,,,,,,,,,,,,,"https://static3.webx.pk/files/91598/Images/fwebp-4-91598-0-040826064811508.webp",,,,,,,
"2653363",,,,,,,,,,,,,,,,,,,,,,,,"https://static3.webx.pk/files/91598/Images/fwebp-3-91598-0-040826064811455.webp",,,,,,,
"2653363",,,,,,,,,,,,,,,,,,,,,,,,"https://static3.webx.pk/files/91598/Images/fwebp-5-91598-0-040826064811910.webp",,,,,,,
"2653363",,,,,,,,,,,,,,,,,,,,,,,,"https://static3.webx.pk/files/91598/Images/fwebp-1-91598-0-040826064813391.webp",,,,,,,
"2653363",,,,,,,,,,,,,,,,,,,,,,,,"https://static3.webx.pk/files/91598/Images/fwebp-2-91598-0-040826064813308.webp",,,,,,,
"2653363",,,,,,,,,,,,,,,,,,,,,,,,"https://static3.webx.pk/files/91598/Images/fwebp-91598-0-040826064813800.webp",,,,,,,
"2653346","ASUS TUF Gaming 850W Gold Power Supply (TUF-GAMING-850G)","A dependable, ATX 3.1-compliant PSU engineered for the long haul, the TUF Gaming 850W Gold combines military-grade capacitors with an 80 PLUS Gold-rated 92% efficiency for stable, clean power delivery. A dedicated 16-pin PCIe connector delivers up to 600W to modern PCIe Gen 5.1 graphics cards, while a fully modular, etched cable set and a quiet Axial-tech 135mm fan with 0dB technology round out a durable PSU backed by a 10-year warranty.","PC Components > Power Supplies","ASUS",,,,,,,,,,"2.38","No","In Stock","0","39000.00",,"0.00","0.00",,"/asus-tuf-gaming-850w-gold-power-supply-tufgaming850g","https://static3.webx.pk/files/91598/Images/asus-tuf-gaming-850w-gold-power-supply-91598-2653346-040826064018286.webp","ASUS TUF Gaming 850W Gold PSU","Buy ASUS TUF Gaming 850W Gold PSU at GB Tec — ATX 3.1, 80 PLUS Gold, fully modular, 10-year warranty. Nationwide delivery across Pakistan.",,"N","N","Y",
"2653346",,,,,,,,,,,,,,,,,,,,,,,,"https://static3.webx.pk/files/91598/Images/fwebp-1-91598-2653346-040826063306962.webp",,,,,,,
"2653346",,,,,,,,,,,,,,,,,,,,,,,,"https://static3.webx.pk/files/91598/Images/fwebp-2-91598-2653346-040826063305454.webp",,,,,,,
"2653346",,,,,,,,,,,,,,,,,,,,,,,,"https://static3.webx.pk/files/91598/Images/fwebp-3-91598-2653346-040826063305666.webp",,,,,,,
"2653346",,,,,,,,,,,,,,,,,,,,,,,,"https://static3.webx.pk/files/91598/Images/fwebp-91598-2653346-040826063307059.webp",,,,,,,
"2653346",,,,,,,,,,,,,,,,,,,,,,,,"https://static3.webx.pk/files/91598/Images/fwebp-4-91598-2653346-040826063305429.webp",,,,,,,
"2659070","Thermalright AT-1650 1650W 80 PLUS Titanium Fully Modular PSU","Thermalright AT-1650 1650W 80 PLUS Titanium fully modular power supply designed for high-end gaming PCs, workstations, and demanding enthusiast builds.","PC Components > Power Supplies","Thermalright",,,,,,,,,,"0.00","No","In Stock","0","110000.00",,"0.00","0.00",,"/thermalright-at1650-1650w-80-plus-titanium-fully-modular-psu","https://static3.webx.pk/files/91598/Images/thermalright-at-1650-1650w-80-plus-titanium-fully-modular-ps-91598-2659070-130826102559943.webp","Thermalright AT-1650 1650W Titanium Modular PSU | GB-Tech","Buy Thermalright AT-1650 1650W 80 PLUS Titanium Fully Modular PSU at GB-Tech. ATX 3.1 and PCIe 5.1 ready with nationwide delivery in Pakistan.",,"N","N","Y",
"2659070",,,,,,,,,,,,,,,,,,,,,,,,"https://static3.webx.pk/files/91598/Images/thermalright-at-1650-1650w-80-plus-titanium-fully-modular-ps-91598-2659070-130826102525994.webp",,,,,,,
"2659070",,,,,,,,,,,,,,,,,,,,,,,,"https://static3.webx.pk/files/91598/Images/thermalright-at-1650-1650w-80-plus-titanium-fully-modular-ps-91598-2659070-130826102525779.webp",,,,,,,
"2659067","Thermalright SP Platinum PSU (850W / 1000W, Black / White)","Thermalright SP Platinum fully modular power supply available in 850W and 1000W capacities, with 80 PLUS Platinum efficiency and Black or White color options.","PC Components > Power Supplies","Thermalright","Wattage","850W","Color","BLACK",,,,,,"0.00","No","In Stock","0","26500.00",,"0.00","0.00",,"/thermalright-sp-platinum-psu-850w-1000w-black-white","https://static3.webx.pk/files/91598/Images/thermalright-sp-platinum-psu-850w-1000w-9-91598-2659067-130826100354218.webp","Thermalright SP 850W / 1000W Platinum PSU | GB-Tech","Buy Thermalright SP 850W / 1000W 80 PLUS Platinum Fully Modular PSU at GB-Tech, available in Black and White with nationwide delivery in Pakistan.",,"N","N","Y",
"2659067",,,,,,"850W",,"WHITE",,,,,,"0.00",,,"0","26500.00",,,,,,"https://static3.webx.pk/files/91598/Images/thermalright-sp-platinum-psu-850w-1000w-1-removebg-preview-91598-2659067-130826100355618.webp",,,,,,,
"2659067",,,,,,"1000W",,"BLACK",,,,,,"0.00",,,"0","35000.00",,,,,,"https://static3.webx.pk/files/91598/Images/thermalright-sp-platinum-psu-850w-1000w-7-removebg-preview-91598-2659067-130826100346778.webp",,,,,,,
"2659067",,,,,,"1000W",,"WHITE",,,,,,"0.00",,,"0","36000.00",,,,,,"https://static3.webx.pk/files/91598/Images/thermalright-sp-platinum-psu-850w-1000w-8-removebg-preview-91598-2659067-130826100348030.webp",,,,,,,
"2659067",,,,,,,,,,,,,,,,,,,,,,,,"https://static3.webx.pk/files/91598/Images/thermalright-sp-platinum-psu-850w-1000w-6-removebg-preview-91598-2659067-130826100352720.webp",,,,,,,
"2659067",,,,,,,,,,,,,,,,,,,,,,,,"https://static3.webx.pk/files/91598/Images/thermalright-sp-platinum-psu-850w-1000w-5-removebg-preview-91598-2659067-130826100354025.webp",,,,,,,
"2659067",,,,,,,,,,,,,,,,,,,,,,,,"https://static3.webx.pk/files/91598/Images/thermalright-sp-platinum-psu-850w-1000w-4-removebg-preview-91598-2659067-130826100355023.webp",,,,,,,
"2659067",,,,,,,,,,,,,,,,,,,,,,,,"https://static3.webx.pk/files/91598/Images/thermalright-sp-platinum-psu-850w-1000w-2-removebg-preview-91598-2659067-130826100355495.webp",,,,,,,
"2659067",,,,,,,,,,,,,,,,,,,,,,,,"https://static3.webx.pk/files/91598/Images/thermalright-sp-platinum-psu-850w-1000w-removebg-preview-91598-2659067-130826100356647.webp",,,,,,,
"2659066","Thermalright TB-650S 650W 80 PLUS Bronze Non-Modular Power Supply","Thermalright TB-650S 650W 80 PLUS Bronze ATX power supply featuring a non-modular fixed-cable design, 120mm cooling fan, and reliable protection features for modern desktop and gaming PCs.","PC Components > Power Supplies","Thermalright",,,,,,,,,,"0.00","No","In Stock","0","12500.00",,"0.00","0.00",,"/thermalright-tb650s-650w-80-plus-bronze-nonmodular-power-supply","https://static3.webx.pk/files/91598/Images/thermalright-tb-650s-650w-80-plus-bronze-non-modular-power-s-91598-2659066-130826094212242.webp","Thermalright TB-650S 650W 80 PLUS Bronze PSU | GB-Tech","Buy Thermalright TB-650S 650W 80 PLUS Bronze Non-Modular PSU from GB-Tech. Reliable ATX 3.0 power supply for gaming PCs with nationwide delivery in Pakistan.",,"N","N","Y",
"2659066",,,,,,,,,,,,,,,,,,,,,,,,"https://static3.webx.pk/files/91598/Images/thermalright-tb-650s-650w-80-plus-bronze-non-modular-power-s-91598-2659066-130826094209852.webp",,,,,,,
"2659066",,,,,,,,,,,,,,,,,,,,,,,,"https://static3.webx.pk/files/91598/Images/thermalright-tb-650s-650w-80-plus-bronze-non-modular-power-s-91598-2659066-130826094205581.webp",,,,,,,
"2659066",,,,,,,,,,,,,,,,,,,,,,,,"https://static3.webx.pk/files/91598/Images/thermalright-tb-650s-650w-80-plus-bronze-non-modular-power-s-91598-2659066-130826094206435.webp",,,,,,,
"2659069","Thermalright TP-1650 1650W 80 PLUS Platinum Modular PSU (White)","Thermalright TP-1650-W 1650W 80 PLUS Platinum fully modular power supply designed for high-performance gaming PCs, workstations, and demanding enthusiast builds.","PC Components > Power Supplies","Thermalright",,,,,,,,,,"0.00","No","In Stock","0","85000.00",,"0.00","0.00",,"/thermalright-tp1650-1650w-80-plus-platinum-modular-psu-white","https://static3.webx.pk/files/91598/Images/thermalright-tp-1650-1650w-80-plus-platinum-modular-psu-4-91598-2659069-130826101629220.webp","Thermalright TP-1650 1650W Platinum PSU White | GB-Tech","Buy Thermalright TP-1650-W 1650W 80 PLUS Platinum Fully Modular PSU from GB-Tech. High-performance power supply with nationwide delivery in Pakistan.",,"N","N","Y",
"2659069",,,,,,,,,,,,,,,,,,,,,,,,"https://static3.webx.pk/files/91598/Images/thermalright-tp-1650-1650w-80-plus-platinum-modular-psu-remo-91598-2659069-130826101643777.webp",,,,,,,
"2659069",,,,,,,,,,,,,,,,,,,,,,,,"https://static3.webx.pk/files/91598/Images/thermalright-tp-1650-1650w-80-plus-platinum-modular-psu-2-re-91598-2659069-130826101642655.webp",,,,,,,
"2659069",,,,,,,,,,,,,,,,,,,,,,,,"https://static3.webx.pk/files/91598/Images/thermalright-tp-1650-1650w-80-plus-platinum-modular-psu-1-re-91598-2659069-130826101643834.webp",,,,,,,
"2641012","XPG 1300W PLATINUM CYBERCORE II Gaming Power Supply MODULAR","CYBERCORE II
BETTER THAN ULTIMATE
In light of the new Intel ATX 3.1 design guide specifications, the XPG CYBERCORE 80 PLUS Platinum series is getting an upgrade. With stricter voltage and current regulation guidelines changes needed to be implemented in order to safely and efficiently accommodate next-generation hardware. XPG has even upgraded the CYBERCORE cooling solution with a top-of-the-line XPG VENTO PRO 120 PWM Fan by Nidec to deliver optimum performance. As always, XPG is determined to provide gamers with products that meet the latest hardware demands.","PC Components > Power Supplies","XPG",,,,,,,,,,"4.60","No","In Stock","0","62500.00",,"0.00","0.00",,"/xpg-1300w-platinum-cybercore-ii-gaming-power-supply-modular","https://static3.webx.pk/files/91598/Images/xpg-1300w-platinum-cybercore-ii-gaming-power-supply-modular-91598-2641012-280726102514244.webp","XPG CYBERCORE II 80 Plus Platinum Modular Power Supply","Power your gaming PC with the XPG CYBERCORE II Modular Power Supply featuring 80 PLUS Platinum efficiency, ATX 3.1 support, PCIe 5.1 compatibility, fully modular cables, premium Japanese capacitors, and ultra-quiet cooling for maximum performance.",,"N","N","Y",
"2641012",,,,,,,,,,,,,,,,,,,,,,,,"https://static3.webx.pk/files/91598/Images/imgi-9-xpg-cybercore-ii-06-1000x1000-png-91598-0-190726091823995.webp",,,,,,,
"2641012",,,,,,,,,,,,,,,,,,,,,,,,"https://static3.webx.pk/files/91598/Images/imgi-11-xpg-cybercore-ii-01-1000x1000-png-91598-0-190726091823794.webp",,,,,,,
"2641012",,,,,,,,,,,,,,,,,,,,,,,,"https://static3.webx.pk/files/91598/Images/imgi-10-xpg-cybercore-ii-05-1000x1000-png-91598-0-190726091824333.webp",,,,,,,
"2641012",,,,,,,,,,,,,,,,,,,,,,,,"https://static3.webx.pk/files/91598/Images/imgi-12-xpg-cybercore-ii-02-1000x1000-png-91598-0-190726091825770.webp",,,,,,,
"2641012",,,,,,,,,,,,,,,,,,,,,,,,"https://static3.webx.pk/files/91598/Images/imgi-13-2025-xpg-cybercore-ii-03-2000x2000-91598-0-190726091826498.webp",,,,,,,
"2641009","XPG CORE REACTOR II VE Modular Power Supply","CORE REACTOR II VE
CORE COMPETENCE
XPG CORE REACTOR II VE empowers your system with efficient power delivery. It’s compatible with Intel’s latest ATX 3.1 design guidelines and has a dedicated 12V-2x6 connector for the latest graphics cards. This unit boasts a DC-DC circuit design for enhanced performance, stability, and consistency, with exceptional ripple control and hold-up time surpassing Intel's specifications. It has 8 industrial protections fortifying its durability, safeguarding both the unit and your system.

","PC Components > Power Supplies","XPG","Watt","750W Gold VE",,,,,,,,"3.03","No","In Stock","0","25800.00",,"0.00","0.00",,"/xpg-core-reactor-ii-ve-modular-power-supply","https://static3.webx.pk/files/91598/Images/xpg-core-reactor-ii-ve-modular-power-supply-2-91598-2641009-280726102922344.webp","XPG CORE REACTOR II VE Modular Power Supply | 80 PLUS Gold ATX 3.1 PSU","Upgrade your PC with the XPG CORE REACTOR II VE Modular Power Supply. Featuring 80 PLUS Gold efficiency, Intel ATX 3.1 compatibility, PCIe 5.1 (12V-2x6) support, DC-DC design, and reliable performance for modern gaming systems.",,"N","N","Y",
"2641009",,,,,,"850W Gold VE",,,,,,,,"3.03",,,"0","28500.00",,,,,,"https://static3.webx.pk/files/91598/Images/imgi-9-core-reactor-ii-ve-pdk-2000x2000-01-91598-0-190726073134581.webp",,,,,,,
"2641009",,,,,,"850W Gold",,,,,,,,"3.03",,,"0","29999.00",,,,,,"https://static3.webx.pk/files/91598/Images/imgi-11-core-reactor-ii-ve-pdk-2000x2000-04-91598-0-190726073134694.webp",,,,,,,
"2641009",,,,,,"850 W Gold White",,,,,,,,"3.03",,,"0","32000.00",,,,,,"https://static3.webx.pk/files/91598/Images/imgi-10-core-reactor-ii-ve-pdk-2000x2000-03-91598-0-190726073135280.webp",,,,,,,
"2641009",,,,,,"1000W Gold",,,,,,,,"3.03",,,"0","39999.00",,,,,,"https://static3.webx.pk/files/91598/Images/imgi-12-core-reactor-ii-ve-pdk-2000x2000-06-91598-0-190726073136772.webp",,,,,,,
"2641009",,,,,,"1200W Gold",,,,,,,,"3.03",,,"0","49500.00",,,,,,"https://static3.webx.pk/files/91598/Images/imgi-13-core-reactor-ii-ve-pd-2000x2000-13-91598-0-190726073137836.webp",,,,,,,
"2641009",,,,,,,,,,,,,,,,,,,,,,,,"https://static3.webx.pk/files/91598/Images/xpg-core-reactor-ii-ve-modular-power-supply-91598-2641009-280726102921942.webp",,,,,,,
"2641007","XPG KYBER 80 PLUS Gold ATX 3.1 Power Supply","The XPG KYBER is a high-performance 80 PLUS Gold power supply built for modern gaming PCs. Designed with Intel ATX 3.1 compatibility, Cybenetics ETA & LAMBDA certifications, intelligent fan control, industrial-grade protections, and support for next-generation GPUs via 12V-2x6 connectors on 750W and 850W models, it delivers stable, efficient, and quiet power.","PC Components > Power Supplies","XPG","Watt","850W",,,,,,,,"2.03","No","In Stock","0","22500.00",,"0.00","0.00",,"/xpg-kyber-80-plus-gold-atx-31-power-supply","https://static3.webx.pk/files/91598/Images/xpg-kyber-80-plus-gold-atx-3.1-power-supply-91598-2641007-280726103150138.webp","XPG KYBER 80 PLUS Gold ATX 3.1 Power Supply | 650W 750W 850W | GB TECH","Power your gaming PC with the XPG KYBER 80 PLUS Gold Power Supply. Featuring ATX 3.1 support, Cybenetics certification, intelligent fan control, 12V-2x6 connector (750W/850W), and 5-year warranty. Buy now at GB TECH.",,"N","N","Y",
"2641007",,,,,,"750W",,,,,,,,"2.03",,,"0","19900.00",,,,,,"https://static3.webx.pk/files/91598/Images/imgi-9-xpg-kyber-01-png-91598-0-190726071759922.webp",,,,,,,
"2641007",,,,,,,,,,,,,,,,,,,,,,,,"https://static3.webx.pk/files/91598/Images/imgi-10-xpg-kyber-02-png-91598-0-190726071759999.webp",,,,,,,
"2641007",,,,,,,,,,,,,,,,,,,,,,,,"https://static3.webx.pk/files/91598/Images/imgi-11-xpg-kyber-03-png-91598-0-190726071801951.webp",,,,,,,
"2641007",,,,,,,,,,,,,,,,,,,,,,,,"https://static3.webx.pk/files/91598/Images/imgi-12-xpg-kyber-04-png-91598-0-190726071803222.webp",,,,,,,
"2641007",,,,,,,,,,,,,,,,,,,,,,,,"https://static3.webx.pk/files/91598/Images/imgi-13-xpg-kyber-05-png-91598-0-190726071804009.webp",,,,,,,
"2641007",,,,,,,,,,,,,,,,,,,,,,,,"https://static3.webx.pk/files/91598/Images/imgi-14-xpg-kyber-06-png-91598-0-190726071805309.webp",,,,,,,
"2641001","XPG PROBE Bronze 80 PLUS Power Supply","The XPG PROBE Bronze is a dependable ATX power supply built for gamers and PC enthusiasts. With 80 PLUS Bronze certification, up to 87% efficiency, a 120mm intelligent low-noise fan, 105°C premium capacitors, ATX 2.52 compliance, and comprehensive protection features, it delivers stable, efficient, and reliable power for everyday gaming and productivity systems.","PC Components > Power Supplies","XPG","Watt","600W",,,,,,,,"1526.60","No","In Stock","0","12000.00",,"0.00","0.00",,"/xpg-probe-bronze-80-plus-power-supply","https://static3.webx.pk/files/91598/Images/xpg-probe-bronze-80-plus-power-supply-91598-2641001-280726104111863.webp","XPG PROBE Bronze 80 PLUS Bronze Power Supply | 600W 700W PSU | GB TECH","Power your gaming PC with the XPG PROBE Bronze Power Supply. Featuring 80 PLUS Bronze efficiency, ATX 2.52 compliance, a quiet 120mm fan, premium capacitors, and comprehensive protection. Buy now at GB TECH.",,"N","N","Y",
"2641001",,,,,,"700W",,,,,,,,"1526.60",,,"0","14000.00",,,,,,"https://static3.webx.pk/files/91598/Images/imgi-18-xpg-probe-pd-2000x2000-10-91598-0-190726064007468.webp",,,,,,,
"2641001",,,,,,,,,,,,,,,,,,,,,,,,"https://static3.webx.pk/files/91598/Images/imgi-9-xpg-probe-pd-2000x2000-01-91598-0-190726064000465.webp",,,,,,,
"2641001",,,,,,,,,,,,,,,,,,,,,,,,"https://static3.webx.pk/files/91598/Images/imgi-10-xpg-probe-pd-2000x2000-02-91598-0-190726064000626.webp",,,,,,,
"2641001",,,,,,,,,,,,,,,,,,,,,,,,"https://static3.webx.pk/files/91598/Images/imgi-12-xpg-probe-pd-2000x2000-04-91598-0-190726064001601.webp",,,,,,,
"2641001",,,,,,,,,,,,,,,,,,,,,,,,"https://static3.webx.pk/files/91598/Images/imgi-13-xpg-probe-pd-2000x2000-05-91598-0-190726064004043.webp",,,,,,,
"2641001",,,,,,,,,,,,,,,,,,,,,,,,"https://static3.webx.pk/files/91598/Images/imgi-14-xpg-probe-pd-2000x2000-06-91598-0-190726064004720.webp",,,,,,,
"2641001",,,,,,,,,,,,,,,,,,,,,,,,"https://static3.webx.pk/files/91598/Images/imgi-15-xpg-probe-pd-2000x2000-07-91598-0-190726064005058.webp",,,,,,,
"2641001",,,,,,,,,,,,,,,,,,,,,,,,"https://static3.webx.pk/files/91598/Images/imgi-20-xpg-probe-pd-2000x2000-12-91598-0-190726064008391.webp",,,,,,,
"2641004","XPG PYLON 650W 80 PLUS Bronze Non-Modular Gaming Power Supply","The FSP PYLON 650W 80 PLUS Bronze is a reliable non-modular gaming power supply designed for stable and efficient performance. With 80 PLUS Bronze certification, Active PFC, DC-to-DC topology, a 120mm hydraulic bearing fan, and comprehensive protection features, it's an excellent choice for modern gaming and productivity PCs.","PC Components > Power Supplies","XPG",,,,,,,,,,"2.38","No","In Stock","0","13800.00",,"0.00","0.00",,"/xpg-pylon-650w-80-plus-bronze-nonmodular-gaming-power-supply","https://static3.webx.pk/files/91598/Images/xpg-pylon-650w-80-plus-bronze-non-modular-gaming-power-suppl-91598-2641004-280726103744630.webp","XPG PYLON 650W 80 PLUS Bronze Non-Modular Gaming Power Supply | GB TECH","Power your gaming PC with the FSP PYLON 650W 80 PLUS Bronze Power Supply. Featuring 85% efficiency, 120mm silent fan, DC-to-DC design, Active PFC, and comprehensive protections. Available now at GB TECH.",,"N","N","Y",
"2641004",,,,,,,,,,,,,,,,,,,,,,,,"https://static3.webx.pk/files/91598/Images/xpg-pylon-650w-80-plus-bronze-non-modular-gaming-power-suppl-91598-2641004-280726103636077.webp",,,,,,,
"2641004",,,,,,,,,,,,,,,,,,,,,,,,"https://static3.webx.pk/files/91598/Images/imgi-9-productgallery7534-91598-0-190726065406351.webp",,,,,,,
"2641004",,,,,,,,,,,,,,,,,,,,,,,,"https://static3.webx.pk/files/91598/Images/imgi-11-productgallery231-91598-0-190726065407301.webp",,,,,,,
"2641004",,,,,,,,,,,,,,,,,,,,,,,,"https://static3.webx.pk/files/91598/Images/imgi-12-productgallery232-91598-0-190726065408195.webp",,,,,,,
"2641004",,,,,,,,,,,,,,,,,,,,,,,,"https://static3.webx.pk/files/91598/Images/imgi-13-productgallery233-91598-0-190726065408546.webp",,,,,,,
"2652330","ASUS AR120 ARGB PWM Case Fan — 120mm (Single Pack)","An extra-thick 28mm-frame case fan built for both cooling performance and aesthetics, the ASUS AR120 delivers solid airflow at a whisper-quiet 24.5 dB(A) noise level. A hydraulic bearing ensures smooth, durable operation, while full PWM control lets you fine-tune the balance between cooling and noise — all backed by Aura Sync ARGB lighting for a cohesive, personalized PC build.","PC Components > Fans","ASUS",,,,,,,,,,"0.15","No","In Stock","0","3500.00",,"0.00","0.00",,"/uncategorized/asus-ar120-argb-pwm-case-fan-120mm-single-pack","https://static3.webx.pk/files/91598/Images/asus-ar120-argb-pwm-case-fan-91598-0-020826085756779.webp","ASUS AR120 ARGB PWM 120mm Case Fan","Buy ASUS AR120 ARGB PWM case fan at GB Tec — 120mm, hydraulic bearing, Aura Sync RGB, quiet 24.5dB operation. Nationwide delivery across Pakistan.",,"N","N","Y",
"2652330",,,,,,,,,,,,,,,,,,,,,,,,"https://static3.webx.pk/files/91598/Images/fwebp-1-91598-0-020826085430537.webp",,,,,,,
"2652330",,,,,,,,,,,,,,,,,,,,,,,,"https://static3.webx.pk/files/91598/Images/fwebp-91598-0-020826085432240.webp",,,,,,,
"2652330",,,,,,,,,,,,,,,,,,,,,,,,"https://static3.webx.pk/files/91598/Images/fwebp-2-91598-0-020826085430564.webp",,,,,,,
"2652330",,,,,,,,,,,,,,,,,,,,,,,,"https://static3.webx.pk/files/91598/Images/fwebp-3-91598-0-020826085430850.webp",,,,,,,
"2655832","Thermalright TL-C12C-S 3-Pack ARGB 120mm Case Fans (Black / White)","Thermalright TL-C12C-S 3-Pack is a set of three 120mm ARGB PWM case fans designed for efficient airflow, quiet operation, and synchronized PC lighting.","PC Components > Fans > Case Fan","Thermalright","Variants","Black",,,,,,,,"0.53","No","In Stock","0","4000.00",,"0.00","0.00",,"/thermalright-tlc12cs-3pack-argb-120mm-case-fans-black-white","https://static3.webx.pk/files/91598/Images/thermalright-tl-c12c-s-3-pack-argb-120mm-case-fans-7-91598-2655832-080826085958558.webp","Thermalright TL-C12C-S 3-Pack ARGB 120mm Fans | GB-Tech","Buy Thermalright TL-C12C-S 3-Pack ARGB 120mm Case Fans in Black / White from GB-Tech. Features 1500 RPM PWM control, 47.6 CFM airflow, S-FDB bearing and 5V ARGB lighting with nationwide delivery in Pakistan.",,"N","N","Y",
"2655832",,,,,,"White",,,,,,,,"0.53",,,"0","4000.00",,,,,,"https://static3.webx.pk/files/91598/Images/thermalright-tl-c12c-s-3-pack-argb-120mm-case-fans-4-removeb-91598-2655832-080826085710149.webp",,,,,,,
"2655832",,,,,,,,,,,,,,,,,,,,,,,,"https://static3.webx.pk/files/91598/Images/thermalright-tl-c12c-s-3-pack-argb-120mm-case-fans-2-removeb-91598-2655832-080826085710105.webp",,,,,,,
"2655832",,,,,,,,,,,,,,,,,,,,,,,,"https://static3.webx.pk/files/91598/Images/thermalright-tl-c12c-s-3-pack-argb-120mm-case-fans-3-removeb-91598-2655832-080826085710369.webp",,,,,,,
"2655832",,,,,,,,,,,,,,,,,,,,,,,,"https://static3.webx.pk/files/91598/Images/thermalright-tl-c12c-s-3-pack-argb-120mm-case-fans-1-removeb-91598-2655832-080826085714005.webp",,,,,,,
"2655832",,,,,,,,,,,,,,,,,,,,,,,,"https://static3.webx.pk/files/91598/Images/thermalright-tl-c12c-s-3-pack-argb-120mm-case-fans-removebg-91598-2655832-080826085714271.webp",,,,,,,
"2655838","Thermalright TL-E12-S V3 ARGB 120mm Case Fan (Black / White)","Thermalright TL-E12-S V3 is a high-performance 120mm ARGB PWM case fan delivering up to 2000 RPM, 72.37 CFM airflow, and 2.87 mm H₂O static pressure with an S-FDB bearing.","PC Components > Fans > Case Fan","Thermalright","Variants","White",,,,,,,,"0.15","No","In Stock","0","1500.00",,"0.00","0.00",,"/thermalright-tle12s-v3-argb-120mm-case-fan-black-white","https://static3.webx.pk/files/91598/Images/thermalright-tl-e12-s-v3-argb-120mm-case-fan-4-91598-2655838-080826095037257.webp","Thermalright TL-E12-S V3 ARGB 120mm Case Fan | GB-Tech","Buy Thermalright TL-E12-S V3 ARGB 120mm Case Fan in Black / White from GB-Tech with 2000 RPM PWM, 72.37 CFM airflow, S-FDB bearing and 5V ARGB lighting. Nationwide delivery in Pakistan.",,"N","N","Y",
"2655838",,,,,,"Black",,,,,,,,"0.15",,,"0","1500.00",,,,,,"https://static3.webx.pk/files/91598/Images/thermalright-tl-e12-s-v3-argb-120mm-case-fan-1-removebg-prev-91598-2655838-080826095100289.webp",,,,,,,
"2655838",,,,,,,,,,,,,,,,,,,,,,,,"https://static3.webx.pk/files/91598/Images/thermalright-tl-e12-s-v3-argb-120mm-case-fan-3-removebg-prev-91598-2655838-080826095101890.webp",,,,,,,
"2655838",,,,,,,,,,,,,,,,,,,,,,,,"https://static3.webx.pk/files/91598/Images/thermalright-tl-e12-s-v3-argb-120mm-case-fan-2-removebg-prev-91598-2655838-080826095102182.webp",,,,,,,
"2655838",,,,,,,,,,,,,,,,,,,,,,,,"https://static3.webx.pk/files/91598/Images/thermalright-tl-e12-s-v3-argb-120mm-case-fan-removebg-previe-91598-2655838-080826095102658.webp",,,,,,,
"2655675","Thermalright TL-M12-S ARGB 120mm Case Fan (Black / White)","Thermalright TL-M12-S ARGB is a 120mm PWM case fan featuring an infinity-mirror ARGB design, 1500 RPM speed, 47.6 CFM airflow, and S-FDB bearing for efficient and quiet cooling.","PC Components > Fans > Case Fan","Thermalright","Variants","Black",,,,,,,,"0.18","No","In Stock","0","1350.00",,"0.00","0.00",,"/thermalright-tlm12s-argb-120mm-case-fan-black-white","https://static3.webx.pk/files/91598/Images/thermalright-tl-m12-s-argb-120mm-case-fan-4-91598-2655675-080826030203570.webp","Thermalright TL-M12-S ARGB 120mm Case Fan | GB-Tech","Buy Thermalright TL-M12-S ARGB 120mm Case Fan in Black / White from GB-Tech with 1500 RPM PWM, 47.6 CFM airflow, S-FDB bearing and infinity-mirror ARGB lighting. Nationwide delivery in Pakistan.",,"N","N","Y",
"2655675",,,,,,"White",,,,,,,,"0.18",,,"0","1350.00",,,,,,"https://static3.webx.pk/files/91598/Images/thermalright-tl-m12-s-argb-120mm-case-fan-3-removebg-preview-91598-2655675-080826030157047.webp",,,,,,,
"2655675",,,,,,,,,,,,,,,,,,,,,,,,"https://static3.webx.pk/files/91598/Images/thermalright-tl-m12-s-argb-120mm-case-fan-2-removebg-preview-91598-2655675-080826030157174.webp",,,,,,,
"2655675",,,,,,,,,,,,,,,,,,,,,,,,"https://static3.webx.pk/files/91598/Images/thermalright-tl-m12-s-argb-120mm-case-fan-1-removebg-preview-91598-2655675-080826030201692.webp",,,,,,,
"2655675",,,,,,,,,,,,,,,,,,,,,,,,"https://static3.webx.pk/files/91598/Images/thermalright-tl-m12-s-argb-120mm-case-fan-removebg-preview-91598-2655675-080826030201758.webp",,,,,,,
"2655833","Thermalright TL-M12Q-S X3 ARGB 120mm Case Fans (Black / White)","Thermalright TL-M12Q-S X3 is a 3-pack of 120mm ARGB case fans featuring 2000 RPM PWM control, 68.9 CFM airflow, S-FDB bearing, and infinity-mirror lighting.","PC Components > Fans > Case Fan","Thermalright","Variants","White",,,,,,,,"0.00","No","In Stock","0","4500.00",,"0.00","0.00",,"/thermalright-tlm12qs-x3-argb-120mm-case-fans-black-white","https://static3.webx.pk/files/91598/Images/thermalright-tl-m12q-s-x3-argb-120mm-case-fans-5-91598-2655833-080826091813855.webp","Thermalright TL-M12Q-S X3 ARGB 120mm Fans | GB-Tech","Buy Thermalright TL-M12Q-S X3 ARGB 120mm Case Fans in Black / White from GB-Tech with 2000 RPM PWM, 68.9 CFM airflow, S-FDB bearing and 5V ARGB infinity-mirror lighting. Nationwide delivery in Pakistan.",,"N","N","Y",
"2655833",,,,,,"Black",,,,,,,,"0.00",,,"0","4500.00",,,,,,"https://static3.webx.pk/files/91598/Images/thermalright-tl-m12q-s-x3-argb-120mm-case-fans-4-removebg-pr-91598-2655833-080826091812102.webp",,,,,,,
"2655833",,,,,,,,,,,,,,,,,,,,,,,,"https://static3.webx.pk/files/91598/Images/thermalright-tl-m12q-s-x3-argb-120mm-case-fans-3-removebg-pr-91598-2655833-080826091812830.webp",,,,,,,
"2655833",,,,,,,,,,,,,,,,,,,,,,,,"https://static3.webx.pk/files/91598/Images/thermalright-tl-m12q-s-x3-argb-120mm-case-fans-2-removebg-pr-91598-2655833-080826091813697.webp",,,,,,,
"2655833",,,,,,,,,,,,,,,,,,,,,,,,"https://static3.webx.pk/files/91598/Images/thermalright-tl-m12q-s-x3-argb-120mm-case-fans-1-removebg-pr-91598-2655833-080826091814338.webp",,,,,,,
"2655833",,,,,,,,,,,,,,,,,,,,,,,,"https://static3.webx.pk/files/91598/Images/thermalright-tl-m12q-s-x3-argb-120mm-case-fans-removebg-prev-91598-2655833-080826091814717.webp",,,,,,,
"2655836","Thermalright TL-M12QR-S X3 ARGB 120mm Reverse Case Fans (Black / White)","Thermalright TL-M12QR-S X3 is a 3-pack of 120mm reverse-blade ARGB case fans with 1500 RPM PWM control, 47.6 CFM airflow, and S-FDB bearings.","PC Components > Fans > Case Fan","Thermalright","Variants","Black",,,,,,,,"0.18","No","In Stock","0","4500.00",,"0.00","0.00",,"/thermalright-tlm12qrs-x3-argb-120mm-reverse-case-fans-black-white","https://static3.webx.pk/files/91598/Images/thermalright-tl-m12qr-s-x3-argb-120mm-reverse-case-fans-7-91598-2655836-080826093626984.webp","Thermalright TL-M12QR-S X3 ARGB 120mm Reverse Fans | GB-Tech","Buy Thermalright TL-M12QR-S X3 ARGB 120mm Reverse Case Fans in Black / White from GB-Tech with 1500 RPM PWM, 47.6 CFM airflow, S-FDB bearing and 5V ARGB lighting. Nationwide delivery in Pakistan.",,"N","N","Y",
"2655836",,,,,,"White",,,,,,,,"0.18",,,"0","4500.00",,,,,,"https://static3.webx.pk/files/91598/Images/thermalright-tl-m12qr-s-x3-argb-120mm-reverse-case-fans-remo-91598-2655836-080826093651982.webp",,,,,,,
"2655836",,,,,,,,,,,,,,,,,,,,,,,,"https://static3.webx.pk/files/91598/Images/thermalright-tl-m12qr-s-x3-argb-120mm-reverse-case-fans-5-re-91598-2655836-080826093653152.webp",,,,,,,
"2655836",,,,,,,,,,,,,,,,,,,,,,,,"https://static3.webx.pk/files/91598/Images/thermalright-tl-m12qr-s-x3-argb-120mm-reverse-case-fans-4-re-91598-2655836-080826093653221.webp",,,,,,,
"2655836",,,,,,,,,,,,,,,,,,,,,,,,"https://static3.webx.pk/files/91598/Images/thermalright-tl-m12qr-s-x3-argb-120mm-reverse-case-fans-3-re-91598-2655836-080826093654569.webp",,,,,,,
"2655836",,,,,,,,,,,,,,,,,,,,,,,,"https://static3.webx.pk/files/91598/Images/thermalright-tl-m12qr-s-x3-argb-120mm-reverse-case-fans-2-re-91598-2655836-080826093656824.webp",,,,,,,
"2655836",,,,,,,,,,,,,,,,,,,,,,,,"https://static3.webx.pk/files/91598/Images/thermalright-tl-m12qr-s-x3-argb-120mm-reverse-case-fans-1-re-91598-2655836-080826093657408.webp",,,,,,,
"2655831","Thermalright TL-M12R-S ARGB 120mm Reverse Case Fan (Black / White)","Thermalright TL-M12R-S is a 120mm reverse-blade ARGB case fan with 1500 RPM PWM control, 34.43 CFM airflow, and S-FDB bearing for efficient and quiet cooling.","PC Components > Fans > Case Fan","Thermalright","Variants","White",,,,,,,,"0.18","No","In Stock","0","1650.00",,"0.00","0.00",,"/thermalright-tlm12rs-argb-120mm-reverse-case-fan-black-white","https://static3.webx.pk/files/91598/Images/thermalright-tl-m12r-s-argb-120mm-reverse-case-fan-7-91598-2655831-080826083841534.webp","Thermalright TL-M12R-S ARGB 120mm Reverse Fan | GB-Tech","Buy Thermalright TL-M12R-S ARGB 120mm Reverse Case Fan in Black / White from GB-Tech with 1500 RPM PWM, 34.43 CFM airflow and S-FDB bearing. Nationwide delivery in Pakistan.",,"N","N","Y",
"2655831",,,,,,"Black",,,,,,,,"0.18",,,"0","1650.00",,,,,,"https://static3.webx.pk/files/91598/Images/thermalright-tl-m12r-s-argb-120mm-reverse-case-fan-4-91598-2655831-080826083835390.webp",,,,,,,
"2655831",,,,,,,,,,,,,,,,,,,,,,,,"https://static3.webx.pk/files/91598/Images/thermalright-tl-m12r-s-argb-120mm-reverse-case-fan-5-91598-2655831-080826083841538.webp",,,,,,,
"2655831",,,,,,,,,,,,,,,,,,,,,,,,"https://static3.webx.pk/files/91598/Images/thermalright-tl-m12r-s-argb-120mm-reverse-case-fan-2-removeb-91598-2655831-080826083918106.webp",,,,,,,
"2655831",,,,,,,,,,,,,,,,,,,,,,,,"https://static3.webx.pk/files/91598/Images/thermalright-tl-m12r-s-argb-120mm-reverse-case-fan-6-removeb-91598-2655831-080826083918358.webp",,,,,,,
"2655831",,,,,,,,,,,,,,,,,,,,,,,,"https://static3.webx.pk/files/91598/Images/thermalright-tl-m12r-s-argb-120mm-reverse-case-fan-1-removeb-91598-2655831-080826083918891.webp",,,,,,,
"2655831",,,,,,,,,,,,,,,,,,,,,,,,"https://static3.webx.pk/files/91598/Images/thermalright-tl-m12r-s-argb-120mm-reverse-case-fan-removebg-91598-2655831-080826083919982.webp",,,,,,,
"2655647","Thermalright TL-UB24 2 IN 1 ARGB 240mm PWM Case Fan (Black / White)","Thermalright TL-UB24 2 IN 1 ARGB is a 240mm single-frame dual-fan system cooling solution featuring high airflow, strong static pressure, PWM speed control, and 5V ARGB lighting. Its S-FDB V2 bearing provides smooth and reliable operation, while the integrated 2-fan design simplifies installation and cable management.","PC Components > Fans > Case Fan","Thermalright","Variants","Black",,,,,,,,"0.00","No","In Stock","0","5500.00",,"0.00","0.00",,"/thermalright-tlub24-2-in-1-argb-240mm-pwm-case-fan-black-white","https://static3.webx.pk/files/91598/Images/thermalright-tl-ub24-2-in-1-argb-240mm-pwm-case-fan-3-91598-2655647-080826022833338.webp","Thermalright TL-UB24 2 IN 1 ARGB 240mm Fan | GB-Tech","Buy Thermalright TL-UB24 2 IN 1 ARGB 240mm PWM Case Fan in Black / White from GB-Tech. High airflow, 2150 RPM, ARGB lighting and S-FDB V2 bearing with nationwide delivery in Pakistan.",,"N","N","Y",
"2655647",,,,,,"White",,,,,,,,"0.00",,,"0","5500.00",,,,,,"https://static3.webx.pk/files/91598/Images/thermalright-tl-ub24-2-in-1-argb-240mm-pwm-case-fan-2-remove-91598-2655647-080826022807092.webp",,,,,,,
"2655647",,,,,,,,,,,,,,,,,,,,,,,,"https://static3.webx.pk/files/91598/Images/thermalright-tl-ub24-2-in-1-argb-240mm-pwm-case-fan-removebg-91598-2655647-080826022807489.webp",,,,,,,
"2655647",,,,,,,,,,,,,,,,,,,,,,,,"https://static3.webx.pk/files/91598/Images/thermalright-tl-ub24-2-in-1-argb-240mm-pwm-case-fan-1-remove-91598-2655647-080826022807584.webp",,,,,,,
"2655672","Thermalright TL-UB36R 3 IN 1 ARGB 360mm Case Fan (Black / White)","Thermalright TL-UB36R 3 IN 1 ARGB is a 360mm triple-fan system cooling solution with 2150 RPM PWM control, high airflow, 5V ARGB lighting, and S-FDB V2 bearing.","PC Components > Fans > Case Fan","Thermalright","Variants","Black",,,,,,,,"0.00","No","In Stock","0","7800.00",,"0.00","0.00",,"/thermalright-tlub36r-3-in-1-argb-360mm-case-fan-black-white","https://static3.webx.pk/files/91598/Images/thermalright-tl-ub36r-3-in-1-argb-360mm-case-fan-5-91598-2655672-080826024517278.webp","Thermalright TL-UB36R 3 IN 1 ARGB 360mm Fan | GB-Tech","Buy Thermalright TL-UB36R 3 IN 1 ARGB 360mm Case Fan from GB-Tech with 207 CFM airflow, 2150 RPM PWM control and 5V ARGB lighting. Nationwide delivery in Pakistan.",,"N","N","Y",
"2655672",,,,,,"White",,,,,,,,"0.00",,,"0","7800.00",,,,,,"https://static3.webx.pk/files/91598/Images/thermalright-tl-ub36r-3-in-1-argb-360mm-case-fan-4-removebg-91598-2655672-080826024457094.webp",,,,,,,
"2655672",,,,,,,,,,,,,,,,,,,,,,,,"https://static3.webx.pk/files/91598/Images/thermalright-tl-ub36r-3-in-1-argb-360mm-case-fan-2-91598-2655672-080826024334865.webp",,,,,,,
"2655672",,,,,,,,,,,,,,,,,,,,,,,,"https://static3.webx.pk/files/91598/Images/thermalright-tl-ub36r-3-in-1-argb-360mm-case-fan-1-91598-2655672-080826024335206.webp",,,,,,,
"2655672",,,,,,,,,,,,,,,,,,,,,,,,"https://static3.webx.pk/files/91598/Images/thermalright-tl-ub36r-3-in-1-argb-360mm-case-fan-3-removebg-91598-2655672-080826024457030.webp",,,,,,,
"2655672",,,,,,,,,,,,,,,,,,,,,,,,"https://static3.webx.pk/files/91598/Images/thermalright-tl-ub36r-3-in-1-argb-360mm-case-fan-removebg-pr-91598-2655672-080826024457504.webp",,,,,,,
"2641473","AndaSeat Luna Black Gaming Chair | Ergonomic Reclining Chair","Experience all-day comfort with the AndaSeat Luna Black Gaming Chair. Designed with premium PVC leather, high-density moulded foam, ergonomic lumbar support, a reclining backrest, and a relaxing rocking function, it's ideal for gamers, creators, and professionals.","Gaming Gear > Chairs","AndaSeat","Material","Leather","Color","Black",,,,,,"120.00","No","In Stock","0","48000.00",,"0.00","0.00",,"/andaseat-luna-black-gaming-chair-ergonomic-reclining-chair","https://static3.webx.pk/files/91598/Images/andaseat-luna-black-gaming-chair-ergonomic-reclining-chair-91598-2641473-280726101420976.webp","AndaSeat Luna Black Gaming Chair","Experience superior comfort with the AndaSeat Luna Ergonomic Gaming Chair. Featuring breathable fabric upholstery, ergonomic lumbar support, adjustable recline, 1D armrests, and durable construction for gaming and office use.",,"N","N","Y",
"2641473",,,,,,"Fabric",,"Grey",,,,,,"120.00",,,"0","48000.00",,,,,,"https://static3.webx.pk/files/91598/Images/imgi-10-anda-seat-luna-gaming-chair-price-in-pakistan-1-1964-91598-2641473-210726063137363.webp",,,,,,,
"2641473",,,,,,"Fabric",,"Black",,,,,,"120.00",,,"0","48000.00",,,,,,"https://static3.webx.pk/files/91598/Images/imgi-9-anda-seat-luna-gaming-chair-price-in-pakistan-4-19643-91598-2641473-210726063137643.webp",,,,,,,
"2641473",,,,,,"Leather",,"Grey",,,,,,"120.00",,,"0","48000.00",,,,,,"https://static3.webx.pk/files/91598/Images/imgi-9-anda-seat-luna-black-fabric-gaming-chair-price-in-pak-91598-2641473-210726063146786.webp",,,,,,,
"2641473",,,,,,,,,,,,,,,,,,,,,,,,"https://static3.webx.pk/files/91598/Images/imgi-11-anda-seat-luna-black-fabric-gaming-chair-price-in-pa-91598-2641473-210726063146900.webp",,,,,,,
"2641473",,,,,,,,,,,,,,,,,,,,,,,,"https://static3.webx.pk/files/91598/Images/imgi-10-anda-seat-luna-black-fabric-gaming-chair-price-in-pa-91598-2641473-210726063147061.webp",,,,,,,
"2641473",,,,,,,,,,,,,,,,,,,,,,,,"https://static3.webx.pk/files/91598/Images/imgi-12-anda-seat-luna-black-fabric-gaming-chair-price-in-pa-91598-2641473-210726063148073.webp",,,,,,,
"2641473",,,,,,,,,,,,,,,,,,,,,,,,"https://static3.webx.pk/files/91598/Images/imgi-14-anda-seat-luna-black-fabric-gaming-chair-price-in-pa-91598-2641473-210726063148461.webp",,,,,,,
"2641473",,,,,,,,,,,,,,,,,,,,,,,,"https://static3.webx.pk/files/91598/Images/imgi-13-anda-seat-luna-black-fabric-gaming-chair-price-in-pa-91598-2641473-210726063148727.webp",,,,,,,
"2641473",,,,,,,,,,,,,,,,,,,,,,,,"https://static3.webx.pk/files/91598/Images/imgi-15-anda-seat-luna",,,,,,,
"2649587","PXN Direct Drive Bundle Series – VD4 & VD6 Sim Racing Bundles for PC","Experience true direct-drive racing with the PXN Direct Drive Bundle Series. Available in VD4 (4Nm) and VD6 (6Nm) variants, these all-in-one sim racing bundles include a direct-drive wheel base, steering wheel, Hall-effect pedals, desk clamp, and accessories for an immersive racing experience.","Gaming Gear > Racing Wheels","PXN","Model","VD4 Bundle",,,,,,,,"7.70","No","In Stock","0","95000.00",,"0.00","0.00",,"/pxn-direct-drive-bundle-series-vd4-vd6-sim-racing-bundles-for-pc","https://static3.webx.pk/files/91598/Images/pxn-vd6-91598-2649587-290726103724116.webp","PXN Direct Drive Bundle Series VD4 & VD6 Racing Wheel | GB-Tech Pakistan","Buy the PXN Direct Drive Bundle Series featuring VD4 and VD6 variants from GB-Tech. Enjoy true direct-drive force feedback, Hall-effect pedals, and immersive sim racing performance with nationwide delivery across Pakistan.",,"N","N","Y",
"2649587",,,,,,"VD6 Bundle",,,,,,,,"11.50",,,"0","122000.00",,,,,,"https://static3.webx.pk/files/91598/Images/pxn-vd6-vd4-bundle-removebg-preview-91598-2649587-280726043700963.webp",,,,,,,
"2649587",,,,,,,,,,,,,,,,,,,,,,,,"https://static3.webx.pk/files/91598/Images/pxn-vd6-vd4-bundle-1-removebg-preview-91598-2649587-280726043700464.webp",,,,,,,
"2649587",,,,,,,,,,,,,,,,,,,,,,,,"https://static3.webx.pk/files/91598/Images/pxn-vd6-vd4-bundle-2-removebg-preview-91598-2649587-280726043659296.webp",,,,,,,
"2649234","PXN Gaming Racing Wheel V3 Pro","Experience immersive racing with the PXN V3 Pro Gaming Racing Wheel. Featuring 180° steering, dual vibration motors, responsive pedals, paddle shifters, and wide multi-platform compatibility, it's an excellent entry-level racing wheel for PC and console gamers.","Gaming Gear > Racing Wheels","PXN",,,,,,,,,,"1.50","No","In Stock","0","17000.00",,"0.00","0.00",,"/pxn-gaming-racing-wheel-v3-pro","https://static3.webx.pk/files/91598/Images/pxn-v3-pro-91598-2649234-280726081144941.webp","PXN Gaming Racing Wheel V3 Pro for PC & Consoles | GB-Tech Pakistan","Buy the PXN Gaming Racing Wheel V3 Pro from GB-Tech with nationwide delivery in Pakistan. Enjoy realistic 180° steering, dual vibration feedback, responsive pedals, and multi-platform compatibility for PC, PlayStation, Xbox, and Nintendo Switch.",,"N","N","Y",
"2649234",,,,,,,,,,,,,,,,,,,,,,,,"https://static3.webx.pk/files/91598/Images/pxn-v3pro-1-91598-2649234-280726075909942.webp",,,,,,,
"2649234",,,,,,,,,,,,,,,,,,,,,,,,"https://static3.webx.pk/files/91598/Images/pxn-v3pro-91598-2649234-280726080152501.webp",,,,,,,
"2652030","PXN Racing Wheel Stand (A9 / A10 / A11)","The PXN Racing Wheel Stand is a heavy-duty, foldable simulator stand designed for racing wheels and pedals. Available in A9, A10, and A11 variants, it offers adjustable height and angle settings, universal compatibility with leading racing wheel brands, and a stable steel construction for an immersive sim racing experience.","Gaming Gear > Racing Wheels","PXN","Variants","A11",,,,,,,,"14.00","No","In Stock","0","26000.00",,"0.00","0.00",,"/pxn-racing-wheel-stand-a9-a10-a11","https://static3.webx.pk/files/91598/Images/pxn-racing-wheel-stand-a9-a10-a11-4-91598-2652030-020826111300646.webp","PXN Racing Wheel Stand A9 / A10 / A11 | GB-Tech Pakistan","Buy the PXN Racing Wheel Stand in A9, A10, or A11 variants from GB-Tech. Featuring a foldable steel design, adjustable wheel and pedal positions, and universal compatibility with PXN, Logitech, Thrustmaster, Fanatec, and MOZA racing wheels. Nationwide delivery across Pakistan.",,"N","N","Y",
"2652030",,,,,,"A10",,,,,,,,"10.00",,,"0","23000.00",,,,,,"https://static3.webx.pk/files/91598/Images/pxn-racing-wheel-stand-a9-a10-a11-3-removebg-preview-91598-2652030-020826111253500.webp",,,,,,,
"2652030",,,,,,"A9",,,,,,,,"8.50",,,"0","20000.00",,,,,,"https://static3.webx.pk/files/91598/Images/pxn-racing-wheel-stand-a9-a10-a11-2-removebg-preview-1-91598-2652030-020826111253715.webp",,,,,,,
"2652030",,,,,,,,,,,,,,,,,,,,,,,,"https://static3.webx.pk/files/91598/Images/pxn-racing-wheel-stand-a9-a10-a11-2-removebg-preview-91598-2652030-020826111255316.webp",,,,,,,
"2649422","PXN V10 Series Entry Direct Drive Racing Simulator (Pro / Ultra)","Experience true direct-drive racing with the PXN V10 Series. Featuring a 3.2Nm Direct Drive Servo Motor, 15-bit steering precision, a detachable leather steering wheel, Hall-effect pedals, programmable controls, and compatibility with PC, PlayStation, and Xbox, the V10 Series delivers realistic force feedback for sim racing enthusiasts.","Gaming Gear > Racing Wheels","PXN","Peddle Set","PXN V10 Pro",,,,,,,,"5.60","No","In Stock","0","55000.00",,"0.00","0.00",,"/pxn-v10-series-entry-direct-drive-racing-simulator-pro-ultra","https://static3.webx.pk/files/91598/Images/pxn-v10ultra-1-91598-2649422-280726114216198.webp","PXN V10 Pro / Ultra Direct Drive Racing Wheel | GB-Tech Pakistan","Buy the PXN V10 Pro and V10 Ultra Direct Drive Racing Wheel featuring a 3.2Nm servo motor, 15-bit precision steering, Hall-effect pedals, and multi-platform compatibility from GB-Tech with nationwide delivery across Pakistan.",,"N","N","Y",
"2649422",,,,,,"PXN V10 Ultra",,,,,,,,"6.50",,,"0","62000.00",,,,,,"https://static3.webx.pk/files/91598/Images/pxnv10ultra-91598-2649422-280726114136920.webp",,,,,,,
"2649422",,,,,,,,,,,,,,,,,,,,,,,,"https://static3.webx.pk/files/91598/Images/pxn-v10-pro-1-91598-2649422-280726114136354.webp",,,,,,,
"2649422",,,,,,,,,,,,,,,,,,,,,,,,"https://static3.webx.pk/files/91598/Images/pxn-v10-pro-91598-2649422-280726114136350.webp",,,,,,,
"2649313","PXN V2 WL Wireless Gaming Racing Wheel with 180° Steering & Pedal Set","Enjoy a realistic racing experience with the PXN V2 WL Wireless Gaming Racing Wheel. Featuring 180° linear steering, dual vibration motors, responsive paddle shifters, and a precision pedal set, it delivers immersive control for casual and competitive racing games across multiple gaming platforms.","Gaming Gear > Racing Wheels","PXN",,,,,,,,,,"2.50","No","In Stock","0","21000.00",,"0.00","0.00",,"/pxn-v2-wl-wireless-gaming-racing-wheel-with-180-steering-pedal-set","https://static3.webx.pk/files/91598/Images/pxnv2wl-91598-2649313-280726114806900.webp","PXN V2 WL Wireless Gaming Racing Wheel with Pedals | GB-Tech Pakistan","Buy the PXN V2 WL Wireless Gaming Racing Wheel with 180° steering, dual vibration feedback, paddle shifters, and pedal set from GB-Tech with nationwide delivery across Pakistan.",,"N","N","Y",
"2649313",,,,,,,,,,,,,,,,,,,,,,,,"https://static3.webx.pk/files/91598/Images/pxn-v2-wl-91598-2649313-280726100203527.webp",,,,,,,
"2649313",,,,,,,,,,,,,,,,,,,,,,,,"https://static3.webx.pk/files/91598/Images/pxn-v2-wl-1-91598-2649313-280726100203325.webp",,,,,,,
"2649376","PXN V9 GEN2 Gaming Racing Wheel with 270°/900° Steering, Hall Pedals & 6+R Shifter","Experience immersive racing with the PXN V9 GEN2 Gaming Racing Wheel. Featuring adjustable 270°/900° steering rotation, Hall-effect pedals, a 6+R H-pattern shifter, dual vibration motors, RGB lighting, and broad platform compatibility, it's an excellent choice for racing and truck simulator enthusiasts.","Gaming Gear > Racing Wheels","PXN",,,,,,,,,,"4.30","No","In Stock","0","33000.00",,"0.00","0.00",,"/pxn-v9-gen2-gaming-racing-wheel-with-270900-steering-hall-pedals-6r-shifter","https://static3.webx.pk/files/91598/Images/pxn-v9-gen2-2-91598-2649376-280726104854699.webp","PXN V9 GEN2 Gaming Racing Wheel with Pedals & Shifter | GB-Tech Pakistan","Buy the PXN V9 GEN2 Gaming Racing Wheel with adjustable 270°/900° steering, Hall-effect pedals, 6+R shifter, RGB lighting, and dual vibration from GB-Tech with nationwide delivery across Pakistan.",,"N","N","Y",
"2649376",,,,,,,,,,,,,,,,,,,,,,,,"https://static3.webx.pk/files/91598/Images/pxn-v9-gen2-91598-2649376-280726104831377.webp",,,,,,,
"2649376",,,,,,,,,,,,,,,,,,,,,,,,"https://static3.webx.pk/files/91598/Images/v9-gen2-1-91598-2649376-280726104831392.webp",,,,,,,
"2649322","PXN V900 Gen2 Gaming Racing Wheel with 270°/900° Steering, Hall Pedals & 6+R Shifter","Experience realistic racing simulation with the PXN V900 Gen2 Gaming Racing Wheel. Featuring adjustable 270°/900° steering rotation, a 16-bit magnetic encoder, Hall-effect pedals, dual vibration motors, RGB lighting, and a 6+R H-pattern shifter, it's built for immersive racing across PC and major gaming consoles.","Gaming Gear > Racing Wheels","PXN",,,,,,,,,,"4.26","No","In Stock","0","28000.00",,"0.00","0.00",,"/pxn-v900-gen2-gaming-racing-wheel-with-270900-steering-hall-pedals-6r-shifter","https://static3.webx.pk/files/91598/Images/pxn-v900-gen2-2-91598-2649322-280726102826047.webp","PXN V900 Gen2 Gaming Racing Wheel with Pedals & Shifter | GB-Tech Pakistan","Buy the PXN V900 Gen2 Gaming Racing Wheel featuring adjustable 270°/900° steering, Hall-effect pedals, 6+R shifter, RGB lighting, and dual vibration. Available at GB-Tech with nationwide delivery across Pakistan.",,"N","N","Y",
"2649322",,,,,,,,,,,,,,,,,,,,,,,,"https://static3.webx.pk/files/91598/Images/pxn-v900-gen2-91598-2649322-280726102824429.webp",,,,,,,
"2649322",,,,,,,,,,,,,,,,,,,,,,,,"https://static3.webx.pk/files/91598/Images/pxn-v900-gen2-1-91598-2649322-280726102823794.webp",,,,,,,
"2649383","PXN V99 Force Feedback Gaming Racing Wheel with 270°/900° Steering, Hall Pedals & 6+R Shifter","Take your racing simulation to the next level with the PXN V99 Force Feedback Racing Wheel. Featuring a powerful 3.2Nm dual-motor force feedback system, adjustable 270°/900° steering, a 16-bit magnetic encoder, Hall-effect pedals, and a 6+R H-pattern shifter, the V99 delivers an immersive and highly realistic driving experience across PC, PlayStation, and Xbox platforms.","Gaming Gear > Racing Wheels","PXN",,,,,,,,,,"6.33","No","In Stock","0","52000.00",,"0.00","0.00",,"/pxn-v99-force-feedback-gaming-racing-wheel-with-270900-steering-hall-pedals-6r-shifter","https://static3.webx.pk/files/91598/Images/pxn-v99-gaming-racing-wheel-3-91598-2649383-280726110932726.webp","PXN V99 Force Feedback Gaming Racing Wheel | GB-Tech Pakistan","Buy the PXN V99 Force Feedback Gaming Racing Wheel with 3.2Nm dual-motor force feedback, adjustable 270°/900° steering, Hall-effect pedals, and 6+R shifter from GB-Tech with nationwide delivery across Pakistan.",,"N","N","Y",
"2649383",,,,,,,,,,,,,,,,,,,,,,,,"https://static3.webx.pk/files/91598/Images/pxn-v99-gaming-racing-wheel-2-removebg-preview-91598-2649383-280726110846618.webp",,,,,,,
"2649383",,,,,,,,,,,,,,,,,,,,,,,,"https://static3.webx.pk/files/91598/Images/pxn-v99-gaming-racing-wheel-1-removebg-preview-91598-2649383-280726110846986.webp",,,,,,,
"2649626","PXN W Series Steering Wheel – W GTL / W DS R2 for Direct Drive Racing Simulators","Upgrade your sim racing experience with the PXN W Series Steering Wheels. Choose between the W GTL GT-style wheel or the W DS R2 D-shaped wheel, both featuring premium materials, Hall-effect paddle shifters, RGB telemetry LEDs, quick-release mounting, and full compatibility with PXN VD Series Direct Drive wheel bases.","Gaming Gear > Racing Wheels","PXN","Model","W GTL",,,,,,,,"1.50","No","In Stock","0","45000.00",,"0.00","0.00",,"/pxn-w-series-steering-wheel-w-gtl-w-ds-r2-for-direct-drive-racing-simulators","https://static3.webx.pk/files/91598/Images/pxn-wds-r2-2-91598-2649626-290726104232761.webp","PXN W Series W GTL & W DS R2 Steering Wheel | GB-Tech Pakistan","Buy the PXN W Series Steering Wheels, including the W GTL and W DS R2, from GB-Tech. Featuring quick-release mounting, Hall-effect paddle shifters, RGB telemetry, and premium sim racing controls with nationwide delivery across Pakistan.",,"N","N","Y",
"2649626",,,,,,"W DS R2",,,,,,,,"1.50",,,"0","35000.00",,,,,,"https://static3.webx.pk/files/91598/Images/pxn-wgtl-1-removebg-preview-91598-2649626-280726053746571.webp",,,,,,,
"2649626",,,,,,,,,,,,,,,,,,,,,,,,"https://static3.webx.pk/files/91598/Images/pxn-wds-r2-removebg-preview-91598-2649626-280726053746571.webp",,,,,,,
"2652007","PXN-2113PRO Wired Flight Joystick for PC","Take control of your favorite flight simulators with the PXN-2113PRO Flight Joystick. Featuring a realistic throttle lever, twist rudder control, vibration feedback, and 12 programmable buttons, it delivers precise and immersive aircraft control for PC flight simulation games.","Gaming Gear > Controllers","PXN",,,,,,,,,,"0.50","No","In Stock","0","14500.00",,"0.00","0.00",,"/pxn2113pro-wired-flight-joystick-for-pc","https://static3.webx.pk/files/91598/Images/pxn-2113pro-3-91598-2652007-020826103236411.webp","PXN-2113PRO Flight Joystick for PC | GB-Tech Pakistan","Buy the PXN-2113PRO Flight Joystick from GB-Tech with 12 programmable buttons, vibration feedback, throttle control, and twist rudder for immersive PC flight simulation. Nationwide delivery across Pakistan.",,"N","N","Y",
"2652007",,,,,,,,,,,,,,,,,,,,,,,,"https://static3.webx.pk/files/91598/Images/pxn-2113pro-1-removebg-preview-91598-2652007-020826103235260.webp",,,,,,,
"2652007",,,,,,,,,,,,,,,,,,,,,,,,"https://static3.webx.pk/files/91598/Images/pxn-2113pro-2-removebg-preview-91598-2652007-020826103235575.webp",,,,,,,
"2652007",,,,,,,,,,,,,,,,,,,,,,,,"https://static3.webx.pk/files/91598/Images/pxn-2113pro-removebg-preview-91598-2652007-020826103236246.webp",,,,,,,
"2652025","PXN-2119PRO HOTAS Flight Simulator Joystick","Experience realistic flight simulation with the PXN-2119PRO HOTAS, featuring a dedicated throttle unit, 16 programmable buttons, dual vibration, multiple control axes, and wide compatibility with PC, PS4, and Xbox One. Designed for flight simulators and combat aviation games, it delivers precise and immersive aircraft control.","Gaming Gear > Controllers","PXN",,,,,,,,,,"1.49","No","In Stock","0","28000.00",,"0.00","0.00",,"/pxn2119pro-hotas-flight-simulator-joystick","https://static3.webx.pk/files/91598/Images/pxn-2119pro-4-91598-2652025-020826104514016.webp","PXN-2119PRO HOTAS Flight Simulator Joystick | GB-Tech Pakistan","Buy the PXN-2119PRO HOTAS Flight Simulator Joystick from GB-Tech. Featuring a separate throttle, 16 programmable buttons, dual vibration, and compatibility with PC, PS4, and Xbox One. Nationwide delivery across Pakistan.",,"N","N","Y",
"2652025",,,,,,,,,,,,,,,,,,,,,,,,"https://static3.webx.pk/files/91598/Images/pxn-2119pro-2-removebg-preview-91598-2652025-020826104507505.webp",,,,,,,
"2652025",,,,,,,,,,,,,,,,,,,,,,,,"https://static3.webx.pk/files/91598/Images/pxn-2119pro-1-removebg-preview-91598-2652025-020826104507762.webp",,,,,,,
"2652025",,,,,,,,,,,,,,,,,,,,,,,,"https://static3.webx.pk/files/91598/Images/pxn-2119pro-removebg-preview-91598-2652025-020826104508350.webp",,,,,,,
"2652029","PXN-F16 Wired Flight Joystick for PC","The PXN-F16 is a USB flight joystick designed for PC flight simulators. It features 12 programmable buttons, an 8-way hat switch, twist rudder control, throttle lever, vibration feedback, and an ergonomic grip for precise and immersive flight control.","Gaming Gear > Controllers","PXN",,,,,,,,,,"0.52","No","In Stock","0","17000.00",,"0.00","0.00",,"/pxnf16-wired-flight-joystick-for-pc","https://static3.webx.pk/files/91598/Images/pxn-f16-3-91598-2652029-020826105537781.webp","PXN-F16 Flight Joystick for PC | GB-Tech Pakistan","Buy the PXN-F16 Flight Joystick from GB-Tech with 12 programmable buttons, vibration feedback, twist rudder control, and USB plug-and-play support for PC flight simulators. Nationwide delivery across Pakistan.",,"N","N","Y",
"2652029",,,,,,,,,,,,,,,,,,,,,,,,"https://static3.webx.pk/files/91598/Images/pxn-f16-2-removebg-preview-91598-2652029-020826105534542.webp",,,,,,,
"2652029",,,,,,,,,,,,,,,,,,,,,,,,"https://static3.webx.pk/files/91598/Images/pxn-f16-1-removebg-preview-91598-2652029-020826105534712.webp",,,,,,,
"2652029",,,,,,,,,,,,,,,,,,,,,,,,"https://static3.webx.pk/files/91598/Images/pxn-f16-removebg-preview-91598-2652029-020826105537768.webp",,,,,,,
"2651156","PXN-P5 Wireless Gaming Controller (Black / White)","Experience smooth, responsive gaming with the PXN-P5 Wireless Gaming Controller. Designed for PC, Nintendo Switch, Android, and iOS, it features Hall-effect joysticks, Hall linear triggers, 1000Hz polling rate, triple connectivity, and four programmable rear buttons for enhanced precision and control.","Gaming Gear > Controllers","PXN","Color","White",,,,,,,,"0.22","No","In Stock","0","10500.00",,"0.00","0.00",,"/pxnp5-wireless-gaming-controller-black-white","https://static3.webx.pk/files/91598/Images/pxn-p5-black-white-5-91598-2651156-310726094437372.webp","PXN-P5 Wireless Gaming Controller Black & White | GB-Tech Pakistan","Buy the PXN-P5 Wireless Gaming Controller in Black and White from GB-Tech Pakistan. Featuring Hall-effect joysticks, 1000Hz polling, Bluetooth, 2.4GHz wireless, USB-C connectivity, and multi-platform support. Nationwide delivery across Pakistan.",,"N","N","Y",
"2651156",,,,,,"Black",,,,,,,,"0.22",,,"0","10500.00",,,,,,"https://static3.webx.pk/files/91598/Images/pxn-p5-black-white-1-removebg-preview-91598-2651156-310726094449361.webp",,,,,,,
"2651156",,,,,,,,,,,,,,,,,,,,,,,,"https://static3.webx.pk/files/91598/Images/pxn-p5-black-white-3-removebg-preview-91598-2651156-310726094449267.webp",,,,,,,
"2651156",,,,,,,,,,,,,,,,,,,,,,,,"https://static3.webx.pk/files/91598/Images/pxn-p5-black-white-removebg-preview-91598-2651156-310726094449446.webp",,,,,,,
"2651156",,,,,,,,,,,,,,,,,,,,,,,,"https://static3.webx.pk/files/91598/Images/pxn-p5-black-white-2-removebg-preview-91598-2651156-310726094450571.webp",,,,,,,
"2651154","PXN-P5 Wireless Gaming Controller (OSD / 8K)","Enjoy precise and responsive gaming with the PXN-P5 Wireless Gaming Controller. Compatible with PC, Nintendo Switch, Android, and iOS, it features Hall-effect controls, motion sensing, programmable back buttons, RGB lighting, and wired or wireless connectivity. Available in Standard (OSD) and 8K variants for casual and competitive gamers.","Gaming Gear > Controllers","PXN","Variants","PXN-P5 8K",,,,,,,,"0.22","No","In Stock","0","12000.00",,"0.00","0.00",,"/pxnp5-wireless-gaming-controller-osd-8k","https://static3.webx.pk/files/91598/Images/pxn-p5-8k-osd-5-91598-2651154-310726092921258.webp","PXN-P5 Wireless Gaming Controller (OSD / 8K) | GB-Tech Pakistan","Buy the PXN-P5 Wireless Gaming Controller (OSD & 8K variants) from GB-Tech. Featuring Hall-effect sticks, multi-platform compatibility, wired and wireless connectivity, and programmable controls with nationwide delivery across Pakistan.",,"N","N","Y",
"2651154",,,,,,"PXN-P5 0SD",,,,,,,,"0.22",,,"0","13500.00",,,,,,"https://static3.webx.pk/files/91598/Images/pxn-p5-8k-osd-91598-2651154-310726092546731.webp",,,,,,,
"2651154",,,,,,,,,,,,,,,,,,,,,,,,"https://static3.webx.pk/files/91598/Images/pxn-p5-8k-osd-2-removebg-preview-91598-2651154-310726092939071.webp",,,,,,,
"2651154",,,,,,,,,,,,,,,,,,,,,,,,"https://static3.webx.pk/files/91598/Images/pxn-p5-8k-osd-1-3-91598-2651154-310726092546699.webp",,,,,,,
"2651154",,,,,,,,,,,,,,,,,,,,,,,,"https://static3.webx.pk/files/91598/Images/pxn-p5-8k-osd-4-removebg-preview-91598-2651154-310726092938595.webp",,,,,,,
"2648115","ASUS Cobble SSD Enclosure (ESD-A1A) — M.2 NVMe/SATA Portable Storage","A design-forward, IP55-rated storage enclosure with a distinctive cobblestone-inspired shell, ASUS Cobble combines rugged water/dust resistance with fast USB-C 3.2 Gen 2x1 transfer speeds. Supporting both M.2 NVMe PCIe and SATA SSDs, its tool-free Q-Latch installation and 2024 Good Design award-winning aesthetic make it a versatile, portable storage solution for gamers, professionals, and content creators alike.","Storage > NVMe SSD","ASUS",,,,,,,,,,"0.09","No","In Stock","0","13800.00",,"0.00","0.00",,"/asus-cobble-ssd-enclosure-esda1a-m2-nvmesata-portable-storage","https://static3.webx.pk/files/91598/Images/a4ebf3b3-03c5-4dca-bb25-55213cf7b4ef-91598-0-270726055319861.webp","ASUS Cobble SSD Enclosure ESD-A1A M.2 NVMe/SATA","Buy ASUS Cobble SSD enclosure at GB Tec — USB-C 3.2 Gen 2, 10Gbps, IP55 water/dust resistant, M.2 NVMe & SATA. Nationwide delivery across Pakistan.",,"N","N","Y",
"2648115",,,,,,,,,,,,,,,,,,,,,,,,"https://static3.webx.pk/files/91598/Images/02462a62a5f71261415bff955bf793bf-1-91598-0-270726054855757.webp",,,,,,,
"2648115",,,,,,,,,,,,,,,,,,,,,,,,"https://static3.webx.pk/files/91598/Images/83c510cc7c683004a92ea8ac92a1d8b4-1-91598-0-270726054855753.webp",,,,,,,
"2648115",,,,,,,,,,,,,,,,,,,,,,,,"https://static3.webx.pk/files/91598/Images/02b508c64644e8a87a7c865ac0795160-1-91598-0-270726054856033.webp",,,,,,,
"2648115",,,,,,,,,,,,,,,,,,,,,,,,"https://static3.webx.pk/files/91598/Images/845dadf91ad83a47c9967914575faafb-1-91598-0-270726054856601.webp",,,,,,,
"2648114","ASUS ROG Strix Arion ESD-S1C M.2 NVMe PCIe SSD Enclosure","A sleek, aluminum-alloy SSD enclosure that turns your own M.2 PCIe NVMe drive into a fast, portable external drive. With USB 3.2 Gen 2 delivering up to 10 Gbps transfer speeds, screwdriver-free installation, thermal pads for heat dissipation, and Aura Sync RGB lighting, ROG Strix Arion is built for gamers and creators who need fast, mobile storage that matches their rig.","Storage > NVMe SSD","ASUS","Color","White",,,,,,,,"0.10","No","In Stock","0","18000.00",,"0.00","0.00",,"/asus-rog-strix-arion-esds1c-m2-nvme-pcie-ssd-enclosure","https://static3.webx.pk/files/91598/Images/1634ba49-8be5-4797-9d81-802b704937a0-91598-0-270726053550839.webp","ASUS ROG Strix Arion ESD-S1C M.2 SSD Enclosure","Buy ASUS ROG Strix Arion ESD-S1C M.2 NVMe SSD enclosure at GB Tec — USB 3.2 Gen 2, 10Gbps, Aura Sync RGB. Nationwide delivery across Pakistan.",,"N","N","Y",
"2648114",,,,,,"Black",,,,,,,,"0.10",,,"0","18000.00",,,,,,"https://static3.webx.pk/files/91598/Images/h732-5-91598-0-270726053549335.webp",,,,,,,
"2648114",,,,,,,,,,,,,,,,,,,,,,,,"https://static3.webx.pk/files/91598/Images/h732-3-91598-0-270726053551228.webp",,,,,,,
"2648114",,,,,,,,,,,,,,,,,,,,,,,,"https://static3.webx.pk/files/91598/Images/h732-1-91598-0-270726053552835.webp",,,,,,,
"2648114",,,,,,,,,,,,,,,,,,,,,,,,"https://static3.webx.pk/files/91598/Images/h732-2-91598-0-270726053552587.webp",,,,,,,
"2648114",,,,,,,,,,,,,,,,,,,,,,,,"https://static3.webx.pk/files/91598/Images/h732-6-91598-0-270726053549344.webp",,,,,,,
"2648114",,,,,,,,,,,,,,,,,,,,,,,,"https://static3.webx.pk/files/91598/Images/h732-4-91598-0-270726053551101.webp",,,,,,,
"2633126","LEGEND 710 1TB PCIe Gen3 x4 M.2 2280 SSD","Original ADATA LEGEND 710 1TB PCIe Gen3 x4 M.2 2280 SSD with official warranty and nationwide delivery from GB Tech.","Storage > NVMe SSD","ADATA",,,,,,,,,,"0.00","No","In Stock","0","0.00","0.00","0.00","0.00",,"/legend-710-1tb-pcie-gen3-x4-m.2-2280-ssd",,"LEGEND 710 1TB PCIe Gen3 x4 M.2 2280 SSD | GB Tech Pakistan","Buy LEGEND 710 1TB PCIe Gen3 x4 M.2 2280 SSD with official warranty and nationwide delivery across Pakistan.","legend-710-1tb-pcie-gen3-x4-m.2-2280-ssd","Y","Y","Y",
"2633124","LEGEND 710 256GB PCIe Gen3 x4 M.2 2280 SSD","Original ADATA LEGEND 710 256GB PCIe Gen3 x4 M.2 2280 SSD with official warranty and nationwide delivery from GB Tech.","Storage > NVMe SSD","ADATA",,,,,,,,,,"0.00","No","In Stock","0","13000.00","13000.00","0.00","13000.00",,"/legend-710-256gb-pcie-gen3-x4-m.2-2280-ssd",,"LEGEND 710 256GB PCIe Gen3 x4 M.2 2280 SSD | GB Tech Pakistan","Buy LEGEND 710 256GB PCIe Gen3 x4 M.2 2280 SSD with official warranty and nationwide delivery across Pakistan.","legend-710-256gb-pcie-gen3-x4-m.2-2280-ssd","Y","Y","Y",
"2633127","LEGEND 710 2TB PCIe Gen3 x4 M.2 2280 SSD","Original ADATA LEGEND 710 2TB PCIe Gen3 x4 M.2 2280 SSD with official warranty and nationwide delivery from GB Tech.","Storage > NVMe SSD","ADATA",,,,,,,,,,"0.00","No","In Stock","0","0.00","0.00","0.00","0.00",,"/legend-710-2tb-pcie-gen3-x4-m.2-2280-ssd",,"LEGEND 710 2TB PCIe Gen3 x4 M.2 2280 SSD | GB Tech Pakistan","Buy LEGEND 710 2TB PCIe Gen3 x4 M.2 2280 SSD with official warranty and nationwide delivery across Pakistan.","legend-710-2tb-pcie-gen3-x4-m.2-2280-ssd","Y","Y","Y",
"2633125","LEGEND 710 512GB PCIe Gen3 x4 M.2 2280 SSD","Original ADATA LEGEND 710 512GB PCIe Gen3 x4 M.2 2280 SSD with official warranty and nationwide delivery from GB Tech.","Storage > NVMe SSD","ADATA",,,,,,,,,,"0.00","No","In Stock","0","24000.00","24000.00","0.00","24000.00",,"/legend-710-512gb-pcie-gen3-x4-m.2-2280-ssd",,"LEGEND 710 512GB PCIe Gen3 x4 M.2 2280 SSD | GB Tech Pakistan","Buy LEGEND 710 512GB PCIe Gen3 x4 M.2 2280 SSD with official warranty and nationwide delivery across Pakistan.","legend-710-512gb-pcie-gen3-x4-m.2-2280-ssd","Y","Y","Y",
"2633129","LEGEND 860 1TB PCIe Gen4 x4 M.2 2280 SSD","Original ADATA LEGEND 860 1TB PCIe Gen4 x4 M.2 2280 SSD with official warranty and nationwide delivery from GB Tech.","Storage > NVMe SSD","ADATA",,,,,,,,,,"0.00","No","In Stock","0","34700.00","34700.00","0.00","34700.00",,"/legend-860-1tb-pcie-gen4-x4-m.2-2280-ssd",,"LEGEND 860 1TB PCIe Gen4 x4 M.2 2280 SSD | GB Tech Pakistan","Buy LEGEND 860 1TB PCIe Gen4 x4 M.2 2280 SSD with official warranty and nationwide delivery across Pakistan.","legend-860-1tb-pcie-gen4-x4-m.2-2280-ssd","Y","Y","Y",
"2633130","LEGEND 860 2TB PCIe Gen4 x4 M.2 2280 SSD","Original ADATA LEGEND 860 2TB PCIe Gen4 x4 M.2 2280 SSD with official warranty and nationwide delivery from GB Tech.","Storage > NVMe SSD","ADATA",,,,,,,,,,"0.00","No","In Stock","0","75000.00","75000.00","0.00","75000.00",,"/legend-860-2tb-pcie-gen4-x4-m.2-2280-ssd",,"LEGEND 860 2TB PCIe Gen4 x4 M.2 2280 SSD | GB Tech Pakistan","Buy LEGEND 860 2TB PCIe Gen4 x4 M.2 2280 SSD with official warranty and nationwide delivery across Pakistan.","legend-860-2tb-pcie-gen4-x4-m.2-2280-ssd","Y","Y","Y",
"2633128","LEGEND 860 500GB PCIe Gen4 x4 M.2 2280 SSD","Original ADATA LEGEND 860 500GB PCIe Gen4 x4 M.2 2280 SSD with official warranty and nationwide delivery from GB Tech.","Storage > NVMe SSD","ADATA",,,,,,,,,,"0.00","No","In Stock","0","24800.00","24800.00","0.00","24800.00",,"/legend-860-500gb-pcie-gen4-x4-m.2-2280-ssd",,"LEGEND 860 500GB PCIe Gen4 x4 M.2 2280 SSD | GB Tech Pakistan","Buy LEGEND 860 500GB PCIe Gen4 x4 M.2 2280 SSD with official warranty and nationwide delivery across Pakistan.","legend-860-500gb-pcie-gen4-x4-m.2-2280-ssd","Y","Y","Y",
"2633131","LEGEND 970 1TB PCIe Gen5 x5 M.2 2280 SSD","Original ADATA LEGEND 970 1TB PCIe Gen5 x5 M.2 2280 SSD with official warranty and nationwide delivery from GB Tech.","Storage > NVMe SSD","ADATA",,,,,,,,,,"0.00","No","In Stock","0","52000.00","52000.00","0.00","52000.00",,"/legend-970-1tb-pcie-gen5-x5-m.2-2280-ssd",,"LEGEND 970 1TB PCIe Gen5 x5 M.2 2280 SSD | GB Tech Pakistan","Buy LEGEND 970 1TB PCIe Gen5 x5 M.2 2280 SSD with official warranty and nationwide delivery across Pakistan.","legend-970-1tb-pcie-gen5-x5-m.2-2280-ssd","Y","Y","Y",
"2633132","LEGEND 970 2TB PCIe Gen5 x5 M.2 2280 SSD","Original ADATA LEGEND 970 2TB PCIe Gen5 x5 M.2 2280 SSD with official warranty and nationwide delivery from GB Tech.","Storage > NVMe SSD","ADATA",,,,,,,,,,"0.00","No","In Stock","0","99500.00","99500.00","0.00","99500.00",,"/legend-970-2tb-pcie-gen5-x5-m.2-2280-ssd",,"LEGEND 970 2TB PCIe Gen5 x5 M.2 2280 SSD | GB Tech Pakistan","Buy LEGEND 970 2TB PCIe Gen5 x5 M.2 2280 SSD with official warranty and nationwide delivery across Pakistan.","legend-970-2tb-pcie-gen5-x5-m.2-2280-ssd","Y","Y","Y",
"2633133","LEGEND 970 4TB PCIe Gen5 x5 M.2 2280 SSD","Original ADATA LEGEND 970 4TB PCIe Gen5 x5 M.2 2280 SSD with official warranty and nationwide delivery from GB Tech.","Storage > NVMe SSD","ADATA",,,,,,,,,,"0.00","No","In Stock","0","162000.00","162000.00","0.00","162000.00",,"/legend-970-4tb-pcie-gen5-x5-m.2-2280-ssd",,"LEGEND 970 4TB PCIe Gen5 x5 M.2 2280 SSD | GB Tech Pakistan","Buy LEGEND 970 4TB PCIe Gen5 x5 M.2 2280 SSD with official warranty and nationwide delivery across Pakistan.","legend-970-4tb-pcie-gen5-x5-m.2-2280-ssd","Y","Y","Y",
"2645815","Transcend MTE115S 250GB/500GB/1TB/2TB M.2 2280 NVMe PCIe Gen3x4","The Transcend MTE115S is a high-speed PCIe Gen3 x4 NVMe M.2 SSD offering up to 3200MB/s read performance, reliable 3D NAND flash, LDPC error correction, and capacities up to 2TB for desktops, laptops, and ultrabooks.","Storage > NVMe SSD","Transcend","Size","250GB",,,,,,,,"0.01","No","In Stock","0","20350.00",,"0.00","0.00",,"/transcend-mte115s-250gb500gb1tb2tb-m2-2280-nvme-pcie-gen3x4","https://static3.webx.pk/files/91598/Images/00efb0c0-a568-4058-b187-63ab7ed780ed-91598-2645815-230726012009267.webp","Buy Transcend MTE115S NVMe Gen3x4 SSD 250GB/500GB/1TB/2TB | GB-Tech Pakistan","Upgrade your PC with the Transcend MTE115S NVMe Gen3x4 SSD featuring up to 3200MB/s read speeds, NVMe 1.4 support, and capacities up to 2TB. Buy from GB-Tech with nationwide delivery across Pakistan.",,"N","N","Y",
"2645815",,,,,,"500GB",,,,,,,,"0.01",,,"0","29200.00",,,,,,"https://static3.webx.pk/files/91598/Images/0760557862772-removebg-preview-91598-2645815-230726012109252.webp",,,,,,,
"2645815",,,,,,"1TB",,,,,,,,"0.01",,,"0","32500.00",,,,,,"https://static3.webx.pk/files/91598/Images/pp-mte115s-91598-2645815-230726011456757.webp",,,,,,,
"2645815",,,,,,"2TB",,,,,,,,"0.01",,,"0","71500.00",,,,,,,,,,,,,
"2645825","Transcend MTE255S 1TB/2TB M.2 2280 NVMe PCIe Gen4 x4","The Transcend MTE255S is a high-speed M.2 2280 NVMe PCIe Gen4 x4 SSD featuring premium 3D NAND flash, a graphene heatsink, and blazing-fast speeds up to 7,400MB/s, making it ideal for gaming, content creation, and professional computing.","Storage > NVMe SSD","Transcend","Size","2TB",,,,,,,,"0.01","No","In Stock","0","75000.00",,"0.00","0.00",,"/transcend-mte255s-1tb2tb-m2-2280-nvme-pcie-gen4-x4","https://static3.webx.pk/files/91598/Images/c7996984-1766-4d50-96d9-c585fb868358-91598-2645825-230726013715485.webp","Buy Transcend MTE255S 1TB/2TB NVMe Gen4x4 SSD | GB-Tech Pakistan","Buy the Transcend MTE255S NVMe Gen4x4 Internal SSD with up to 7400MB/s read speed, graphene heatsink, NVMe 1.4 support, and 3D NAND flash. Available at GB-Tech with nationwide delivery across Pakistan.",,"N","N","Y",
"2645825",,,,,,"1TB",,,,,,,,"0.01",,,"0","35750.00",,,,,,"https://static3.webx.pk/files/91598/Images/images-6-removebg-preview-91598-2645825-230726013846373.webp",,,,,,,
"2645825",,,,,,,,,,,,,,,,,,,,,,,,"https://static3.webx.pk/files/91598/Images/pp-mte255s-1-91598-2645825-230726013527039.webp",,,,,,,
"2645831","Transcend MTE300 512 GB / 1TB M.2 2230 NVMe PCIe Gen3 x4","The Transcend MTE300 is a compact M.2 2230 NVMe PCIe Gen3 x4 SSD built with high-quality 3D NAND flash, delivering read speeds up to 2,000MB/s and write speeds up to 1,700MB/s. Designed for compact laptops, handheld gaming devices, mini PCs, and embedded systems, it offers excellent performance, low power consumption, and dependable reliability.","Storage > NVMe SSD","Transcend","Size","1TB",,,,,,,,"0.04","No","In Stock","0","60500.00",,"0.00","0.00",,"/transcend-mte300-512-gb-1tb-m2-2230-nvme-pcie-gen3-x4","https://static3.webx.pk/files/91598/Images/06faf2cd-daee-438c-8cf2-6424656a6a46-91598-2645831-230726015406197.webp","Transcend MTE300 512GB/1TB M.2 2230 NVMe PCIe Gen3 x4 SSD | GB-Tech Pakistan","Buy the Transcend MTE300 512GB & 1TB M.2 2230 NVMe PCIe Gen3 x4 SSD from GB-Tech. Enjoy up to 2,000MB/s performance, premium 3D NAND flash, and fast nationwide delivery across Pakistan.",,"N","N","Y",
"2645831",,,,,,"512GB",,,,,,,,"0.04",,,"0","60500.00",,,,,,"https://static3.webx.pk/files/91598/Images/transcend-300s-1tb-m2-2230-nvme-pcie-gen3x4-21759320098-remo-91598-2645831-230726015301937.webp",,,,,,,
"2645831",,,,,,,,,,,,,,,,,,,,,,,,"https://static3.webx.pk/files/91598/Images/61vwch6pf3l.-ac-uf894-1000-ql80-removebg-preview-91598-2645831-230726015301866.webp",,,,,,,
"2645835","Transcend MTE310 1TB M.2 2230 NVMe PCIe Gen4 x4","The Transcend MTE310 1TB is a high-performance M.2 2230 NVMe PCIe Gen4 x4 SSD featuring premium 3D NAND flash, SLC caching, and read speeds up to 5,000MB/s for compact laptops, handheld gaming devices, and mini PCs.","Storage > NVMe SSD","Transcend",,,,,,,,,,"0.04","No","In Stock","0","60500.00",,"0.00","0.00",,"/transcend-mte310-1tb-m2-2230-nvme-pcie-gen4-x4","https://static3.webx.pk/files/91598/Images/4afcf0b2-1ca2-49d0-8624-2b89cf01ef6e-91598-2645835-230726020537078.webp","Buy Transcend MTE310 1TB M.2 2230 NVMe Gen4 x4 SSD | GB-Tech Pakistan","Buy the Transcend MTE310 1TB M.2 2230 NVMe PCIe Gen4 x4 SSD with up to 5,000MB/s read speed, 3D NAND flash, SLC caching, and compact 2230 form factor. Available at GB-Tech with nationwide delivery across Pakistan.",,"N","N","Y",
"2645835",,,,,,,,,,,,,,,,,,,,,,,,"https://static3.webx.pk/files/91598/Images/714a8qtvdbl.-ac-uf350-350-ql80-removebg-preview-91598-2645835-230726020219598.webp",,,,,,,
"2645835",,,,,,,,,,,,,,,,,,,,,,,,"https://static3.webx.pk/files/91598/Images/61ew8xoi8sl.-ac-uf894-1000-ql80-removebg-preview-91598-2645835-230726020219880.webp",,,,,,,
"2648190","Transcend MTE400S M.2 2242 NVMe PCIe Gen3 x4 SSD – 512GB / 1TB / 2TB","The Transcend MTE400S is a compact M.2 2242 NVMe PCIe Gen3 x4 SSD designed for ultrabooks, mini PCs, embedded systems, and compatible handheld gaming devices. Powered by premium 3D NAND Flash, it delivers read speeds of up to 2,000MB/s, advanced SLC caching, LDPC ECC, and exceptional reliability in a space-saving form factor.","Storage > NVMe SSD","Transcend","Size","512GB",,,,,,,,"0.01","No","In Stock","0","60500.00",,"0.00","0.00",,"/transcend-mte400s-m2-2242-nvme-pcie-gen3-x4-ssd-512gb-1tb-2tb","https://static3.webx.pk/files/91598/Images/ed86be04-da43-4c2a-8b16-31c46fc1f677-91598-2648190-270726091642959.webp","Transcend MTE400S 512GB/1TB/2TB M.2 2242 NVMe PCIe Gen3 x4 SSD | GB-Tech Pakistan","Buy the Transcend MTE400S 512GB, 1TB & 2TB M.2 2242 NVMe PCIe Gen3 x4 SSD from GB-Tech. Enjoy up to 2,000MB/s performance, premium 3D NAND Flash, and nationwide delivery across Pakistan.",,"N","N","Y",
"2648190",,,,,,"1TB",,,,,,,,"0.01",,,"0","60500.00",,,,,,"https://static3.webx.pk/files/91598/Images/pp-mte400s-2t-91598-2648190-270726091551863.webp",,,,,,,
"2648190",,,,,,"2TB",,,,,,,,"0.01",,,"0","60500.00",,,,,,"https://static3.webx.pk/files/91598/Images/image-3-removebg-preview-91598-2648190-270726091552340.webp",,,,,,,
"2648191","Transcend MTE410S M.2 2242 NVMe PCIe Gen4 x4 SSD – 1TB / 2TB","The Transcend MTE410S is a high-performance M.2 2242 NVMe PCIe Gen4 x4 SSD built for ultrabooks, mini PCs, embedded systems, and handheld gaming devices. Featuring premium 3D NAND Flash, sequential read speeds up to 5,000MB/s, and an energy-efficient DRAM-less architecture, it delivers outstanding performance in a compact, single-sided form factor.","Storage > NVMe SSD","Transcend","Size","2TB",,,,,,,,"0.01","No","In Stock","0","60500.00",,"0.00","0.00",,"/transcend-mte410s-m2-2242-nvme-pcie-gen4-x4-ssd-1tb-2tb","https://static3.webx.pk/files/91598/Images/10e7dc3f-0f1e-4f7a-a685-945a7ff6d492-91598-2648191-270726092731342.webp","Transcend MTE410S 1TB/2TB M.2 2242 NVMe PCIe Gen4 x4 SSD | GB-Tech Pakistan","Buy the Transcend MTE410S 1TB & 2TB M.2 2242 NVMe PCIe Gen4 x4 SSD from GB-Tech. Enjoy up to 5,000MB/s speeds, premium 3D NAND Flash, and fast nationwide delivery across Pakistan.",,"N","N","Y",
"2648191",,,,,,"1TB",,,,,,,,"0.01",,,"0","60500.00",,,,,,"https://static3.webx.pk/files/91598/Images/transcend-410s-1tb-nvme-ssd-price-in-pakistan-19643-0-240924-91598-2648191-270726092703657.webp",,,,,,,
"2648191",,,,,,,,,,,,,,,,,,,,,,,,"https://static3.webx.pk/files/91598/Images/transcend-mte410s-2tb-nvme-m.2-2242-ssd-price-in-pakistan-2-91598-2648191-270726092704058.webp",,,,,,,
"2640682","XPG GAMMIX S60 PCIe Gen4 NVMe M.2 SSD","The XPG GAMMIX S60 PCIe Gen4 NVMe M.2 SSD delivers exceptional performance for gamers, creators, and PC enthusiasts. Featuring PCIe Gen4 x4, NVMe 1.4, sequential read speeds of up to 5,000MB/s, support for PS5 storage expansion, and capacities up to 2TB, it provides fast loading times and reliable storage for modern systems.","Storage > NVMe SSD","XPG","Capacity","512GB",,,,,,,,"7.00","No","In Stock","0","28000.00",,"0.00","0.00",,"/xpg-gammix-s60-pcie-gen4-nvme-m2-ssd","https://static3.webx.pk/files/91598/Images/xpg-gammix-s60-pcie-gen4-nvme-m.2-ssd-91598-2640682-280726105413982.webp","XPG GAMMIX S60 PCIe Gen4 NVMe M.2 SSD | GB TECH Pakistan","Buy the XPG GAMMIX S60 PCIe Gen4 NVMe M.2 SSD at GB TECH Pakistan. Up to 5,000MB/s read speeds, PCIe Gen4 x4, NVMe 1.4, PS5 compatible, 3D NAND, and 5-year warranty.",,"N","N","Y",
"2640682",,,,,,"1TB",,,,,,,,"7.00",,,"0","34700.00",,,,,,"https://static3.webx.pk/files/91598/Images/imgi-9-xpg-gammiix-s60-0001-91598-0-180726124323908.webp",,,,,,,
"2640682",,,,,,,,,,,,,,,,,,,,,,,,"https://static3.webx.pk/files/91598/Images/imgi-11-xpg-gammiix-s60-0003-91598-0-180726124323990.webp",,,,,,,
"2640682",,,,,,,,,,,,,,,,,,,,,,,,"https://static3.webx.pk/files/91598/Images/imgi-10-xpg-gammiix-s60-0002-91598-0-180726124324882.webp",,,,,,,
"2640682",,,,,,,,,,,,,,,,,,,,,,,,"https://static3.webx.pk/files/91598/Images/imgi-12-xpg-gammiix-s60-0004-91598-0-180726124326947.webp",,,,,,,
"2640682",,,,,,,,,,,,,,,,,,,,,,,,"https://static3.webx.pk/files/91598/Images/imgi-13-xpg-gammiix-s60-0005-91598-0-180726124327456.webp",,,,,,,
"2640682",,,,,,,,,,,,,,,,,,,,,,,,"https://static3.webx.pk/files/91598/Images/imgi-14-s60-01-2000x2000-91598-0-180726124327583.webp",,,,,,,
"2640682",,,,,,,,,,,,,,,,,,,,,,,,"https://static3.webx.pk/files/91598/Images/imgi-15-s60-02-2000x2000-91598-0-180726124329692.webp",,,,,,,
"2640682",,,,,,,,,,,,,,,,,,,,,,,,"https://static3.webx.pk/files/91598/Images/imgi-16-s60-pk-512gb-91598-0-180726124330302.webp",,,,,,,
"2640682",,,,,,,,,,,,,,,,,,,,,,,,"https://static3.webx.pk/files/91598/Images/imgi-17-s60-pk-1tb-91598-0-180726124330878.webp",,,,,,,
"2640682",,,,,,,,,,,,,,,,,,,,,,,,"https://static3.webx.pk/files/91598/Images/imgi-18-s60-pk-2tb-91598-0-180726124332612.webp",,,,,,,
"2640685","XPG GAMMIX S70 BLADE PCIe Gen4x4 M.2 2280 Solid State Drive","The XPG GAMMIX S70 BLADE PCIe Gen4x4 NVMe M.2 SSD is a high-performance storage solution built for gamers, creators, and professionals. Featuring PCIe Gen4 x4, NVMe 1.4, read speeds up to 7,400MB/s, write speeds up to 6,800MB/s, PS5 compatibility, and capacities from 512GB to 4TB, it delivers lightning-fast performance for demanding workloads.","Storage > NVMe SSD","XPG","Capacity","1TB",,,,,,,,"7.00","No","In Stock","0","46000.00",,"0.00","0.00",,"/xpg-gammix-s70-blade-pcie-gen4x4-m2-2280-solid-state-drive","https://static3.webx.pk/files/91598/Images/xpg-gammix-s70-blade-pcie-gen4x4-m.2-2280-solid-state-drive-91598-2640685-280726105131375.webp","XPG GAMMIX S70 BLADE PCIe Gen4x4 NVMe M.2 SSD | GB TECH Pakistan","Buy the XPG GAMMIX S70 BLADE PCIe Gen4x4 NVMe M.2 SSD from GB TECH Pakistan. Enjoy blazing-fast read speeds up to 7,400MB/s, PS5 compatibility, PCIe Gen4 performance, and capacities up to 4TB.",,"N","N","Y",
"2640685",,,,,,"2TB",,,,,,,,"7.00",,,"0","86000.00",,,,,,"https://static3.webx.pk/files/91598/Images/imgi-10-s70-blade-e-02-91598-0-180726010239601.webp",,,,,,,
"2640685",,,,,,"4TB",,,,,,,,"7.00",,,"0","163000.00",,,,,,"https://static3.webx.pk/files/91598/Images/imgi-11-s70-blade-e-03-91598-0-180726010239412.webp",,,,,,,
"2640685",,,,,,,,,,,,,,,,,,,,,,,,"https://static3.webx.pk/files/91598/Images/imgi-9-s70-blade-e-01-91598-0-180726010239363.webp",,,,,,,
"2640685",,,,,,,,,,,,,,,,,,,,,,,,"https://static3.webx.pk/files/91598/Images/imgi-12-s70-blade-e-04-91598-0-180726010240968.webp",,,,,,,
"2640685",,,,,,,,,,,,,,,,,,,,,,,,"https://static3.webx.pk/files/91598/Images/imgi-13-s70-blade-a01-91598-0-180726010241371.webp",,,,,,,
"2640685",,,,,,,,,,,,,,,,,,,,,,,,"https://static3.webx.pk/files/91598/Images/imgi-14-s70-blade-a02-91598-0-180726010241554.webp",,,,,,,
"2640685",,,,,,,,,,,,,,,,,,,,,,,,"https://static3.webx.pk/files/91598/Images/imgi-15-s70-blade-a03-91598-0-180726010242661.webp",,,,,,,
"2640685",,,,,,,,,,,,,,,,,,,,,,,,"https://static3.webx.pk/files/91598/Images/imgi-16-s70-blade-a04-91598-0-180726010243150.webp",,,,,,,
"2640685",,,,,,,,,,,,,,,,,,,,,,,,"https://static3.webx.pk/files/91598/Images/imgi-17-s70-blade-a05-91598-0-180726010243447.webp",,,,,,,
"2640685",,,,,,,,,,,,,,,,,,,,,,,,"https://static3.webx.pk/files/91598/Images/imgi-18-s70-blade-pk-4tb-91598-0-180726010244447.webp",,,,,,,
"2640685",,,,,,,,,,,,,,,,,,,,,,,,"https://static3.webx.pk/files/91598/Images/imgi-19-s70-blade-pk-2tb-91598-0-180726010244892.webp",,,,,,,
"2640685",,,,,,,,,,,,,,,,,,,,,,,,"https://static3.webx.pk/files/91598/Images/imgi-20-s70-blade-pk-1tb-91598-0-180726010245653.webp",,,,,,,
"2640685",,,,,,,,,,,,,,,,,,,,,,,,"https://static3.webx.pk/files/91598/Images/imgi-21-s70-blade-pk-512gb-91598-0-180726010247101.webp",,,,,,,
"2645521","Transcend  225S 250GB / 500GB / 1TB / 2TB 2.5 SSD","The Transcend SSD225S is a high-performance 2.5-inch SATA III SSD featuring premium 3D NAND flash, read speeds up to 560MB/s, SLC caching, LDPC ECC, and support for S.M.A.R.T., TRIM, NCQ, and DevSleep. It's an excellent upgrade for desktops and laptops, delivering faster boot times, quicker application loading, and improved overall system responsiveness.","Storage > External SSD","Transcend","Size","2TB",,,,,,,,"0.05","No","In Stock","0","19500.00",,"0.00","0.00",,"/transcend-225s-250gb-500gb-1tb-2tb-25-ssd","https://static3.webx.pk/files/91598/Images/ad8716a0-8fbb-4eaf-81e8-0a1e24fe5f70-91598-2645521-230726125023697.webp","Transcend SSD225S 250GB/500GB/1TB/2TB SATA III 2.5"" SSD | GB-Tech Pakistan","Buy the Transcend SSD225S 250GB, 500GB, 1TB & 2TB SATA III 2.5-inch SSD from GB-Tech. Enjoy up to 560MB/s performance, premium 3D NAND flash, and reliable storage with nationwide delivery in Pakistan.",,"N","N","N",
"2645521",,,,,,"1TB",,,,,,,,"0.05",,,"0","19500.00",,,,,,"https://static3.webx.pk/files/91598/Images/images-5-removebg-preview-91598-2645521-230726124304435.webp",,,,,,,
"2645521",,,,,,"500GB",,,,,,,,"0.05",,,"0","19500.00",,,,,,"https://static3.webx.pk/files/91598/Images/images-4-removebg-preview-91598-2645521-220726053648021.webp",,,,,,,
"2645521",,,,,,"250GB",,,,,,,,"0.05",,,"0","19500.00",,,,,,,,,,,,,
"2641487","Transcend ESD265C Portable SSD USB-C 10Gbps – 500GB / 1TB / 2TB","The Transcend ESD265C is an ultra-compact portable SSD featuring a USB 10Gbps (USB 3.2 Gen 2) Type-C interface, blazing-fast read speeds up to 1050MB/s, premium 3D NAND flash, and a durable aluminum body. It comes with both USB Type-C and USB Type-A cables, making it ideal for laptops, desktops, smartphones, gaming consoles, and tablets.","Storage > External SSD","Transcend","Size","1TB",,,,,,,,"0.03","No","In Stock","0","38500.00",,"0.00","0.00",,"/transcend-esd265c-portable-ssd-usbc-10gbps-500gb-1tb-2tb","https://static3.webx.pk/files/91598/Images/16e0bd02-83f7-4558-ba7a-492f39997455-91598-2641487-210726081510343.webp","Transcend ESD265C 500GB/1TB/2TB Portable SSD 1050MB/s | GB-Tech Pakistan","Buy the Transcend ESD265C Portable SSD 500GB, 1TB & 2TB from GB-Tech. Enjoy up to 1050MB/s speeds, USB 10Gbps Type-C connectivity, premium aluminum design, and nationwide delivery across Pakistan.",,"N","N","Y",
"2641487",,,,,,"500 GB",,,,,,,,"0.03",,,"0","24000.00",,,,,,"https://static3.webx.pk/files/91598/Images/pp-lside-91598-2641487-210726071412190.webp",,,,,,,
"2641487",,,,,,"2TB",,,,,,,,"0.03",,,"0","24000.00",,,,,,"https://static3.webx.pk/files/91598/Images/pp-front-91598-2641487-210726071412203.webp",,,,,,,
"2641487",,,,,,,,,,,,,,,,,,,,,,,,"https://static3.webx.pk/files/91598/Images/1735763509.6775a635eb9fc-91598-2641487-210726071412305.webp",,,,,,,
"2641478","Transcend ESD270C 500GB/1TB/2TB EXT SSD 520 MB/s","The Transcend ESD270C is a compact portable SSD featuring USB 3.1 Gen 2 connectivity, transfer speeds up to 520MB/s, durable 3D NAND flash, USB Type-C compatibility, and hardware-based 256-bit AES encryption. Its slim credit-card-sized design makes it ideal for fast, secure storage on the go.","Storage > External SSD","Transcend","Size","500GB",,,,,,,,"0.04","No","In Stock","0","0.00",,"0.00","0.00",,"/transcend-esd270c-500gb1tb2tb-ext-ssd-520-mbs","https://static3.webx.pk/files/91598/Images/c94a0083-dba5-4d64-b3be-fe070ea26f74-91598-2641478-210726081625316.webp","Transcend ESD270C 500GB/1TB/2TB Portable SSD 520MB/s | GB-Tech Pakistan","Buy the Transcend ESD270C Portable SSD 500GB, 1TB & 2TB from GB-Tech. Enjoy up to 520MB/s transfer speeds, USB Type-C connectivity, 3D NAND flash, and secure portable storage with nationwide delivery in Pakistan.",,"N","N","N",
"2641478",,,,,,"1TB",,,,,,,,"0.04",,,"0","42000.00",,,,,,"https://static3.webx.pk/files/91598/Images/image-removebg-preview-91598-2641478-210726073717854.webp",,,,,,,
"2641478",,,,,,"2TB",,,,,,,,"0.04",,,"0","0.00",,,,,,"https://static3.webx.pk/files/91598/Images/transcend-external-esd270c-500gb-usb-type-c-portable-ssd-wit-91598-2641478-210726073717782.webp",,,,,,,
"2641478",,,,,,,,,,,,,,,,,,,,,,,,"https://static3.webx.pk/files/91598/Images/transcend-esd270c-portable-ssd-slim-91598-2641478-210726073718139.webp",,,,,,,
"2643497","Transcend ESD310 Portable SSD USB 10Gbps Dual USB-A & USB-C (512GB / 1TB / 2TB)","The Transcend ESD310 Portable SSD is an ultra-compact, cable-free external SSD that delivers blazing-fast transfer speeds of up to 1050MB/s. Featuring built-in USB Type-A and USB Type-C connectors, premium 3D NAND flash, and a lightweight pocket-sized design, it provides fast, reliable storage for laptops, desktops, smartphones, tablets, gaming consoles, and more.","Storage > External SSD","Transcend","Size","512GB","Color","Pink",,,,,,"0.01","No","In Stock","0","24800.00",,"0.00","0.00",,"/transcend-esd310-portable-ssd-usb-10gbps-dual-usba-usbc-512gb-1tb-2tb","https://static3.webx.pk/files/91598/Images/aacee205-580d-40b5-b047-c5ea0527e126-91598-2643497-210726081123672.webp","Transcend ESD310 Portable SSD 512GB 1TB 2TB | USB-A & USB-C | GB Tech","Buy the Transcend ESD310 Portable SSD in 512GB, 1TB, and 2TB capacities from GB-Tech. Featuring USB Type-A & Type-C connectors, USB 10Gbps connectivity, up to 1050MB/s speeds, and nationwide delivery across Pakistan.",,"N","N","Y",
"2643497",,,,,,"1TB",,"Black",,,,,,"0.01",,,"0","34000.00",,,,,,"https://static3.webx.pk/files/91598/Images/list-esd310-202309-1-91598-2643497-210726070607048.webp",,,,,,,
"2643497",,,,,,"1TB",,"Silver",,,,,,"0.01",,,"0","34000.00",,,,,,"https://static3.webx.pk/files/91598/Images/pp-esd310s-01-91598-2643497-210726070607015.webp",,,,,,,
"2643497",,,,,,"2TB",,"Black",,,,,,"0.01",,,"0","97000.00",,,,,,"https://static3.webx.pk/files/91598/Images/68d512d3e2fd0-91598-2643497-210726070606922.webp",,,,,,,
"2643497",,,,,,"2TB",,"Silver",,,,,,"0.01",,,"0","97000.00",,,,,,"https://static3.webx.pk/files/91598/Images/pp-esd310c-02-2t-91598-2643497-210726070608026.webp",,,,,,,
"2643497",,,,,,"1TB",,"Pink",,,,,,"0.01",,,"0","34000.00",,,,,,,,,,,,,
"2643497",,,,,,"2TB",,"Pink",,,,,,"0.01",,,"0","97000.00",,,,,,,,,,,,,
"2643497",,,,,,"512GB",,"Silver",,,,,,"0.01",,,"0","24800.00",,,,,,,,,,,,,
"2643497",,,,,,"512GB",,"Black",,,,,,"0.01",,,"0","24800.00",,,,,,,,,,,,,
"2643502","Transcend ESD330C 2TB Portable SSD USB-C 10Gbps – Up to 1050MB/s","Transcend ESD330C 2TB Portable SSD USB-C 10Gbps – Up to 1050MB/s
The Transcend ESD330C 2TB Portable SSD combines ultra-fast performance with exceptional portability. Featuring a retractable USB Type-C connector, USB 10Gbps interface, and read speeds of up to 1050MB/s, it offers quick file transfers and reliable storage for photos, videos, games, and backups. Its lightweight cable-free design makes it the perfect storage companion for work, travel, and everyday use.","Storage > External SSD","Transcend",,,,,,,,,,"0.02","No","In Stock","0","82500.00",,"0.00","0.00",,"/transcend-esd330c-2tb-portable-ssd-usbc-10gbps-up-to-1050mbs","https://static3.webx.pk/files/91598/Images/5c44405f-878a-4c26-8bba-3c0dc0f0c2a7-91598-2643502-210726075909998.webp","Transcend ESD330C 2TB Portable SSD USB-C | Up to 1050MB/s | GB Tech","Buy the Transcend ESD330C 2TB Portable SSD from GB-Tech. Featuring a retractable USB Type-C connector, USB 10Gbps connectivity, up to 1050MB/s transfer speeds, reliable 3D NAND flash storage, and nationwide delivery across Pakistan.",,"N","N","Y",
"2643502",,,,,,,,,,,,,,,,,,,,,,,,"https://static3.webx.pk/files/91598/Images/rc-esd330c-feature-1-91598-2643502-200726055352368.webp",,,,,,,
"2643502",,,,,,,,,,,,,,,,,,,,,,,,"https://static3.webx.pk/files/91598/Images/rbtech-transcend-esd330c-1-91598-2643502-210726074918407.webp",,,,,,,
"2643502",,,,,,,,,,,,,,,,,,,,,,,,"https://static3.webx.pk/files/91598/Images/pp-esd330c-front-91598-2643502-210726074918447.webp",,,,,,,
"2645499","Transcend ESD360C 1TB / 2TB / 4TB EXT SSD 2000 MB/s","The Transcend ESD360C is an ultra-fast portable SSD featuring a USB 20Gbps (USB 3.2 Gen 2x2) Type-C interface, delivering read and write speeds of up to 2000MB/s. Built with premium 3D NAND flash, hardware encryption, One-Touch Auto Backup, and a compact credit-card-sized design, it's an ideal storage solution for professionals, gamers, and content creators.","Storage > External SSD","Transcend","Size","2TB",,,,,,,,"0.04","No","In Stock","0","81500.00",,"0.00","0.00",,"/transcend-esd360c-1tb-2tb-4tb-ext-ssd-2000-mbs","https://static3.webx.pk/files/91598/Images/bc085a41-7922-4680-bb57-1e5ee00124f3-91598-2645499-220726043242627.webp","Transcend ESD360C 1TB/2TB/4TB Portable SSD 2000MB/s | GB-Tech Pakistan","Buy the Transcend ESD360C Portable SSD 1TB, 2TB & 4TB from GB-Tech. Enjoy up to 2000MB/s speeds, USB 20Gbps Type-C connectivity, One-Touch Auto Backup, and nationwide delivery across Pakistan.",,"N","N","Y",
"2645499",,,,,,"1TB",,,,,,,,"0.04",,,"0","41800.00",,,,,,"https://static3.webx.pk/files/91598/Images/pp-esd360-2-removebg-preview-91598-2645499-220726043241681.webp",,,,,,,
"2645499",,,,,,"4TB",,,,,,,,"0.04",,,"0","41800.00",,,,,,"https://static3.webx.pk/files/91598/Images/pp-esd360-3-removebg-preview-91598-2645499-220726043241739.webp",,,,,,,
"2645516","Transcend ESD380C 1TB / 2TB / 4TB EXT SSD 2000 MB/s","The Transcend ESD380C is a rugged, military-green portable SSD built for professionals and outdoor users. Featuring a USB 3.2 Gen 2x2 (20Gbps) Type-C interface, premium 3D NAND flash, and blazing-fast transfer speeds of up to 2000MB/s, it combines exceptional performance with military-grade durability in a compact silicone rubber enclosure.","Storage > External SSD","Transcend","Size","1TB",,,,,,,,"0.08","No","In Stock","0","97000.00",,"0.00","0.00",,"/transcend-esd380c-1tb-2tb-4tb-ext-ssd-2000-mbs","https://static3.webx.pk/files/91598/Images/04f3f745-cec7-4331-9518-63b3606bf36e-91598-2645516-220726052810976.webp","Transcend ESD380C 1TB/2TB/4TB Portable SSD 2000MB/s | GB-Tech Pakistan","Buy the Transcend ESD380C Portable SSD 1TB, 2TB & 4TB from GB-Tech. Enjoy up to 2000MB/s speeds, rugged military-grade protection, USB 20Gbps Type-C connectivity, and nationwide delivery across Pakistan.",,"N","N","N",
"2645516",,,,,,"2TB",,,,,,,,"0.00",,,"0","97000.00",,,,,,"https://static3.webx.pk/files/91598/Images/pp-esd380c-02-removebg-preview-91598-2645516-220726052654606.webp",,,,,,,
"2645516",,,,,,"4TB",,,,,,,,"0.00",,,"0","176000.00",,,,,,"https://static3.webx.pk/files/91598/Images/pp-esd380c-01-removebg-preview-91598-2645516-220726052653559.webp",,,,,,,
"2645507","Transcend ESD410C Portable SSD (1TB / 2TB / 4TB)","The Transcend ESD410C Portable SSD delivers exceptional performance with USB 3.2 Gen 2x2 (20Gbps) connectivity and transfer speeds up to 2000MB/s. Featuring IPX5 water resistance, MIL-STD-810G 3-meter drop protection, and capacities up to 4TB, it's built for creators, professionals, and gamers.","Storage > External SSD","Transcend","Size","1TB",,,,,,,,"0.07","No","In Stock","0","53000.00",,"0.00","0.00",,"/transcend-esd410c-portable-ssd-1tb-2tb-4tb","https://static3.webx.pk/files/91598/Images/5cdebfd0-587c-4a14-be5d-9bd63b5ae147-91598-2645507-220726045443675.webp","Transcend ESD410C Portable SSD | USB 20Gbps | Up to 2000MB/s","Buy the Transcend ESD410C Portable SSD from GB-Tech with up to 2000MB/s speeds, USB 20Gbps, IPX5 water resistance, and military-grade protection. Nationwide delivery in Pakistan.",,"N","N","Y",
"2645507",,,,,,"2TB",,,,,,,,"0.07",,,"0","96800.00",,,,,,"https://static3.webx.pk/files/91598/Images/pp-esd410-2-91598-2645507-220726045453900.webp",,,,,,,
"2645507",,,,,,"4TB",,,,,,,,"0.07",,,"0","176000.00",,,,,,"https://static3.webx.pk/files/91598/Images/pp-esd410-1-91598-2645507-220726045453814.webp",,,,,,,
"2645507",,,,,,,,,,,,,,,,,,,,,,,,"https://static3.webx.pk/files/91598/Images/images-3-removebg-preview-91598-2645507-220726045453963.webp",,,,,,,
"2641179","Transcend  2TB/4TB EXT HDD TYPE C BLACK 25M3C","The Transcend StoreJet 25M3C is a rugged USB Type-C external hard drive featuring military-grade shock protection, USB 3.1 Gen 1 (5Gbps) connectivity, One-Touch Auto Backup, and both USB-C to USB-C and USB-C to USB-A cables for maximum compatibility. Ideal for securely storing and backing up your files at home, work, or on the go.","Storage > External HDD","Transcend","Size","4TB",,,,,,,,"0.29","No","In Stock","0","66000.00",,"0.00","0.00",,"/transcend-2tb4tb-ext-hdd-type-c-black-25m3c","https://static3.webx.pk/files/91598/Images/transcend-25m3c-91598-2641179-270726060427124.webp","Transcend StoreJet 25M3C 2TB/4TB USB Type-C External Hard Drive | GB-Tech Pakistan","Buy the Transcend StoreJet 25M3C 2TB & 4TB USB Type-C External Hard Drive from GB-Tech. Rugged shock protection, USB 3.1 Gen 1, One-Touch Backup, and fast portable storage with nationwide delivery in Pakistan.",,"N","N","Y",
"2641179",,,,,,"2TB",,,,,,,,"0.19",,,"0","66000.00",,,,,,"https://static3.webx.pk/files/91598/Images/transcend-25m3c-2-91598-2641179-270726060426161.webp",,,,,,,
"2641179",,,,,,,,,,,,,,,,,,,,,,,,"https://static3.webx.pk/files/91598/Images/transcend-25m3c-1-91598-2641179-270726060511484.webp",,,,,,,
"2641179",,,,,,,,,,,,,,,,,,,,,,,,"https://static3.webx.pk/files/91598/Images/transcend-25m3c-3-91598-2641179-270726060426614.webp",,,,,,,
"2648155","Transcend  4TB/8TB MY BOOK 35T3 WITH POWER ADAPTER","The WD My Book Desktop External Hard Drive provides high-capacity storage for photos, videos, documents, and system backups. Featuring USB 3.0 connectivity, password protection with 256-bit AES hardware encryption, WD Backup software support, and an external power adapter, it's an ideal storage solution for home and office users.","Storage > External HDD","Transcend","size","4TB",,,,,,,,"1.00","No","In Stock","0","0.00",,"0.00","0.00",,"/transcend-4tb8tb-my-book-35t3-with-power-adapter","https://static3.webx.pk/files/91598/Images/38189056-2544-4c4d-8762-9de34c8a9afd-91598-2648155-270726062643208.webp","WD My Book 4TB/8TB Desktop External Hard Drive | GB-Tech Pakistan","Buy the WD My Book 4TB & 8TB Desktop External Hard Drive from GB-Tech. Features USB 3.0, AES 256-bit hardware encryption, automatic backup support, and includes a power adapter. Nationwide delivery across Pakistan.",,"N","N","N",
"2648155",,,,,,"8TB",,,,,,,,"1.05",,,"0","0.00",,,,,,"https://static3.webx.pk/files/91598/Images/transcend-my-book-35t3-1-91598-2648155-270726061922514.webp",,,,,,,
"2648155",,,,,,,,,,,,,,,,,,,,,,,,"https://static3.webx.pk/files/91598/Images/transcend-my-book-35t3-91598-2648155-270726061922511.webp",,,,,,,
"2634906","Transcend 1TB EXT HDD BLACK 25M3S ","The Transcend StoreJet 25M3 1TB External Hard Drive offers reliable portable storage with military-grade shock protection and USB 3.1 Gen 1 high-speed data transfer. Featuring a rugged three-stage shock-resistant design, one-touch backup functionality, and 1TB storage capacity, it is ideal for backing up photos, videos, documents, and other important files.","Storage > External HDD","Transcend",,,,,,,,,,"0.19","No","In Stock","0","30250.00",,"0.00","0.00",,"/storage/external-hdd/1tb-ext-hdd-black-25m3s","https://static3.webx.pk/files/91598/Images/transcend-ext-hdd-black-25m3s-91598-2634906-270726054725550.webp","Transcend 1TB EXT HDD BLACK 25M3S | GB-Tech","Buy the Transcend StoreJet 25M3 1TB External Hard Drive from GB-Tech. Featuring USB 3.1 Gen 1 connectivity, military-grade shock protection, one-touch backup functionality, and nationwide delivery across Pakistan.",,"N","N","Y",
"2634906",,,,,,,,,,,,,,,,,,,,,,,,"https://static3.webx.pk/files/91598/Images/transcend-1tb-ext-hdd-black-25m3s-1-91598-2634906-270726053537961.webp",,,,,,,
"2634906",,,,,,,,,,,,,,,,,,,,,,,,"https://static3.webx.pk/files/91598/Images/transcend-1tb-ext-hdd-black-25m3s-2-91598-2634906-270726053538178.webp",,,,,,,
"2641171","Transcend 1TB/2TB/4TB EXT HDD BLUE 25H3B / PURPLE 25H3P","Protect your valuable data with the Transcend StoreJet 25H3 rugged external hard drive. Featuring military-grade shock protection, USB 3.1 Gen 1 connectivity, a One-Touch Auto Backup button, and support for Transcend Elite software, it delivers reliable portable storage for work, travel, and everyday backups.","Storage > External HDD","Transcend","Color","purple","Size","2TB",,,,,,"0.30","No","In Stock","0","63250.00",,"0.00","0.00",,"/transcend-1tb2tb4tb-ext-hdd-blue-25h3b-purple-25h3p","https://static3.webx.pk/files/91598/Images/transcend-25h3-2-91598-2641171-270726060041709.webp","Transcend StoreJet 25H3 1TB/2TB/4TB External HDD USB 3.1 | GB-Tech Pakistan","Buy the Transcend StoreJet 25H3 1TB, 2TB & 4TB External Hard Drive from GB-Tech. Rugged shock protection, USB 3.1 Gen 1, One-Touch Backup, and fast portable storage with nationwide delivery across Pakistan.",,"N","N","N",
"2641171",,,,,,"navyblue",,"1TB",,,,,,"0.30",,,"0","63250.00",,,,,,"https://static3.webx.pk/files/91598/Images/transcend-25h3-1-91598-2641171-270726060041213.webp",,,,,,,
"2641171",,,,,,"purple",,"4TB",,,,,,"0.30",,,"0","63250.00",,,,,,"https://static3.webx.pk/files/91598/Images/transcend-25h3-91598-2641171-270726060041019.webp",,,,,,,
"2641171",,,,,,"purple",,"1TB",,,,,,"0.30",,,"0","63250.00",,,,,,,,,,,,,
"2641171",,,,,,"navyblue",,"4TB",,,,,,"0.30",,,"0","63250.00",,,,,,,,,,,,,
"2641171",,,,,,"navyblue",,"2TB",,,,,,"0.30",,,"0","63250.00",,,,,,,,,,,,,
"2641143","Transcend 2TB EXT HDD BLACK 25M3S / 25M3G","The Transcend StoreJet 25M3 2TB External Hard Drive offers military-grade shock protection, USB 3.1 Gen 1 high-speed connectivity, one-touch backup functionality, and reliable portable storage for everyday data backup and file management.","Storage > External HDD","Transcend",,,,,,,,,,"0.19","No","In Stock","0","34700.00",,"0.00","0.00",,"/transcend-2tb-ext-hdd-black-25m3s-25m3g","https://static3.webx.pk/files/91598/Images/transcend-ext-hdd-black-25m3s-91598-2641143-270726054604060.webp","Transcend 2TB EXT HDD BLACK 25M3S / 25M3G | GB-Tech","Buy the Transcend StoreJet 25M3 2TB External Hard Drive from GB-Tech. Featuring military-grade shock protection, USB 3.1 Gen 1 connectivity, one-touch backup functionality, and nationwide delivery across Pakistan.",,"N","N","Y",
"2641143",,,,,,,,,,,,,,,,,,,,,,,,"https://static3.webx.pk/files/91598/Images/transcend-2tb-ext-hdd-black-25m3s-25m3g-91598-2641143-270726053926034.webp",,,,,,,
"2641143",,,,,,,,,,,,,,,,,,,,,,,,"https://static3.webx.pk/files/91598/Images/transcend-2tb-ext-hdd-black-25m3s-25m3g-2-91598-2641143-270726053926677.webp",,,,,,,
"2641147","Transcend 4TB EXT HDD BLACK 25M3S","Store and protect your valuable data with the Transcend StoreJet 25M3 4TB External Hard Drive. Featuring military-grade shock protection, USB 3.1 Gen 1 connectivity, one-touch backup, and advanced security features, it delivers reliable portable storage for work and entertainment.","Storage > External HDD","Transcend",,,,,,,,,,"0.00","No","In Stock","0","63250.00",,"0.00","0.00",,"/transcend-4tb-ext-hdd-black-25m3s","https://static3.webx.pk/files/91598/Images/transcend-ext-hdd-black-25m3s-91598-2641147-270726054538085.webp","Transcend 4TB EXT HDD BLACK 25M3S | GB-Tech","Buy the Transcend StoreJet 25M3 4TB External Hard Drive from GB-Tech. Featuring military-grade shock protection, USB 3.1 Gen 1 connectivity, one-touch backup functionality, and nationwide delivery across Pakistan.",,"N","N","Y",
"2641147",,,,,,,,,,,,,,,,,,,,,,,,"https://static3.webx.pk/files/91598/Images/transcend-4tb-ext-hdd-black-25m3s-91598-2641147-270726054038349.webp",,,,,,,
"2647520","Transcend microSDXC 340S Memory Card (128GB / 256GB)","Store more and transfer faster with the Transcend microSDXC 340S Memory Card, available in 128GB and 256GB capacities. Featuring UHS-I U3, V30, and A2 ratings, it delivers high-speed performance for 4K video recording, smartphones, tablets, drones, action cameras, Nintendo Switch, and portable gaming devices.","Storage > Memory Cards","Transcend","Size","256GB",,,,,,,,"0.00","No","In Stock","0","16000.00",,"0.00","0.00",,"/transcend-microsdxc-340s-memory-card-128gb-256gb","https://static3.webx.pk/files/91598/Images/af5f992d-b798-44c6-a289-1d9fc851db97-91598-2647520-250726095506550.webp","Buy Transcend microSDXC 340S 128GB/256GB Memory Card | GB-Tech Pakistan","Buy the Transcend microSDXC 340S Memory Card from GB-Tech, available in 128GB and 256GB capacities. Enjoy up to 160MB/s transfer speeds, A2, U3 & V30 performance, and nationwide delivery across Pakistan.",,"N","N","Y",
"2647520",,,,,,"128GB",,,,,,,,"0.00",,,"0","9800.00",,,,,,"https://static3.webx.pk/files/91598/Images/ts128gusd340s-blank-media-33042515099812-removebg-preview-91598-2647520-250726095447275.webp",,,,,,,
"2647520",,,,,,,,,,,,,,,,,,,,,,,,"https://static3.webx.pk/files/91598/Images/transcend-128gb-microsd-memory-card-price-in-pakistan-pakbyt-91598-2647520-250726095446778.webp",,,,,,,
"2640663","XPG PRIME ARGB Dual 8-Pin PCIe Extension Cable","Buy the XPG PRIME ARGB Dual 8-Pin PCIe Extension Cable at GB TECH Pakistan. Ultra-dense optical fiber sleeving, vibrant ARGB lighting, motherboard RGB sync, dual 8-pin PCIe extension cables, and premium 16 AWG construction.","Cables & Connectivity > PSU Extension Cable","XPG",,,,,,,,,,"0.00","No","In Stock","0","7500.00",,"0.00","0.00",,"/xpg-prime-argb-dual-8pin-pcie-extension-cable","https://static3.webx.pk/files/91598/Images/xpg-prime-argb-dual-8-pin-pcie-extension-cable-91598-2640663-280726111851527.webp","XPG PRIME ARGB Dual 8-Pin PCIe Extension Cable | GB TECH Pakistan","Buy the XPG PRIME ARGB Dual 8-Pin PCIe Extension Cable at GB TECH Pakistan. Ultra-dense optical fiber sleeving, vibrant ARGB lighting, motherboard RGB sync, dual 8-pin PCIe extension cables, and premium 16 AWG construction.",,"N","N","Y",
"2640663",,,,,,,,,,,,,,,,,,,,,,,,"https://static3.webx.pk/files/91598/Images/xpg-prime-argb-vga-3-510x510-91598-0-180726115250495.webp",,,,,,,
"2640663",,,,,,,,,,,,,,,,,,,,,,,,"https://static3.webx.pk/files/91598/Images/xpg-prime-argb-vga-4-510x510-91598-0-180726115250343.webp",,,,,,,
"2640663",,,,,,,,,,,,,,,,,,,,,,,,"https://static3.webx.pk/files/91598/Images/xpg-prime-argb-vga-2-510x510-91598-0-180726115251163.webp",,,,,,,
"2640663",,,,,,,,,,,,,,,,,,,,,,,,"https://static3.webx.pk/files/91598/Images/xpg-prime-argb-vga-510x510-91598-0-180726115251319.webp",,,,,,,
"2650582","PXN CB1 Sim Racing Button Box for PC","Take complete control of your racing and simulation games with the PXN CB1 Button Box. Featuring 30 programmable controls, customizable RGB lighting, USB plug-and-play connectivity, and versatile mounting options, it is the perfect addition to any PC sim racing, truck, or farming simulator setup.","Accessories","PXN",,,,,,,,,,"0.54","No","In Stock","0","30000.00",,"0.00","0.00",,"/pxn-cb1-sim-racing-button-box-for-pc","https://static3.webx.pk/files/91598/Images/pxn-cb1-2-91598-2650582-300726042224047.webp","PXN CB1 Sim Racing Button Box for PC | GB-Tech Pakistan","Buy the PXN CB1 Sim Racing Button Box from GB-Tech with nationwide delivery in Pakistan. Features 30 programmable controls, RGB lighting, USB plug-and-play connectivity, and versatile mounting options for PC simulation gaming.",,"N","N","Y",
"2650582",,,,,,,,,,,,,,,,,,,,,,,,"https://static3.webx.pk/files/91598/Images/pxn-cb1-removebg-preview-91598-2650582-300726042146685.webp",,,,,,,
"2650582",,,,,,,,,,,,,,,,,,,,,,,,"https://static3.webx.pk/files/91598/Images/pxn-cb1-1-91598-2650582-300726042146627.webp",,,,,,,
"2650625","PXN-008 Wired Arcade Fight Stick for PC, PlayStation, Xbox & Nintendo Switch","Enjoy authentic arcade gameplay with the PXN-008 Arcade Fight Stick. Featuring an 8-direction joystick, responsive arcade buttons, Turbo and Macro functions, joystick mode switching, and multi-platform compatibility, it's built for fighting and arcade games.","Accessories","PXN",,,,,,,,,,"1.20","No","In Stock","0","20000.00",,"0.00","0.00",,"/pxn008-wired-arcade-fight-stick-for-pc-playstation-xbox-nintendo-switch","https://static3.webx.pk/files/91598/Images/pxn-008-2-91598-2650625-300726050241060.webp","PXN-008 Wired Arcade Fight Stick for PC & Consoles | GB-Tech Pakistan","Buy the PXN-008 Wired Arcade Fight Stick from GB-Tech with nationwide delivery in Pakistan. Features an 8-direction joystick, Turbo & Macro support, USB plug-and-play connectivity, and compatibility with PC, PlayStation, Xbox, and Nintendo Switch.",,"N","N","Y",
"2650625",,,,,,,,,,,,,,,,,,,,,,,,"https://static3.webx.pk/files/91598/Images/pxn-008-1-removebg-preview-91598-2650625-300726045916095.webp",,,,,,,
"2650625",,,,,,,,,,,,,,,,,,,,,,,,"https://static3.webx.pk/files/91598/Images/pxn-008-removebg-preview-91598-2650625-300726045915949.webp",,,,,,,
"2650619","PXN-0082 Wired Arcade Fight Stick for PC, PlayStation, Xbox & Nintendo Switch","Experience authentic arcade-style gameplay with the PXN-0082 Wired Arcade Stick. Featuring an 8-direction joystick, 8 responsive action buttons, Turbo and Macro functions, and broad multi-platform compatibility, it's ideal for fighting, arcade, and retro games.","Accessories","PXN",,,,,,,,,,"0.72","No","In Stock","0","18500.00",,"0.00","0.00",,"/pxn0082-wired-arcade-fight-stick-for-pc-playstation-xbox-nintendo-switch","https://static3.webx.pk/files/91598/Images/pxn-0082-2-91598-2650619-300726043423128.webp","PXN-0082 Wired Arcade Fight Stick for PC & Consoles | GB-Tech Pakistan","Buy the PXN-0082 Wired Arcade Fight Stick from GB-Tech with nationwide delivery in Pakistan. Features an 8-direction joystick, Turbo & Macro functions, USB plug-and-play connectivity, and multi-platform compatibility for arcade and fighting games.",,"N","N","Y",
"2650619",,,,,,,,,,,,,,,,,,,,,,,,"https://static3.webx.pk/files/91598/Images/pxn-0082-removebg-preview-91598-2650619-300726043325051.webp",,,,,,,
"2650619",,,,,,,,,,,,,,,,,,,,,,,,"https://static3.webx.pk/files/91598/Images/pxn-0082-1-removebg-preview-91598-2650619-300726043325253.webp",,,,,,,
"2651176","PXN-HB S USB Sim Racing Handbrake","Enhance your sim racing setup with the PXN-HB S USB Racing Handbrake. Designed for Windows PC, it features a durable all-metal construction, high-precision linear sensing, adjustable lever angle, force and stroke, making it ideal for drifting, rally, and simulation racing.","Accessories","PXN",,,,,,,,,,"0.90","No","In Stock","0","22000.00",,"0.00","0.00",,"/pxnhb-s-usb-sim-racing-handbrake","https://static3.webx.pk/files/91598/Images/pxn-hb2-4-91598-2651176-310726102506841.webp","PXN-HB S USB Sim Racing Handbrake | GB-Tech Pakistan","Buy the PXN-HB S USB Sim Racing Handbrake from GB-Tech Pakistan. Featuring an all-metal design, adjustable angle, force and stroke, and precise analog braking for sim racing. Nationwide delivery across Pakistan.",,"N","N","Y",
"2651176",,,,,,,,,,,,,,,,,,,,,,,,"https://static3.webx.pk/files/91598/Images/pxn-hbs-2-removebg-preview-91598-2651176-310726102420077.webp",,,,,,,
"2651176",,,,,,,,,,,,,,,,,,,,,,,,"https://static3.webx.pk/files/91598/Images/pxn-hbs-3-removebg-preview-91598-2651176-310726102420171.webp",,,,,,,
"2651176",,,,,,,,,,,,,,,,,,,,,,,,"https://static3.webx.pk/files/91598/Images/pxn-hbs-1-91598-2651176-310726102431357.webp",,,,,,,
"2651181","PXN-N7 PS4 & PS5 Racing Wheel & Joystick Adapter","Connect compatible PXN racing wheels and flight joysticks to your PlayStation 4 or PlayStation 5 with the PXN-N7 USB Adapter. Designed for supported PXN peripherals, it provides a simple plug-and-play solution for console gaming.","Accessories","PXN",,,,,,,,,,"0.04","No","In Stock","0","6500.00",,"0.00","0.00",,"/pxnn7-ps4-ps5-racing-wheel-joystick-adapter","https://static3.webx.pk/files/91598/Images/pxn-n7-2-91598-2651181-310726103703978.webp","PXN-N7 PS4 & PS5 Racing Wheel Adapter | GB-Tech Pakistan","Buy the PXN-N7 PS4 & PS5 Racing Wheel & Joystick Adapter from GB-Tech Pakistan. Compatible with selected PXN racing wheels and flight joysticks, featuring plug-and-play USB connectivity and nationwide delivery across Pakistan.",,"N","N","Y",
"2651181",,,,,,,,,,,,,,,,,,,,,,,,"https://static3.webx.pk/files/91598/Images/pxn-n7-removebg-preview-91598-2651181-310726103634956.webp",,,,,,,
"2651181",,,,,,,,,,,,,,,,,,,,,,,,"https://static3.webx.pk/files/91598/Images/pxn-n7-1-removebg-preview-91598-2651181-310726103634971.webp",,,,,,,
"2651163","PXN-PD HM Clutch Sim Racing Pedal","Complete your sim racing setup with the PXN-PD HM Clutch, an all-metal Hall-effect clutch pedal designed for the PXN PD HM pedal system. Featuring adjustable pedal angle and travel, precision magnetic sensing, and durable construction, it delivers a realistic manual driving experience for PC racing simulators.","Accessories","PXN",,,,,,,,,,"0.95","No","In Stock","0","12000.00",,"0.00","0.00",,"/pxnpd-hm-clutch-sim-racing-pedal","https://static3.webx.pk/files/91598/Images/pxn-pdhm-clutch-91598-2651163-310726101139721.webp","PXN-PD HM Clutch Sim Racing Pedal | GB-Tech Pakistan","Buy the PXN-PD HM Clutch Sim Racing Pedal from GB-Tech Pakistan. Featuring a Hall-effect magnetic sensor, all-metal construction, adjustable pedal angle and height, and compatibility with PXN PD HM pedal systems. Nationwide delivery across Pakistan.",,"N","N","Y",
"2651163",,,,,,,,,,,,,,,,,,,,,,,,"https://static3.webx.pk/files/91598/Images/pxn-pd-hm-clutch-1-removebg-preview-91598-2651163-310726101052300.webp",,,,,,,
"2651163",,,,,,,,,,,,,,,,,,,,,,,,"https://static3.webx.pk/files/91598/Images/pxn-pd-hm-clutch-removebg-preview-91598-2651163-310726101052282.webp",,,,,,,
"2650659","PXN-X9 Wired Arcade Fight Stick for PC, PlayStation, Xbox & Nintendo Switch","The PXN-X9 Arcade Fight Stick is a premium arcade controller designed for fighting and arcade games. It features an 8-direction joystick, Turbo and Macro functions, customizable button mapping, RGB lighting, and broad multi-platform compatibility for competitive gameplay.","Accessories","PXN",,,,,,,,,,"3.32","No","In Stock","0","65000.00",,"0.00","0.00",,"/pxnx9-wired-arcade-fight-stick-for-pc-playstation-xbox-nintendo-switch","https://static3.webx.pk/files/91598/Images/pxn-x9-3-91598-2650659-300726053032261.webp","PXN-X9 Premium Arcade Fight Stick for PC & Consoles | GB-Tech Pakistan","Buy the PXN-X9 Premium Arcade Fight Stick from GB-Tech with nationwide delivery in Pakistan. Features RGB LED lighting, Turbo & Macro functions, customizable controls, USB connectivity, and compatibility with PC, PlayStation, Xbox, and Nintendo Switch.",,"N","N","Y",
"2650659",,,,,,,,,,,,,,,,,,,,,,,,"https://static3.webx.pk/files/91598/Images/pxn-x9-removebg-preview-91598-2650659-300726052841196.webp",,,,,,,
"2650659",,,,,,,,,,,,,,,,,,,,,,,,"https://static3.webx.pk/files/91598/Images/pxn-x9-1-removebg-preview-91598-2650659-300726052842136.webp",,,,,,,
"2650659",,,,,,,,,,,,,,,,,,,,,,,,"https://static3.webx.pk/files/91598/Images/pxn-x9-2-removebg-preview-91598-2650659-300726052841838.webp",,,,,,,
"2657633","Thermalright LGA1700-BCF CPU Bending Corrector Frame","Thermalright LGA1700-BCF Bending Corrector Frame is a precision CNC-machined aluminum frame designed for Intel LGA1700 processors. It helps reduce CPU bending caused by uneven socket mounting pressure, improving CPU-to-cooler contact and supporting more consistent thermal performance.","Accessories","Thermalright",,,,,,,,,,"0.02","No","In Stock","0","1500.00",,"0.00","0.00",,"/thermalright-lga1700bcf-cpu-bending-corrector-frame","https://static3.webx.pk/files/91598/Images/thermalright-lga1700-bcf-cpu-bending-corrector-frame-3-91598-2657633-110826084334627.webp","Thermalright LGA1700-BCF Bending Corrector Frame | GB-Tech","Buy Thermalright LGA1700-BCF Bending Corrector Frame at GB-Tech. CNC aluminum CPU contact frame for Intel LGA1700 platforms, designed to reduce CPU bending and improve cooler contact. Nationwide delivery in Pakistan.",,"N","N","Y",
"2657633",,,,,,,,,,,,,,,,,,,,,,,,"https://static3.webx.pk/files/91598/Images/thermalright-lga1700-bcf-cpu-bending-corrector-frame-removeb-91598-2657633-110826084257836.webp",,,,,,,
"2657633",,,,,,,,,,,,,,,,,,,,,,,,"https://static3.webx.pk/files/91598/Images/thermalright-lga1700-bcf-cpu-bending-corrector-frame-1-remov-91598-2657633-110826084257833.webp",,,,,,,
"2657633",,,,,,,,,,,,,,,,,,,,,,,,"https://static3.webx.pk/files/91598/Images/thermalright-lga1700-bcf-cpu-bending-corrector-frame-2-91598-2657633-110826084301276.webp",,,,,,,
"2647676","Transcend HUB2C 4-Port USB 3.1 Gen 1 Type-C Hub","Expand your USB Type-C device with the Transcend HUB2C. Featuring four USB 3.1 Gen 1 Type-A ports, SuperSpeed 5Gbps data transfer, plug-and-play functionality, and a slim portable design, it's ideal for laptops, tablets, smartphones, and other USB-C devices.","Accessories","Transcend",,,,,,,,,,"0.03","No","In Stock","0","4850.00",,"0.00","0.00",,"/transcend-hub2c-4port-usb-31-gen-1-typec-hub","https://static3.webx.pk/files/91598/Images/transcend-hub2c-2-91598-2647676-020826114746971.webp","Transcend HUB2C 4-Port USB Type-C Hub Price in Pakistan | GB-Tech","Buy the Transcend HUB2C 4-Port USB Type-C Hub from GB-Tech. Enjoy SuperSpeed 5Gbps data transfer, four USB Type-A ports, plug-and-play convenience, and nationwide delivery across Pakistan.",,"N","N","Y",
"2647676",,,,,,,,,,,,,,,,,,,,,,,,"https://static3.webx.pk/files/91598/Images/transcend-hub2c-1-91598-2647676-020826114545780.webp",,,,,,,
"2647676",,,,,,,,,,,,,,,,,,,,,,,,"https://static3.webx.pk/files/91598/Images/transcend-hub2c-91598-2647676-020826114546014.webp",,,,,,,
"2647673","Transcend HUB2K 4-Port USB 3.1 Gen 1 SuperSpeed USB Hub","Expand a single USB port into four high-speed USB 3.1 Gen 1 ports with the Transcend HUB2K. Featuring plug-and-play functionality, bus-powered operation, and a slim portable design, it is an ideal accessory for laptops, desktops, and ultrabooks requiring additional USB connectivity.","Accessories","Transcend",,,,,,,,,,"0.03","No","In Stock","0","4700.00",,"0.00","0.00",,"/transcend-hub2k-4port-usb-31-gen-1-superspeed-usb-hub","https://static3.webx.pk/files/91598/Images/transcend-hub2k-91598-2647673-020826111947730.webp","Transcend HUB2K 4-Port USB 3.1 Gen 1 Hub Price in Pakistan | GB-Tech","Buy the Transcend HUB2K 4-Port USB 3.1 Gen 1 Hub from GB-Tech. Enjoy SuperSpeed 5Gbps data transfer, four USB ports, compact portability, and nationwide delivery across Pakistan.",,"N","N","Y",
"2647673",,,,,,,,,,,,,,,,,,,,,,,,"https://static3.webx.pk/files/91598/Images/transcend-hub2k-1-91598-2647673-020826111810577.webp",,,,,,,
"2647673",,,,,,,,,,,,,,,,,,,,,,,,"https://static3.webx.pk/files/91598/Images/transcend-hub2k-2-91598-2647673-020826111810584.webp",,,,,,,
"2647674","Transcend HUB3K 4-Port USB 3.1 Gen 1 Hub with Power Adapter","Expand your computer's connectivity with the Transcend HUB3K. Featuring four USB 3.1 Gen 1 ports, a dedicated power adapter for stable performance, USB Battery Charging support, and data transfer speeds up to 5Gbps, it's ideal for connecting multiple USB devices while providing reliable power delivery.","Accessories","Transcend",,,,,,,,,,"0.04","No","In Stock","0","7900.00",,"0.00","0.00",,"/transcend-hub3k-4port-usb-31-gen-1-hub-with-power-adapter","https://static3.webx.pk/files/91598/Images/transcend-hub3k-2-91598-2647674-020826112638926.webp","Transcend HUB3K 4-Port USB 3.1 Gen 1 Hub with Power Adapter Price in Pakistan | GB-Tech","Buy the Transcend HUB3K 4-Port USB 3.1 Gen 1 Hub with Power Adapter from GB-Tech. Enjoy 5Gbps SuperSpeed data transfer, fast charging support, stable external power, and nationwide delivery across Pakistan.",,"N","N","Y",
"2647674",,,,,,,,,,,,,,,,,,,,,,,,"https://static3.webx.pk/files/91598/Images/transcend-hub3k-removebg-preview-91598-2647674-020826112644823.webp",,,,,,,
"2647674",,,,,,,,,,,,,,,,,,,,,,,,"https://static3.webx.pk/files/91598/Images/transcend-hub3k-1-removebg-preview-91598-2647674-020826112644984.webp",,,,,,,
"2647695","Transcend HUB5C 6-in-1 USB Type-C Hub with Power Delivery","Expand your USB-C device with the Transcend HUB5C 6-in-1 Hub. Featuring USB 3.1 Gen 2 (10Gbps), dual USB-A ports, SD and microSD card readers, a USB-C data port, and 60W USB Power Delivery pass-through charging, it's the ideal all-in-one connectivity solution for laptops, MacBooks, tablets, and USB-C smartphones.","Accessories","Transcend",,,,,,,,,,"0.05","No","In Stock","0","10200.00",,"0.00","0.00",,"/transcend-hub5c-6in1-usb-typec-hub-with-power-delivery","https://static3.webx.pk/files/91598/Images/transcend-hub5c-2-91598-2647695-020826115110205.webp","Transcend HUB5C 6-in-1 USB Type-C Hub Price in Pakistan | GB-Tech","Buy the Transcend HUB5C 6-in-1 USB Type-C Hub from GB-Tech. Enjoy 10Gbps USB 3.1 Gen 2 performance, 60W Power Delivery, SD and microSD card readers, and nationwide delivery across Pakistan.",,"N","N","Y",
"2647695",,,,,,,,,,,,,,,,,,,,,,,,"https://static3.webx.pk/files/91598/Images/transcend-hub5c-1-91598-2647695-020826114953343.webp",,,,,,,
"2647695",,,,,,,,,,,,,,,,,,,,,,,,"https://static3.webx.pk/files/91598/Images/transcend-hub5c-91598-2647695-020826114953797.webp",,,,,,,
"2648042","Transcend RDC8K USB Type-C SD & microSD Card Reader","The Transcend RDC8K is a compact USB 3.1 Gen 1 Type-C card reader supporting SDXC/SDHC UHS-I, microSDXC/microSDHC UHS-I, and CompactFlash cards. Designed for modern USB-C laptops, it offers fast and reliable file transfers.","Accessories","Transcend",,,,,,,,,,"0.03","No","In Stock","0","4800.00",,"0.00","0.00",,"/transcend-rdc8k-usb-typec-sd-microsd-card-reader","https://static3.webx.pk/files/91598/Images/transcend-rdc8k-2-91598-2648042-020826121646965.webp","Buy Transcend RDC8K USB Type-C Card Reader | GB-Tech Pakistan","Buy the Transcend RDC8K USB Type-C card reader from GB-Tech. Supports SDXC, SDHC, microSDXC, microSDHC, and CompactFlash cards with fast USB 3.1 Gen 1 performance. Nationwide delivery across Pakistan.",,"N","N","Y",
"2648042",,,,,,,,,,,,,,,,,,,,,,,,"https://static3.webx.pk/files/91598/Images/transcend-rdc8k-1-91598-2648042-020826121615130.webp",,,,,,,
"2648042",,,,,,,,,,,,,,,,,,,,,,,,"https://static3.webx.pk/files/91598/Images/transcend-rdc8k-91598-2648042-020826121615342.webp",,,,,,,
"2647707","Transcend RDF5K USB 3.1 Gen 1 SDHC/SDXC & microSDHC/SDXC Card Reader","Transfer photos, videos, and files quickly with the Transcend RDF5K USB card reader. Featuring a USB 3.1 Gen 1 interface, dual SD and microSD card slots, and support for UHS-I memory cards, it offers fast, convenient data transfer for cameras, smartphones, drones, and other devices.","Accessories","Transcend",,,,,,,,,,"0.02","No","In Stock","0","2400.00",,"0.00","0.00",,"/transcend-rdf5k-usb-31-gen-1-sdhcsdxc-microsdhcsdxc-card-reader","https://static3.webx.pk/files/91598/Images/transcend-rdf5k-2-91598-2647707-020826115550857.webp","Transcend RDF5K USB 3.1 SD & microSD Card Reader Price in Pakistan | GB-Tech","Buy the Transcend RDF5K USB 3.1 Gen 1 SD & microSD Card Reader from GB-Tech. Enjoy fast UHS-I file transfers, dual card slots, plug-and-play convenience, and nationwide delivery across Pakistan.",,"N","N","Y",
"2647707",,,,,,,,,,,,,,,,,,,,,,,,"https://static3.webx.pk/files/91598/Images/transcend-rdf5k-91598-2647707-020826115406974.webp",,,,,,,
"2647707",,,,,,,,,,,,,,,,,,,,,,,,"https://static3.webx.pk/files/91598/Images/transcend-rdf5k-91598-2647707-020826115407079.webp",,,,,,,
"2647723","Transcend RDF5W USB 3.1 Gen 1 SDHC/SDXC & microSDHC/SDXC Card Reader (White)","Transfer photos, videos, and files quickly with the Transcend RDF5W USB card reader. Featuring a USB 3.1 Gen 1 interface, dual SD and microSD card slots, and support for UHS-I memory cards, this compact white card reader delivers fast, reliable data transfer for cameras, smartphones, drones, and other devices.","Accessories","Transcend",,,,,,,,,,"0.02","No","In Stock","0","2400.00",,"0.00","0.00",,"/transcend-rdf5w-usb-31-gen-1-sdhcsdxc-microsdhcsdxc-card-reader-white","https://static3.webx.pk/files/91598/Images/transcend-rdf5w-2-91598-2647723-020826120942854.webp","Transcend RDF5W USB 3.1 SD & microSD Card Reader White Price in Pakistan | GB-Tech","Buy the Transcend RDF5W White USB 3.1 Gen 1 SD & microSD Card Reader from GB-Tech. Enjoy fast UHS-I file transfers, dual card slots, compact portability, and nationwide delivery across Pakistan.",,"N","N","Y",
"2647723",,,,,,,,,,,,,,,,,,,,,,,,"https://static3.webx.pk/files/91598/Images/transcend-rdf5w-1-91598-2647723-020826115846083.webp",,,,,,,
"2647723",,,,,,,,,,,,,,,,,,,,,,,,"https://static3.webx.pk/files/91598/Images/transcend-rdf5w-91598-2647723-020826115846093.webp",,,,,,,
"2647975","Transcend RDF8K USB 3.1 Gen 1 Multi Card Reader for SDXC/SDHC UHS-I, microSDXC/SDHC","The Transcend RDF8K Card Reader is a high-speed USB 3.1 Gen 1 multi-card reader designed for photographers, videographers, and professionals. It supports SDXC/SDHC UHS-I, microSDXC/microSDHC UHS-I, and CompactFlash (UDMA7) memory cards, delivering fast and reliable file transfers. Its compact design, LED activity indicator, and included USB cable make it an ideal companion for desktops and laptops.","Accessories","Transcend",,,,,,,,,,"0.03","No","In Stock","0","4700.00",,"0.00","0.00",,"/transcend-rdf8k-usb-31-gen-1-multi-card-reader-for-sdxcsdhc-uhsi-microsdxcsdhc","https://static3.webx.pk/files/91598/Images/transcend-rdf8k-2-91598-2647975-020826120245925.webp","Buy Transcend RDF8K USB 3.1 Multi Card Reader | GB-Tech Pakistan","Buy the Transcend RDF8K USB 3.1 Gen 1 multi card reader from GB-Tech. Supports SDXC, SDHC, microSDXC, microSDHC and CompactFlash cards with fast data transfer. Nationwide delivery across Pakistan.",,"N","N","Y",
"2647975",,,,,,,,,,,,,,,,,,,,,,,,"https://static3.webx.pk/files/91598/Images/transcend-rdf8k-91598-2647975-020826120133303.webp",,,,,,,
"2647975",,,,,,,,,,,,,,,,,,,,,,,,"https://static3.webx.pk/files/91598/Images/transcend-rdf8k-1-91598-2647975-020826120133076.webp",,,,,,,
"2647978","Transcend RDF9K USB 3.1 UHS-II SD Card Reader","The Transcend RDF9K is a high-speed USB 3.1 Gen 1 card reader supporting SDXC/SDHC UHS-II & UHS-I, microSDXC/microSDHC UHS-I, and CompactFlash cards. With transfer speeds up to 260MB/s, it's ideal for fast photo and video file transfers.","Accessories","Transcend",,,,,,,,,,"0.03","No","In Stock","0","5300.00",,"0.00","0.00",,"/transcend-rdf9k-usb-31-uhsii-sd-card-reader","https://static3.webx.pk/files/91598/Images/transcend-rdf9k-2-91598-2647978-020826121334460.webp","Buy Transcend RDF9K UHS-II USB 3.1 Card Reader | GB-Tech Pakistan","Buy the Transcend RDF9K UHS-II USB 3.1 Gen 1 card reader from GB-Tech. Supports SDXC/SDHC UHS-II, microSD, and CompactFlash cards with transfer speeds up to 260MB/s. Nationwide delivery across Pakistan.",,"N","N","Y",
"2647978",,,,,,,,,,,,,,,,,,,,,,,,"https://static3.webx.pk/files/91598/Images/transcend-rdf9k-1-91598-2647978-020826121302650.webp",,,,,,,
"2647978",,,,,,,,,,,,,,,,,,,,,,,,"https://static3.webx.pk/files/91598/Images/transcend-rdf9k-91598-2647978-020826121308660.webp",,,,,,,
"2648043","Transcend Slim Portable DVD Writer (TS8XDVDS-K / TS8XDVDS-W).","The Transcend Slim Portable DVD Writer is an ultra-slim external optical drive designed for laptops and desktops without built-in DVD drives. It supports DVD and CD reading/writing, USB-powered operation, and plug-and-play functionality, making it ideal for software installation, media playback, and data backup.","Accessories","Transcend",,,,,,,,,,"0.26","No","In Stock","0","0.00",,"0.00","0.00",,"/transcend-slim-portable-dvd-writer-ts8xdvdsk-ts8xdvdsw","https://static3.webx.pk/files/91598/Images/transcend-slim-portable-dvd-writer-3-91598-2648043-020826121923129.webp","Transcend Slim Portable DVD Writer USB External Optical Drive | GB-Tech Pakistan","Buy the Transcend Slim Portable DVD Writer from GB-Tech. Ultra-slim USB-powered external DVD/CD writer with 8X DVD burning, plug-and-play support, and nationwide delivery across Pakistan.",,"N","N","Y",
"2648043",,,,,,,,,,,,,,,,,,,,,,,,"https://static3.webx.pk/files/91598/Images/transcend-slim-portable-dvd-writer-1-91598-2648043-020826121908623.webp",,,,,,,
"2648043",,,,,,,,,,,,,,,,,,,,,,,,"https://static3.webx.pk/files/91598/Images/transcend-slim-portable-dvd-writer-2-91598-2648043-020826121909213.webp",,,,,,,
"2648043",,,,,,,,,,,,,,,,,,,,,,,,"https://static3.webx.pk/files/91598/Images/transcend-slim-portable-dvd-writer-91598-2648043-020826121908631.webp",,,,,,,
"2648044","Transcend StoreJet 25S3 SATA Case for SSD/HDD USB 3.0 (Metal)","The Transcend StoreJet 25S3 is a premium aluminum external enclosure for 2.5-inch SATA SSDs and HDDs. Featuring a USB 3.1 Gen 1 (USB 3.0 compatible) interface with UASP support, it delivers fast data transfers while its durable metal housing provides excellent protection and heat dissipation. It is ideal for converting an internal 2.5-inch SATA drive into portable external storage.","Accessories","Transcend",,,,,,,,,,"0.09","No","In Stock","0","5300.00",,"0.00","0.00",,"/transcend-storejet-25s3-sata-case-for-ssdhdd-usb-30-metal","https://static3.webx.pk/files/91598/Images/transcend-storejet-25s3-3-91598-2648044-020826122218886.webp","Transcend StoreJet 25S3 SATA SSD/HDD USB 3.0 Metal Enclosure | GB-Tech Pakistan","Buy the Transcend StoreJet 25S3 SATA SSD/HDD USB 3.0 Metal Enclosure from GB-Tech. Premium aluminum external case with UASP support for fast data transfer and reliable protection, with nationwide delivery across Pakistan.",,"N","N","Y",
"2648044",,,,,,,,,,,,,,,,,,,,,,,,"https://static3.webx.pk/files/91598/Images/transcend-storejet-25s3-2-91598-2648044-020826122136753.webp",,,,,,,
"2648044",,,,,,,,,,,,,,,,,,,,,,,,"https://static3.webx.pk/files/91598/Images/transcend-storejet-25s3-1-91598-2648044-020826122136847.webp",,,,,,,
"2648044",,,,,,,,,,,,,,,,,,,,,,,,"https://static3.webx.pk/files/91598/Images/transcend-storejet-25s3-91598-2648044-020826122252854.webp",,,,,,,
"2648116","ASUS ROG Eye S Full HD Streaming Webcam","A compact, foldable webcam built for serious streamers, the ROG Eye S delivers Full HD 1080p video at a fluid 60 fps — double the frame rate of conventional webcams — with AI-powered, noise-canceling beamforming microphones for crystal-clear audio. Its 5MP sensor also supports 1944p at 30 fps for higher-resolution capture, and folding to just 17mm thin, it slips easily into a pocket while still attaching instantly to any laptop.","Accessories > Web Cam","ASUS",,,,,,,,,,"0.10","No","In Stock","0","17800.00",,"0.00","0.00",,"/uncategorized/asus-rog-eye-s-full-hd-streaming-webcam","https://static3.webx.pk/files/91598/Images/3d38cc5f-fbac-4a05-8d36-46d9a764de98-91598-2648116-270726065503041.webp","ASUS ROG Eye S Full HD 60fps Streaming Webcam","Buy ASUS ROG Eye S webcam at GB Tec — 1080p 60fps, AI noise-canceling mics, compact foldable design for streaming. Nationwide delivery across Pakistan.",,"N","N","Y",
"2648116",,,,,,,,,,,,,,,,,,,,,,,,"https://static3.webx.pk/files/91598/Images/h732-2-91598-0-270726060410933.webp",,,,,,,
"2648116",,,,,,,,,,,,,,,,,,,,,,,,"https://static3.webx.pk/files/91598/Images/h732-4-91598-0-270726060411697.webp",,,,,,,
"2648116",,,,,,,,,,,,,,,,,,,,,,,,"https://static3.webx.pk/files/91598/Images/h732-3-91598-0-270726060410942.webp",,,,,,,
"2648116",,,,,,,,,,,,,,,,,,,,,,,,"https://static3.webx.pk/files/91598/Images/h732-1-91598-0-270726060413684.webp",,,,,,,
"2648117","ASUS ROG Herculx Graphics Card Holder — White (XH01)","An award-winning anti-sag solution for heavy modern GPUs, the ROG Herculx White Edition uses a freestanding, PCIe-slot-free design to support graphics cards from 72mm to 128mm in height. Toolless installation, a built-in spirit level, and Aura Sync-compatible 3D ARGB lighting combine practical protection with a clean, minimalist aesthetic perfect for white-themed builds. Winner of both the iF Design Award 2024 and Red Dot Product Design Award 2022.","Accessories > VGA Stand","ASUS",,,,,,,,,,"0.17","No","In Stock","0","15000.00",,"0.00","0.00",,"/asus-rog-herculx-graphics-card-holder-white-xh01","https://static3.webx.pk/files/91598/Images/161bc92f-5740-4c99-b3e2-dfe693e9e88e-91598-0-270726062116582.webp","ASUS ROG Herculx GPU Holder White XH01","Buy ASUS ROG Herculx White graphics card holder at GB Tec — anti-sag support, toolless install, Aura Sync ARGB. Nationwide delivery across Pakistan.",,"N","N","Y",
"2648117",,,,,,,,,,,,,,,,,,,,,,,,"https://static3.webx.pk/files/91598/Images/asus-rog-herculx-white-gpu-holder-price-in-pakistan-junaidte-91598-0-270726062134186.webp",,,,,,,
"2652329","ASUS ROG Carnyx Professional Cardioid Condenser Gaming Microphone (C501)","A studio-grade USB microphone built for streamers, gamers, and podcasters, the ROG Carnyx pairs a 25mm condenser capsule with a 192 kHz/24-bit sampling rate for rich, detailed voice capture. A built-in pop filter, metal shock mount, and high-pass filter deliver clean, professional recordings, while a one-touch mute button, multi-functional control knob, and Aura Sync RGB lighting round out a mic designed for both performance and style.","Accessories > Microphone","ASUS",,,,,,,,,,"0.63","No","In Stock","0","49000.00",,"0.00","0.00",,"/asus-rog-carnyx-professional-cardioid-condenser-gaming-microphone-c501","https://static3.webx.pk/files/91598/Images/asus-rog-carnyx-professional-cardioid-condenser-gaming-micro-91598-0-020826084853146.webp","ASUS ROG Carnyx C501 USB Condenser Microphone","Buy ASUS ROG Carnyx C501 USB microphone at GB Tec — 25mm capsule, 192kHz/24-bit audio, Aura Sync RGB for streaming. Nationwide delivery across Pakistan.",,"N","N","Y",
"2652329",,,,,,,,,,,,,,,,,,,,,,,,"https://static3.webx.pk/files/91598/Images/rbtech-asus-rog-carnyx-c501-1-510x510-91598-0-020826084833103.webp",,,,,,,
"2652329",,,,,,,,,,,,,,,,,,,,,,,,"https://static3.webx.pk/files/91598/Images/rbtech-asus-rog-carnyx-c501-510x510-91598-0-020826084832979.webp",,,,,,,
"2647501","ASUS ProArt Display PA278CGV 27"" QHD 144Hz USB-C Professional Monitor","Combining creative color accuracy with high-refresh-rate performance, the ProArt PA278CGV pairs 95% DCI-P3 coverage and Calman Verified ΔE < 2 accuracy with a smooth 144Hz refresh rate and FreeSync Premium. A 90W USB-C port, VESA DisplayHDR 400, and eco-friendly construction with 85% recycled plastics make it a versatile pick for creators who also want fluid on-screen motion.","LED Monitors","ASUS",,,,,,,,,,"8.50","No","In Stock","0","165000.00",,"0.00","0.00",,"/asus-proart-display-pa278cgv-27-qhd-144hz-usbc-professional-monitor","https://static3.webx.pk/files/91598/Images/873e2d11-38b5-405b-bbe3-33b28be18ab1-91598-0-250726083948431.webp","ASUS ProArt PA278CGV 27"" QHD 144Hz USB-C Monitor","Buy ASUS ProArt PA278CGV 27"" QHD 144Hz USB-C monitor at GB Tec — 95% DCI-P3, Calman Verified, 90W power delivery for creators. Nationwide delivery across Pakistan.",,"N","N","Y",
"2647501",,,,,,,,,,,,,,,,,,,,,,,,"https://static3.webx.pk/files/91598/Images/fwebp-2-91598-0-250726083919245.webp",,,,,,,
"2647501",,,,,,,,,,,,,,,,,,,,,,,,"https://static3.webx.pk/files/91598/Images/fwebp-3-91598-0-250726083919243.webp",,,,,,,
"2647501",,,,,,,,,,,,,,,,,,,,,,,,"https://static3.webx.pk/files/91598/Images/fwebp-4-91598-0-250726083919518.webp",,,,,,,
"2647501",,,,,,,,,,,,,,,,,,,,,,,,"https://static3.webx.pk/files/91598/Images/fwebp-1-91598-0-250726083920825.webp",,,,,,,
"2647501",,,,,,,,,,,,,,,,,,,,,,,,"https://static3.webx.pk/files/91598/Images/fwebp-91598-0-250726083921122.webp",,,,,,,
"2647498","ASUS ProArt Display PA278CV 27"" QHD Professional Monitor — USB-C","A step up from the PA278QV, the ProArt PA278CV adds USB-C connectivity with 65W power delivery and DisplayPort daisy-chaining, alongside the same Calman Verified, factory-calibrated color accuracy. Built for photo, video, and design professionals, its 100% sRGB and Rec. 709 coverage plus DCI-P3 support make color-critical work reliable and consistent.","LED Monitors","ASUS",,,,,,,,,,"8.70","No","In Stock","0","135000.00",,"0.00","0.00",,"/asus-proart-display-pa278cv-27-qhd-professional-monitor-usbc","https://static3.webx.pk/files/91598/Images/e8c3bae4-8fbf-47db-ba05-0161abc6d915-91598-2647498-250726083114826.webp","ASUS ProArt PA278CV 27"" QHD USB-C Monitor","Buy ASUS ProArt PA278CV 27"" QHD USB-C monitor at GB Tec — Calman Verified, 100% sRGB, 65W power delivery for creative pros. Nationwide delivery across Pakistan.",,"N","N","Y",
"2647498",,,,,,,,,,,,,,,,,,,,,,,,"https://static3.webx.pk/files/91598/Images/fwebp-1-91598-0-250726083020762.webp",,,,,,,
"2647498",,,,,,,,,,,,,,,,,,,,,,,,"https://static3.webx.pk/files/91598/Images/fwebp-91598-0-250726083020773.webp",,,,,,,
"2647498",,,,,,,,,,,,,,,,,,,,,,,,"https://static3.webx.pk/files/91598/Images/fwebp-2-91598-0-250726083020765.webp",,,,,,,
"2647497","ASUS ProArt Display PA278QV 27"" QHD Professional Monitor","Designed for creative professionals, the ProArt PA278QV delivers Calman Verified color accuracy (ΔE < 2) with full 100% sRGB and 100% Rec. 709 coverage on a 27-inch QHD IPS panel. Extensive connectivity, a frameless design, and a fully ergonomic stand make it a reliable choice for photo editing, video work, and graphic design.","LED Monitors","ASUS",,,,,,,,,,"7.56","No","In Stock","0","105000.00",,"0.00","0.00",,"/asus-proart-display-pa278qv-27-qhd-professional-monitor","https://static3.webx.pk/files/91598/Images/daae86c2-ecc5-4c73-9e38-f62c986081f4-91598-2647497-250726082746393.webp","ASUS ProArt PA278QV 27"" QHD Professional Monitor","Buy ASUS ProArt PA278QV 27"" QHD professional monitor at GB Tec — Calman Verified, 100% sRGB, factory-calibrated color accuracy. Nationwide delivery across Pakistan.",,"N","N","Y",
"2647497",,,,,,,,,,,,,,,,,,,,,,,,"https://static3.webx.pk/files/91598/Images/cpfe3u3vel4fvw0s-setting-xxx-0-90-end-800-91598-0-250726082628765.webp",,,,,,,
"2647497",,,,,,,,,,,,,,,,,,,,,,,,"https://static3.webx.pk/files/91598/Images/aahfduawvgph4f3j-setting-xxx-0-90-end-800-91598-0-250726082629021.webp",,,,,,,
"2647497",,,,,,,,,,,,,,,,,,,,,,,,"https://static3.webx.pk/files/91598/Images/10wg0xisvuwpsuyb-setting-xxx-0-90-end-800-91598-0-250726082629741.webp",,,,,,,
"2647497",,,,,,,,,,,,,,,,,,,,,,,,"https://static3.webx.pk/files/91598/Images/pqaqirssqcmlqufo-setting-xxx-0-90-end-800-91598-0-250726082631000.webp",,,,,,,
"2647497",,,,,,,,,,,,,,,,,,,,,,,,"https://static3.webx.pk/files/91598/Images/lsrhnprlt6ygoryg-setting-xxx-0-90-end-800-91598-0-250726082631558.webp",,,,,,,
"2647497",,,,,,,,,,,,,,,,,,,,,,,,"https://static3.webx.pk/files/91598/Images/ipdwstoa00r8cwqz-setting-xxx-0-90-end-800-91598-0-250726082632151.webp",,,,,,,
"2647499","ASUS ProArt Display PA278QV Gen 2 (PA278QGV) 27"" QHD 120Hz Professional Monitor","The second-generation ProArt PA278QV brings a major upgrade over its predecessor: 95% DCI-P3 coverage, HDR10 support, and a smooth 120Hz variable refresh rate — all while retaining Calman Verified, factory-calibrated ΔE < 2 color accuracy. Its new ASUS Light Sync solution with an ambient light sensor automatically adjusts color gamut to match your room, making it a strong choice for creators who move between mixed lighting environments.","LED Monitors","ASUS",,,,,,,,,,"6.40","No","In Stock","0","125000.00",,"0.00","0.00",,"/asus-proart-display-pa278qv-gen-2-pa278qgv-27-qhd-120hz-professional-monitor","https://static3.webx.pk/files/91598/Images/df58fc4c-a5a0-4f64-9f0e-9c2acf22bb11-91598-2647499-250726083717149.webp","ASUS ProArt PA278QGV 27"" QHD 120Hz Monitor","Buy ASUS ProArt PA278QGV 27"" QHD 120Hz monitor at GB Tec — 95% DCI-P3, HDR10, Calman Verified color accuracy for creators. Nationwide delivery across Pakistan.",,"N","N","Y",
"2647499",,,,,,,,,,,,,,,,,,,,,,,,"https://static3.webx.pk/files/91598/Images/fwebp-5-91598-0-250726083450753.webp",,,,,,,
"2647499",,,,,,,,,,,,,,,,,,,,,,,,"https://static3.webx.pk/files/91598/Images/fwebp-4-91598-0-250726083450760.webp",,,,,,,
"2647499",,,,,,,,,,,,,,,,,,,,,,,,"https://static3.webx.pk/files/91598/Images/fwebp-3-91598-0-250726083451013.webp",,,,,,,
"2647499",,,,,,,,,,,,,,,,,,,,,,,,"https://static3.webx.pk/files/91598/Images/fwebp-1-91598-0-250726083452334.webp",,,,,,,
"2647499",,,,,,,,,,,,,,,,,,,,,,,,"https://static3.webx.pk/files/91598/Images/fwebp-2-91598-0-250726083452129.webp",,,,,,,
"2647499",,,,,,,,,,,,,,,,,,,,,,,,"https://static3.webx.pk/files/91598/Images/fwebp-91598-0-250726083452579.webp",,,,,,,
"2647504","ASUS ProArt Display PA279CV 27"" 4K UHD HDR Professional Monitor — USB-C","A 4K step up in the ProArt lineup, the PA279CV delivers 3840x2160 resolution with four times the pixel density of Full HD, giving creative professionals sharper visuals and significantly more onscreen workspace. Calman Verified factory calibration, 100% sRGB/Rec. 709 coverage, HDR10 support, and USB-C with 65W power delivery round out a well-equipped 4K workstation display.","LED Monitors","ASUS",,,,,,,,,,"8.60","No","In Stock","0","170000.00",,"0.00","0.00",,"/asus-proart-display-pa279cv-27-4k-uhd-hdr-professional-monitor-usbc","https://static3.webx.pk/files/91598/Images/cb846002-e317-453b-b00d-1ea6e5110e03-91598-2647504-250726084446386.webp","ASUS ProArt PA279CV 27"" 4K UHD USB-C Monitor","Buy ASUS ProArt PA279CV 27"" 4K UHD USB-C monitor at GB Tec — Calman Verified, 100% sRGB, HDR10, 65W power delivery. Nationwide delivery across Pakistan.",,"N","N","Y",
"2647504",,,,,,,,,,,,,,,,,,,,,,,,"https://static3.webx.pk/files/91598/Images/of7kqi8y397lc5yx-setting-xxx-0-90-end-800-91598-0-250726084345050.webp",,,,,,,
"2647504",,,,,,,,,,,,,,,,,,,,,,,,"https://static3.webx.pk/files/91598/Images/vzxha9i54an5oujv-setting-xxx-0-90-end-800-91598-0-250726084345178.webp",,,,,,,
"2647504",,,,,,,,,,,,,,,,,,,,,,,,"https://static3.webx.pk/files/91598/Images/0mdbtb1xrk2umjzv-setting-xxx-0-90-end-800-91598-0-250726084345943.webp",,,,,,,
"2647504",,,,,,,,,,,,,,,,,,,,,,,,"https://static3.webx.pk/files/91598/Images/6ord313w7i1aadqh-setting-xxx-0-90-end-800-91598-0-250726084347815.webp",,,,,,,
"2647504",,,,,,,,,,,,,,,,,,,,,,,,"https://static3.webx.pk/files/91598/Images/vbix8bxyatkzctly-setting-xxx-0-90-end-800-91598-0-250726084347756.webp",,,,,,,
"2647511","ASUS ProArt Display PA328QV 32"" (31.5"" viewable) QHD Professional Monitor","Bringing ProArt's signature color accuracy to a larger 31.5-inch canvas, the PA328QV delivers 100% sRGB and Rec. 709 coverage with Calman Verified, factory-calibrated ΔE < 2 precision. HDR10 support, rich connectivity, and a fully ergonomic stand make it a comfortable, accurate workstation display for photo, video, and design professionals who want extra screen real estate.","LED Monitors","ASUS",,,,,,,,,,"11.50","No","In Stock","0","165000.00",,"0.00","0.00",,"/asus-proart-display-pa328qv-32-315-viewable-qhd-professional-monitor","https://static3.webx.pk/files/91598/Images/2d8104c0-c495-4595-bf17-057006e4f21d-91598-0-250726085639583.webp","ASUS ProArt PA328QV 32"" QHD Professional Monitor","Buy ASUS ProArt PA328QV 32"" QHD professional monitor at GB Tec — Calman Verified, 100% sRGB, HDR10 for creative pros. Nationwide delivery across Pakistan.",,"N","N","Y",
"2647511",,,,,,,,,,,,,,,,,,,,,,,,"https://static3.webx.pk/files/91598/Images/fwebp-5-91598-0-250726085554250.webp",,,,,,,
"2647511",,,,,,,,,,,,,,,,,,,,,,,,"https://static3.webx.pk/files/91598/Images/fwebp-4-91598-0-250726085554247.webp",,,,,,,
"2647511",,,,,,,,,,,,,,,,,,,,,,,,"https://static3.webx.pk/files/91598/Images/fwebp-3-91598-0-250726085554500.webp",,,,,,,
"2647511",,,,,,,,,,,,,,,,,,,,,,,,"https://static3.webx.pk/files/91598/Images/fwebp-1-91598-0-250726085555703.webp",,,,,,,
"2647511",,,,,,,,,,,,,,,,,,,,,,,,"https://static3.webx.pk/files/91598/Images/fwebp-91598-0-250726085556174.webp",,,,,,,
"2647511",,,,,,,,,,,,,,,,,,,,,,,,"https://static3.webx.pk/files/91598/Images/fwebp-2-91598-0-250726085555838.webp",,,,,,,
"2647516","ASUS ProArt Display PA329CRV 32"" (31.5"" Viewable) 4K UHD HDR Professional Monitor — USB-C, Daisy-Chain","Redesigned to be 33% smaller and 30% slimmer than its predecessor, the ProArt PA329CRV pairs 98% DCI-P3 coverage with Calman Verified color accuracy in a space-saving frame with razor-thin bezels. USB-C with 96W power delivery, DisplayPort daisy-chaining, and a compact ergonomic stand make it ideal for multi-monitor creative workstations.","LED Monitors","ASUS",,,,,,,,,,"9.90","No","In Stock","0","250000.00",,"0.00","0.00",,"/asus-proart-display-pa329crv-32-315-viewable-4k-uhd-hdr-professional-monitor-usbc-daisycha","https://static3.webx.pk/files/91598/Images/094630fc-c72c-4a41-8f7d-fc4a63946aa0-91598-2647516-250726090621441.webp","ASUS ProArt PA329CRV 32"" 4K UHD Daisy-Chain Monitor","Buy ASUS ProArt PA329CRV 32"" 4K UHD monitor at GB Tec — 98% DCI-P3, Calman Verified, USB-C 96W, daisy-chain design. Nationwide delivery across Pakistan.",,"N","N","Y",
"2647516",,,,,,,,,,,,,,,,,,,,,,,,"https://static3.webx.pk/files/91598/Images/fwebp-4-91598-0-250726090502659.webp",,,,,,,
"2647516",,,,,,,,,,,,,,,,,,,,,,,,"https://static3.webx.pk/files/91598/Images/fwebp-3-91598-0-250726090502868.webp",,,,,,,
"2647516",,,,,,,,,,,,,,,,,,,,,,,,"https://static3.webx.pk/files/91598/Images/fwebp-5-91598-0-250726090503055.webp",,,,,,,
"2647516",,,,,,,,,,,,,,,,,,,,,,,,"https://static3.webx.pk/files/91598/Images/fwebp-2-91598-0-250726090503930.webp",,,,,,,
"2647516",,,,,,,,,,,,,,,,,,,,,,,,"https://static3.webx.pk/files/91598/Images/fwebp-1-91598-0-250726090504299.webp",,,,,,,
"2647516",,,,,,,,,,,,,,,,,,,,,,,,"https://static3.webx.pk/files/91598/Images/fwebp-91598-0-250726090504803.webp",,,,,,,
"2647513","ASUS ProArt Display PA329CV 32"" 4K UHD HDR Professional Monitor — USB-C, C-clamp","A larger 32-inch step up in the ProArt 4K lineup, the PA329CV pairs Calman Verified color accuracy with a space-saving C-clamp mount that frees up desk space. With 100% sRGB/Rec. 709 coverage, VESA DisplayHDR 400 certification, and USB-C with 90W power delivery, it's built for creative professionals who want a bigger 4K canvas without sacrificing color precision.","LED Monitors","ASUS",,,,,,,,,,"12.60","No","In Stock","0","235000.00",,"0.00","0.00",,"/asus-proart-display-pa329cv-32-4k-uhd-hdr-professional-monitor-usbc-cclamp","https://static3.webx.pk/files/91598/Images/0edf640c-a013-4ff2-a36b-47d606de8442-91598-0-250726090028424.webp","ASUS ProArt PA329CV 32"" 4K UHD USB-C Monitor","Buy ASUS ProArt PA329CV 32"" 4K UHD USB-C monitor at GB Tec — Calman Verified, 100% sRGB, HDR400, C-clamp design. Nationwide delivery across Pakistan.",,"N","N","Y",
"2647513",,,,,,,,,,,,,,,,,,,,,,,,"https://static3.webx.pk/files/91598/Images/fwebp-5-91598-0-250726085949862.webp",,,,,,,
"2647513",,,,,,,,,,,,,,,,,,,,,,,,"https://static3.webx.pk/files/91598/Images/fwebp-6-91598-0-250726085949874.webp",,,,,,,
"2647513",,,,,,,,,,,,,,,,,,,,,,,,"https://static3.webx.pk/files/91598/Images/fwebp-4-91598-0-250726085950108.webp",,,,,,,
"2647513",,,,,,,,,,,,,,,,,,,,,,,,"https://static3.webx.pk/files/91598/Images/fwebp-3-91598-0-250726085951154.webp",,,,,,,
"2647513",,,,,,,,,,,,,,,,,,,,,,,,"https://static3.webx.pk/files/91598/Images/fwebp-2-91598-0-250726085951342.webp",,,,,,,
"2647513",,,,,,,,,,,,,,,,,,,,,,,,"https://static3.webx.pk/files/91598/Images/fwebp-1-91598-0-250726085951800.webp",,,,,,,
"2647513",,,,,,,,,,,,,,,,,,,,,,,,"https://static3.webx.pk/files/91598/Images/fwebp-91598-0-250726085952405.webp",,,,,,,
"2647494","ASUS ROG Strix XG27ACMS 27"" QHD Fast IPS Gaming Monitor — 320Hz","A premium 1440p esports monitor, the ROG Strix XG27ACMS delivers an ultrafast 320Hz overclocked refresh rate with 0.3ms response time, backed by G-SYNC Compatible certification, ELMB Sync, and 10-bit color with 94% DCI-P3 coverage. USB-C with 15W power delivery and a compact, ergonomic stand with phone holder round out a monitor built for serious competitive play without giving up visual quality.","LED Monitors","ASUS",,,,,,,,,,"6.52","No","In Stock","0","125000.00",,"0.00","0.00",,"/asus-rog-strix-xg27acms-27-qhd-fast-ips-gaming-monitor-320hz","https://static3.webx.pk/files/91598/Images/331d5a32-9fc8-46d0-b2a8-b4228740f18a-91598-0-250726082110278.webp","ASUS ROG Strix XG27ACMS 320Hz QHD Gaming Monitor","Buy ASUS ROG Strix XG27ACMS 27"" 320Hz QHD Fast IPS monitor at GB Tec — G-SYNC, USB-C, HDR400 for elite esports gaming. Nationwide delivery across Pakistan.",,"N","N","Y",
"2647494",,,,,,,,,,,,,,,,,,,,,,,,"https://static3.webx.pk/files/91598/Images/h732-91598-0-250726082052203.webp",,,,,,,
"2647494",,,,,,,,,,,,,,,,,,,,,,,,"https://static3.webx.pk/files/91598/Images/h732-2-91598-0-250726082050163.webp",,,,,,,
"2647494",,,,,,,,,,,,,,,,,,,,,,,,"https://static3.webx.pk/files/91598/Images/h732-3-91598-0-250726082049946.webp",,,,,,,
"2647494",,,,,,,,,,,,,,,,,,,,,,,,"https://static3.webx.pk/files/91598/Images/h732-4-91598-0-250726082050202.webp",,,,,,,
"2647494",,,,,,,,,,,,,,,,,,,,,,,,"https://static3.webx.pk/files/91598/Images/h732-1-91598-0-250726082052064.webp",,,,,,,
"2647507","ASUS ROG Strix XG32WCMS 31.5"" QHD Curved Fast VA Gaming Monitor — 280Hz","A large curved gaming monitor built for immersion, the ROG Strix XG32WCMS pairs a 1500R curved Fast VA panel with a native 280Hz refresh rate and 1ms response time. With 95% DCI-P3 color, VESA DisplayHDR 400, AMD FreeSync Premium, and USB-C connectivity, it's designed for gamers who want a bigger canvas without sacrificing speed.","LED Monitors","ASUS",,,,,,,,,,"9.40","No","In Stock","0","158000.00",,"0.00","0.00",,"/asus-rog-strix-xg32wcms-315-qhd-curved-fast-va-gaming-monitor-280hz","https://static3.webx.pk/files/91598/Images/c25286a1-13f5-4eda-9500-6d6bd8131d66-91598-0-250726085022595.webp","ASUS ROG Strix XG32WCMS 280Hz Curved Gaming Monitor","Buy ASUS ROG Strix XG32WCMS 31.5"" 280Hz curved QHD monitor at GB Tec — FreeSync Premium, HDR400, USB-C for immersive gaming. Nationwide delivery across Pakistan.",,"N","N","Y",
"2647507",,,,,,,,,,,,,,,,,,,,,,,,"https://static3.webx.pk/files/91598/Images/h732-2-91598-0-250726084731312.webp",,,,,,,
"2647507",,,,,,,,,,,,,,,,,,,,,,,,"https://static3.webx.pk/files/91598/Images/h732-4-91598-0-250726084731635.webp",,,,,,,
"2647507",,,,,,,,,,,,,,,,,,,,,,,,"https://static3.webx.pk/files/91598/Images/h732-3-91598-0-250726084731525.webp",,,,,,,
"2647507",,,,,,,,,,,,,,,,,,,,,,,,"https://static3.webx.pk/files/91598/Images/h732-1-91598-0-250726084733506.webp",,,,,,,
"2647507",,,,,,,,,,,,,,,,,,,,,,,,"https://static3.webx.pk/files/91598/Images/h732-91598-0-250726084733505.webp",,,,,,,
"2647461","ASUS TUF Gaming VG259QMRL5A 24.5"" Full HD Fast IPS Gaming Monitor","Built for competitive gamers, the TUF Gaming VG259QMRL5A pushes a 24.5-inch Fast IPS panel to a blistering 310Hz overclocked refresh rate with 0.3ms response time. With G-SYNC compatibility, AMD FreeSync Premium, ELMB Sync, and VESA DisplayHDR 400, it's engineered to eliminate tearing and motion blur so every frame counts.","LED Monitors","ASUS",,,,,,,,,,"4.90","No","In Stock","0","62000.00",,"0.00","0.00",,"/asus-tuf-gaming-vg259qmrl5a-245-full-hd-fast-ips-gaming-monitor","https://static3.webx.pk/files/91598/Images/3ea42548-3a30-4239-aba4-eff06bce2be4-91598-2647461-250726080715215.webp","ASUS TUF Gaming VG259QMRL5A 310Hz Gaming Monitor","Buy ASUS TUF Gaming VG259QMRL5A 24.5"" 310Hz Fast IPS monitor at GB Tec — G-SYNC, FreeSync Premium, HDR400 for esports-grade gaming. Nationwide delivery across Pakistan.",,"N","N","Y",
"2647461",,,,,,,,,,,,,,,,,,,,,,,,"https://static3.webx.pk/files/91598/Images/fwebp-2-91598-0-250726080540362.webp",,,,,,,
"2647461",,,,,,,,,,,,,,,,,,,,,,,,"https://static3.webx.pk/files/91598/Images/fwebp-3-91598-0-250726080540348.webp",,,,,,,
"2647461",,,,,,,,,,,,,,,,,,,,,,,,"https://static3.webx.pk/files/91598/Images/fwebp-1-91598-0-250726080540351.webp",,,,,,,
"2647461",,,,,,,,,,,,,,,,,,,,,,,,"https://static3.webx.pk/files/91598/Images/fwebp-91598-0-250726080541856.webp",,,,,,,
"2647493","ASUS TUF Gaming VG279Q5R 27"" Full HD Fast IPS Gaming Monitor — 200Hz","A 27-inch step up from the VG259 series, the TUF Gaming VG279Q5R pairs a Fast IPS panel with a 200Hz refresh rate and 0.3ms (min.) response time for smooth, tear-free competitive gaming. With FreeSync Premium, ELMB, HDR10, and built-in stereo speakers, it's a well-rounded choice for gamers who want a larger screen without sacrificing speed.","LED Monitors","ASUS",,,,,,,,,,"0.00","No","In Stock","0","52000.00",,"0.00","0.00",,"/asus-tuf-gaming-vg279q5r-27-full-hd-fast-ips-gaming-monitor-200hz","https://static3.webx.pk/files/91598/Images/e97c989b-cacf-4c9b-910b-6e1ff406d6c0-91598-0-250726081710659.webp","ASUS TUF Gaming VG279Q5R 200Hz Gaming Monitor","Buy ASUS TUF Gaming VG279Q5R 27"" 200Hz Fast IPS monitor at GB Tec — FreeSync Premium, ELMB, HDR10 for smooth, tear-free gaming. Nationwide delivery across Pakistan.",,"N","N","Y",
"2646549","ASUS ZenScreen MB166CR Portable USB Monitor — 15.6"" Full HD IPS","A slim, lightweight companion for life on the go, the ZenScreen MB166CR delivers a 15.6-inch Full HD IPS display powered entirely through a single USB-C cable. With a built-in 360° kickstand, tripod socket, and TÜV-certified eye care technology, it's built for professionals and students who need a reliable second screen anywhere they work.","LED Monitors","ASUS",,,,,,,,,,"0.78","No","In Stock","0","59000.00",,"0.00","0.00",,"/asus-zenscreen-mb166cr-portable-usb-monitor-156-full-hd-ips","https://static3.webx.pk/files/91598/Images/dee93c39-4b61-4f39-ab99-e0addaf9b466-91598-2646549-240726121402476.webp","ASUS ZenScreen MB166CR 15.6"" Portable Monitor","Buy ASUS ZenScreen MB166CR 15.6"" Full HD portable monitor at GB Tec — USB-C single cable, eye care tech, 360° kickstand. Nationwide delivery across Pakistan.",,"N","N","Y",
"2646549",,,,,,,,,,,,,,,,,,,,,,,,"https://static3.webx.pk/files/91598/Images/fwebp-91598-0-240726120654847.webp",,,,,,,
"2646549",,,,,,,,,,,,,,,,,,,,,,,,"https://static3.webx.pk/files/91598/Images/fwebp-2-91598-0-240726120653264.webp",,,,,,,
"2646549",,,,,,,,,,,,,,,,,,,,,,,,"https://static3.webx.pk/files/91598/Images/fwebp-3-91598-0-240726120653242.webp",,,,,,,
"2646549",,,,,,,,,,,,,,,,,,,,,,,,"https://static3.webx.pk/files/91598/Images/fwebp-4-91598-0-240726120653229.webp",,,,,,,
"2646549",,,,,,,,,,,,,,,,,,,,,,,,"https://static3.webx.pk/files/91598/Images/fwebp-1-91598-0-240726120654779.webp",,,,,,,
"2646549",,,,,,,,,,,,,,,,,,,,,,,,"https://static3.webx.pk/files/91598/Images/comfort-91598-0-240726120655236.webp",,,,,,,
"2646552","ASUS ZenScreen MB16ACV Portable USB Monitor — 15.6"" Full HD IPS","A hybrid-signal portable monitor that works with almost any laptop, the ZenScreen MB16ACV delivers a slim, anti-glare Full HD IPS display over a single USB-C cable, with USB-A compatibility available too. Its antibacterial ionic silver treatment, TÜV-certified eye care, and fold-out kickstand make it a practical, health-conscious choice for professionals working on the go.","LED Monitors","ASUS",,,,,,,,,,"0.90","No","In Stock","0","80000.00",,"0.00","0.00",,"/asus-zenscreen-mb16acv-portable-usb-monitor-156-full-hd-ips","https://static3.webx.pk/files/91598/Images/8bcf1b45-1eea-4fc9-af66-7301edae480f-91598-2646552-240726122752667.webp","ASUS ZenScreen MB16ACV 15.6"" Portable Monitor","Buy ASUS ZenScreen MB16ACV 15.6"" Full HD portable monitor at GB Tec — hybrid USB-C/USB-A, antibacterial design, eye care tech. Nationwide delivery across Pakistan.",,"N","N","Y",
"2646552",,,,,,,,,,,,,,,,,,,,,,,,"https://static3.webx.pk/files/91598/Images/fwebp-3-91598-0-240726122546053.webp",,,,,,,
"2646552",,,,,,,,,,,,,,,,,,,,,,,,"https://static3.webx.pk/files/91598/Images/fwebp-1-91598-0-240726122546035.webp",,,,,,,
"2646552",,,,,,,,,,,,,,,,,,,,,,,,"https://static3.webx.pk/files/91598/Images/fwebp-2-91598-0-240726122545825.webp",,,,,,,
"2646552",,,,,,,,,,,,,,,,,,,,,,,,"https://static3.webx.pk/files/91598/Images/fwebp-91598-0-240726122547672.webp",,,,,,,
"2659064","Thermalright TR TROFEO VISION 9.16 LCD IPS (Black / White)","Thermalright Trofeo Vision 9.16-inch IPS LCD secondary display with 1920×480 resolution, USB Type-C connectivity, and a slim magnetic design for PC monitoring and customization.","LED Monitors","Thermalright","Variants","Black",,,,,,,,"0.00","No","In Stock","0","17000.00",,"0.00","0.00",,"/thermalright-tr-trofeo-vision-916-lcd-ips-black-white","https://static3.webx.pk/files/91598/Images/thermalright-tr-trofeo-vision-9.16-lcd-ips-6-91598-2659064-130826092734636.webp","Thermalright Trofeo Vision 9.16 LCD IPS | GB-Tech Pakistan","Buy Thermalright Trofeo Vision 9.16 LCD IPS with 1920×480 resolution and USB Type-C at GB-Tech. Available in Black and White with nationwide delivery in Pakistan.",,"N","N","Y",
"2659064",,,,,,"White",,,,,,,,"0.00",,,"0","17000.00",,,,,,"https://static3.webx.pk/files/91598/Images/thermalright-tr-trofeo-vision-9.16-lcd-ips-1-91598-2659064-130826092725151.webp",,,,,,,
"2659064",,,,,,,,,,,,,,,,,,,,,,,,"https://static3.webx.pk/files/91598/Images/thermalright-tr-trofeo-vision-9.16-lcd-ips-removebg-preview-91598-2659064-130826092715229.webp",,,,,,,
"2659064",,,,,,,,,,,,,,,,,,,,,,,,"https://static3.webx.pk/files/91598/Images/thermalright-tr-trofeo-vision-9.16-lcd-ips-2-removebg-previe-91598-2659064-130826092719520.webp",,,,,,,
"2659064",,,,,,,,,,,,,,,,,,,,,,,,"https://static3.webx.pk/files/91598/Images/thermalright-tr-trofeo-vision-9.16-lcd-ips-3-removebg-previe-91598-2659064-130826092719553.webp",,,,,,,
"2659064",,,,,,,,,,,,,,,,,,,,,,,,"https://static3.webx.pk/files/91598/Images/thermalright-tr-trofeo-vision-9.16-lcd-ips-4-removebg-previe-91598-2659064-130826092725314.webp",,,,,,,
"2654075","ASUS NUC 15 Performance Barebone Kit — Intel Core Ultra 9 275HX + NVIDIA GeForce RTX 5070 (NUC15JNK9X40000)","Packing an Intel Core Ultra 9 275HX processor and a discrete NVIDIA GeForce RTX 5070 laptop GPU into a compact 3-liter chassis, the ASUS NUC 15 Performance delivers desktop-class gaming and AI performance in a genuinely small footprint. Triple-fan cooling with dual vapor chambers keeps things quiet even under heavy load, while Wi-Fi 7, Thunderbolt 4, and support for five 4K displays make it a versatile barebone kit for gaming, content creation, and demanding AI workloads.","MINI PC","ASUS",,,,,,,,,,"3.12","No","In Stock","0","825000.00",,"0.00","0.00",,"/mini-pc/asus-nuc-15-performance-barebone-kit-intel-core-ultra-9-275hx-nvidia-geforce-rtx-5070-nuc15jnk9x4000","https://static3.webx.pk/files/91598/Images/asus-nuc-15-performance-barebone-kit-91598-2654075-050826074905174.webp","ASUS NUC 15 Performance Ultra 9 RTX 5070 Barebone","Buy ASUS NUC 15 Performance barebone (Core Ultra 9 275HX + RTX 5070) at GB Tec — Wi-Fi 7, Thunderbolt 4, compact gaming PC. Nationwide delivery across Pakistan.",,"N","N","Y",
"2654075",,,,,,,,,,,,,,,,,,,,,,,,"https://static3.webx.pk/files/91598/Images/h732-6-91598-0-050826074701623.webp",,,,,,,
"2654075",,,,,,,,,,,,,,,,,,,,,,,,"https://static3.webx.pk/files/91598/Images/h732-5-91598-0-050826074701419.webp",,,,,,,
"2654075",,,,,,,,,,,,,,,,,,,,,,,,"https://static3.webx.pk/files/91598/Images/h732-4-91598-0-050826074701207.webp",,,,,,,
"2654075",,,,,,,,,,,,,,,,,,,,,,,,"https://static3.webx.pk/files/91598/Images/h732-1-91598-0-050826074704360.webp",,,,,,,
"2654075",,,,,,,,,,,,,,,,,,,,,,,,"https://static3.webx.pk/files/91598/Images/h732-2-91598-0-050826074704598.webp",,,,,,,
"2654075",,,,,,,,,,,,,,,,,,,,,,,,"https://static3.webx.pk/files/91598/Images/h732-3-91598-0-050826074704852.webp",,,,,,,
"2654075",,,,,,,,,,,,,,,,,,,,,,,,"https://static3.webx.pk/files/91598/Images/h732-91598-0-050826074707772.webp",,,,,,,
"2654074","ASUS NUC 15 Pro Mini PC — Intel Core Ultra 7 255H (NUC15CRKU700000I)","A genuinely compact AI-ready mini PC, the ASUS NUC 15 Pro packs the Intel Core Ultra 7 255H processor and Intel Arc GPU into a footprint smaller than a paperback book. With up to 97 TOPS of AI performance for agentic AI applications, dual Thunderbolt 4 ports, Wi-Fi 7, and support for up to 96GB of DDR5 memory, it delivers desktop-class productivity and edge-computing power in a scratch-resistant, matte-finish chassis built for 24/7 reliable operation.","MINI PC","ASUS",,,,,,,,,,"0.51","No","In Stock","0","300000.00",,"0.00","0.00",,"/asus-nuc-15-pro-mini-pc-intel-core-ultra-7-255h-nuc15crku700000i","https://static3.webx.pk/files/91598/Images/asus-nuc-15-pro-core-ultra-7-255h-mini-pc-91598-2654074-050826074337254.webp","ASUS NUC 15 Pro Core Ultra 7 255H Mini PC","Buy ASUS NUC 15 Pro Mini PC (Core Ultra 7 255H) at GB Tec — Wi-Fi 7, dual Thunderbolt 4, 97 TOPS AI. Nationwide delivery across Pakistan.",,"N","N","Y",
"2654074",,,,,,,,,,,,,,,,,,,,,,,,"https://static3.webx.pk/files/91598/Images/fwebp-2-91598-0-050826073957923.webp",,,,,,,
"2654074",,,,,,,,,,,,,,,,,,,,,,,,"https://static3.webx.pk/files/91598/Images/fwebp-3-91598-0-050826073957672.webp",,,,,,,
"2654074",,,,,,,,,,,,,,,,,,,,,,,,"https://static3.webx.pk/files/91598/Images/fwebp-4-91598-0-050826073958171.webp",,,,,,,
"2654074",,,,,,,,,,,,,,,,,,,,,,,,"https://static3.webx.pk/files/91598/Images/fwebp-91598-0-050826074001284.webp",,,,,,,
"2654074",,,,,,,,,,,,,,,,,,,,,,,,"https://static3.webx.pk/files/91598/Images/fwebp-1-91598-0-050826074000941.webp",,,,,,,
